y_true,y_pred,score,sex,race
0,0,0.066406,Male,Two or more
0,0,0.048162,Male,Asian
0,0,0.093487,Female,White
0,0,0.180137,Male,Black
0,1,0.903284,Male,White
0,0,0.108096,Male,Black
0,0,0.423744,Male,White
0,0,0.047821,Male,Other
0,0,0.026856,Female,White
0,0,0.179974,Female,White
0,1,0.661592,Male,White
0,0,0.247647,Male,White
0,0,0.137755,Female,White
1,0,0.435567,Male,Black
0,1,0.925780,Female,Black
0,0,0.069780,Male,White
0,0,0.167658,Female,White
0,0,0.039705,Female,Two or more
0,0,0.192985,Female,White
0,0,0.015082,Female,NHPI
0,0,0.093012,Female,White
0,0,0.032109,Male,White
0,0,0.010783,Female,White
0,0,0.053595,Male,Black
0,0,0.094713,Female,White
0,1,0.739787,Male,Other
1,1,0.957482,Female,White
0,0,0.249006,Male,White
0,0,0.037153,Female,Asian
0,0,0.046824,Male,White
0,0,0.050805,Male,White
0,1,0.802093,Male,Black
0,0,0.218317,Male,White
0,0,0.238644,Male,Asian
0,0,0.459267,Male,Asian
0,0,0.205610,Male,White
0,0,0.205015,Male,Other
0,0,0.044791,Male,Other
0,1,0.739787,Male,Other
0,0,0.165292,Male,Black
0,1,0.926030,Male,White
0,0,0.023288,Female,White
0,0,0.069252,Male,White
0,0,0.019972,Male,White
0,0,0.180694,Male,White
0,0,0.014563,Female,White
0,0,0.237128,Male,White
0,0,0.017497,Male,White
0,0,0.020999,Female,White
0,0,0.021899,Female,White
0,0,0.066406,Male,Two or more
0,0,0.010783,Female,White
0,0,0.320653,Male,White
0,0,0.376887,Male,Black
0,0,0.086023,Female,White
0,0,0.419039,Male,White
0,1,0.777690,Male,White
0,0,0.060030,Male,White
0,0,0.273537,Male,Two or more
0,0,0.015374,Female,White
0,0,0.040627,Male,White
0,0,0.183675,Male,White
0,0,0.227846,Male,Black
0,0,0.475610,Male,Two or more
0,0,0.067047,Male,White
0,0,0.202415,Male,Asian
0,0,0.019517,Male,White
0,0,0.260105,Male,White
0,1,0.901374,Male,White
0,0,0.255725,Male,White
0,0,0.133301,Male,White
0,0,0.310117,Female,White
0,0,0.128468,Female,Two or more
0,0,0.025083,Female,White
0,0,0.493520,Male,White
1,0,0.117370,Female,Black
0,1,0.919934,Male,White
0,0,0.067047,Male,White
0,0,0.030016,Male,Two or more
0,0,0.204331,Male,Black
0,0,0.068067,Female,White
0,0,0.223525,Male,Other
0,0,0.221960,Male,White
0,0,0.128187,Male,Black
0,0,0.180137,Male,Black
0,0,0.190965,Male,White
0,0,0.036556,Male,Two or more
0,0,0.335760,Male,White
0,0,0.040013,Male,White
0,0,0.040482,Male,White
0,0,0.272216,Male,White
0,0,0.056025,Male,White
0,0,0.236113,Male,White
0,0,0.174430,Male,White
0,0,0.214953,Male,Black
0,0,0.081140,Female,NHPI
0,0,0.095485,Male,Two or more
0,0,0.109819,Male,Asian
0,1,0.768464,Female,White
0,0,0.131771,Male,Asian
0,0,0.313774,Male,White
0,0,0.010783,Female,White
0,0,0.380499,Female,American Indian
0,0,0.042125,Female,White
0,0,0.380499,Female,American Indian
0,0,0.147697,Male,Black
0,0,0.036786,Male,White
0,0,0.465306,Male,White
0,0,0.397092,Male,White
0,0,0.366011,Male,White
0,0,0.008975,Female,White
0,0,0.247647,Male,White
1,1,0.868359,Male,White
0,0,0.042322,Male,White
0,0,0.022928,Male,Other
0,0,0.156208,Male,White
0,0,0.423744,Male,White
0,1,0.548145,Male,White
0,1,0.558236,Male,White
0,0,0.247647,Male,White
0,0,0.058636,Male,Black
0,0,0.056025,Male,White
0,1,0.770186,Male,White
0,0,0.180694,Male,White
1,0,0.196390,Male,White
0,1,0.520133,Female,Two or more
0,0,0.013804,Female,White
0,0,0.055192,Male,White
0,1,0.505399,Male,White
0,1,0.939444,Male,White
0,0,0.023597,Female,Black
0,0,0.067703,Female,White
0,1,0.847948,Female,White
0,0,0.238644,Male,Asian
0,0,0.290066,Male,White
0,0,0.039827,Female,White
0,0,0.214953,Male,Black
1,0,0.046824,Male,White
0,0,0.018382,Female,Asian
0,0,0.029184,Female,White
0,0,0.049205,Male,White
0,0,0.025757,Female,Two or more
0,0,0.016169,Male,White
0,0,0.020999,Female,White
0,0,0.147478,Male,White
0,0,0.005966,Female,Asian
0,0,0.016037,Female,White
0,0,0.066743,Female,White
0,0,0.027898,Female,White
0,0,0.023288,Female,White
0,1,0.841127,Female,White
0,0,0.060461,Female,White
0,1,0.871279,Male,White
0,0,0.038218,Female,White
0,1,0.770186,Male,White
0,0,0.038713,Male,Asian
0,0,0.011591,Male,White
0,0,0.167658,Female,White
0,0,0.055192,Male,White
0,0,0.223525,Male,Other
0,1,0.853895,Male,Two or more
0,0,0.035545,Male,Two or more
0,0,0.027571,Female,White
0,0,0.174430,Male,White
0,0,0.225725,Male,White
0,1,0.683790,Male,White
0,0,0.109819,Male,Asian
0,0,0.089456,Female,White
0,0,0.051782,Male,Other
0,1,0.980752,Male,White
1,0,0.191032,Male,White
0,1,0.518833,Male,Other
1,0,0.015828,Female,Asian
0,0,0.054939,Female,White
0,0,0.014930,Female,White
0,0,0.011993,Female,White
0,0,0.323343,Male,Asian
0,0,0.475610,Male,Two or more
0,0,0.193880,Male,Other
0,0,0.069780,Male,White
0,0,0.128468,Female,Two or more
0,0,0.128468,Female,Two or more
0,0,0.238644,Male,Asian
0,0,0.016037,Female,White
0,0,0.249006,Male,White
0,0,0.225170,Male,Two or more
0,0,0.256524,Male,White
0,0,0.159430,Female,White
1,1,0.950358,Male,White
0,0,0.006309,Female,White
0,0,0.095581,Male,Asian
1,0,0.232742,Male,Two or more
0,0,0.077933,Male,Black
0,0,0.030147,Female,White
0,0,0.119713,Male,White
0,0,0.068492,Male,White
0,0,0.099309,Female,Asian
0,0,0.026570,Male,White
0,0,0.069780,Male,White
0,0,0.117064,Male,White
1,1,0.780374,Male,White
0,0,0.146395,Male,White
0,0,0.098456,Female,White
0,0,0.103767,Female,American Indian
0,0,0.272216,Male,White
0,0,0.086023,Female,White
1,1,0.573347,Female,White
0,0,0.015082,Female,NHPI
0,0,0.032759,Female,White
0,0,0.114939,Female,White
0,0,0.017123,Female,Other
0,0,0.040860,Male,White
0,0,0.029184,Female,White
0,0,0.300696,Female,Two or more
0,0,0.148500,Female,Black
0,0,0.058478,Male,Other
0,0,0.165292,Male,Black
1,0,0.153988,Male,White
0,0,0.308566,Male,Two or more
0,0,0.037090,Female,White
0,0,0.413305,Male,White
0,0,0.174430,Male,White
0,0,0.113818,Male,Two or more
0,0,0.262851,Male,Black
0,0,0.109344,Female,Asian
0,0,0.327184,Male,White
0,0,0.259301,Male,Black
0,1,0.941839,Male,White
1,1,0.950358,Male,White
0,0,0.037148,Male,Asian
0,0,0.053819,Female,White
0,0,0.408017,Male,White
0,1,0.586049,Male,White
0,0,0.193460,Male,White
0,0,0.035130,Female,White
1,1,0.957482,Female,White
0,0,0.241071,Male,White
0,0,0.129539,Male,American Indian
0,0,0.049205,Male,White
0,0,0.081533,Female,White
0,1,0.802093,Male,Black
0,0,0.259301,Male,Black
0,0,0.072616,Male,White
0,0,0.044098,Female,American Indian
0,0,0.105236,Female,Asian
0,0,0.355535,Male,White
0,0,0.013159,Female,Two or more
0,0,0.121079,Male,White
1,1,0.554422,Male,White
0,0,0.044946,Male,White
0,0,0.467020,Male,White
0,0,0.036556,Male,Two or more
0,1,0.871279,Male,White
0,0,0.255725,Male,White
0,0,0.057693,Male,White
0,1,0.871279,Male,White
0,0,0.023288,Female,White
0,0,0.397092,Male,White
0,0,0.013075,Female,White
0,0,0.007813,Female,Black
0,0,0.046607,Female,White
0,1,0.503616,Male,Two or more
0,0,0.487111,Male,Two or more
0,0,0.238855,Female,White
0,0,0.017856,Female,White
0,1,0.633515,Male,White
0,1,0.815925,Male,White
0,0,0.380499,Female,American Indian
1,1,0.917619,Male,White
0,0,0.325192,Female,White
0,1,0.642404,Female,Asian
1,1,0.823953,Male,White
1,0,0.305984,Female,White
1,1,0.856988,Male,White
1,0,0.331220,Male,White
0,0,0.069736,Female,White
1,1,0.630961,Male,White
0,0,0.481017,Female,White
0,0,0.027226,Female,NHPI
0,0,0.196909,Female,White
1,1,0.711952,Male,White
0,0,0.404326,Female,White
1,1,0.787080,Male,White
1,1,0.565702,Female,Asian
1,0,0.430780,Male,White
0,0,0.491546,Male,White
1,0,0.491345,Male,White
0,0,0.461996,Male,Asian
1,1,0.843286,Female,White
1,0,0.336875,Male,White
1,1,0.630868,Female,White
1,0,0.379152,Male,White
1,1,0.570906,Female,Asian
1,0,0.098576,Female,NHPI
0,0,0.379152,Male,White
0,1,0.857396,Male,White
1,1,0.536104,Male,White
0,0,0.141299,Male,White
0,0,0.156800,Female,White
0,0,0.037430,Female,White
0,1,0.601598,Male,White
1,0,0.414698,Female,White
0,0,0.210407,Female,White
0,0,0.272393,Male,White
0,0,0.222495,Male,Black
1,1,0.806933,Female,White
0,0,0.233038,Female,White
0,1,0.579051,Female,White
1,1,0.590192,Male,White
1,1,0.855605,Male,White
1,1,0.744782,Female,White
0,0,0.244975,Male,White
0,0,0.013909,Female,White
0,1,0.684860,Male,White
1,0,0.443795,Female,NHPI
0,0,0.125691,Female,White
1,1,0.723916,Female,White
1,1,0.844643,Female,White
0,1,0.506990,Female,White
0,0,0.350491,Male,White
1,0,0.424527,Female,White
1,1,0.531775,Female,White
1,0,0.300774,Male,White
1,1,0.825386,Female,White
1,0,0.468888,Male,White
1,1,0.991718,Male,White
0,0,0.026347,Female,Black
0,0,0.119805,Female,Two or more
0,0,0.072046,Female,Two or more
0,0,0.434251,Male,White
1,1,0.924966,Male,White
0,0,0.404696,Male,White
1,1,0.540230,Male,White
1,0,0.422973,Male,White
0,0,0.299965,Female,White
0,0,0.213472,Female,Asian
0,0,0.011472,Female,White
0,0,0.370291,Female,White
1,1,0.613980,Male,White
0,0,0.344183,Male,Other
0,0,0.015972,Female,Other
0,0,0.401527,Female,White
1,1,0.650402,Female,White
0,0,0.353898,Female,White
0,0,0.393315,Male,White
0,0,0.428047,Female,White
1,0,0.483957,Male,White
0,0,0.132952,Female,Black
0,0,0.266404,Male,Black
0,0,0.006073,Female,Black
1,1,0.868763,Male,White
0,1,0.961550,Male,White
0,0,0.086925,Female,Asian
1,1,0.821397,Male,White
0,0,0.189429,Female,White
1,0,0.371670,Male,White
0,0,0.010118,Female,White
0,1,0.726873,Male,White
0,0,0.116236,Male,Other
1,1,0.739856,Male,White
0,0,0.131822,Male,White
0,0,0.486026,Female,White
1,1,0.936038,Female,Asian
1,0,0.499615,Male,White
1,1,0.776358,Male,Asian
0,0,0.036327,Female,White
0,0,0.288075,Female,White
0,1,0.522867,Male,White
1,0,0.404296,Male,White
0,0,0.467490,Male,White
0,0,0.190965,Male,White
0,0,0.414698,Female,White
0,0,0.447629,Male,Two or more
0,0,0.259758,Female,Two or more
1,1,0.762228,Female,White
0,0,0.112396,Male,Asian
1,1,0.775008,Male,White
0,0,0.143157,Female,Black
1,0,0.476807,Male,White
0,0,0.094003,Female,Asian
1,1,0.749936,Female,White
0,0,0.224080,Female,White
1,0,0.488893,Male,White
1,0,0.185388,Male,Two or more
0,1,0.815017,Male,White
0,1,0.522866,Female,White
0,0,0.106595,Female,White
1,1,0.845265,Male,Asian
1,0,0.167316,Male,American Indian
1,1,0.912155,Male,White
1,1,0.877882,Male,Asian
0,1,0.828103,Male,White
1,1,0.789511,Male,White
0,0,0.161424,Male,American Indian
1,1,0.576209,Female,Asian
1,1,0.566373,Male,White
1,1,0.709209,Male,Black
1,0,0.181638,Female,White
1,1,0.745164,Male,Asian
0,0,0.174574,Female,White
1,1,0.679403,Male,Asian
0,0,0.436118,Female,Black
1,1,0.503012,Male,Other
1,1,0.693203,Male,White
0,0,0.007909,Male,White
1,1,0.606449,Male,White
1,0,0.242237,Female,White
1,1,0.856274,Male,White
0,1,0.633515,Male,White
1,1,0.530759,Male,White
0,0,0.185194,Female,White
0,1,0.688628,Male,White
0,0,0.174697,Male,Black
0,0,0.311596,Female,White
0,0,0.353318,Female,White
0,1,0.683790,Male,White
1,1,0.834711,Male,Asian
1,1,0.756862,Female,White
1,1,0.801059,Female,White
0,0,0.462574,Male,White
1,1,0.782294,Male,White
1,1,0.829902,Female,White
1,1,0.544518,Female,Asian
0,0,0.354726,Female,White
1,1,0.853383,Male,White
0,0,0.053824,Female,White
0,0,0.482574,Female,White
1,0,0.391915,Male,White
1,0,0.303080,Male,NHPI
1,1,0.600577,Male,Asian
1,1,0.640834,Male,White
0,0,0.175080,Male,NHPI
0,0,0.434553,Male,Black
1,1,0.750753,Female,White
1,1,0.586648,Female,Asian
0,0,0.066119,Female,White
1,1,0.950849,Male,White
1,1,0.534954,Male,White
0,0,0.135967,Male,White
0,0,0.383614,Male,Two or more
1,1,0.691679,Female,White
1,0,0.454651,Male,White
0,0,0.332557,Male,White
0,0,0.370291,Female,White
1,1,0.904128,Female,White
0,1,0.808045,Male,Asian
1,1,0.624095,Male,White
1,1,0.891233,Male,Asian
0,1,0.540860,Male,White
0,0,0.307395,Female,Two or more
0,0,0.186467,Female,White
0,1,0.592587,Female,White
1,1,0.746371,Female,Asian
0,0,0.088792,Female,White
0,1,0.572606,Male,White
1,1,0.869972,Male,Two or more
1,1,0.637517,Female,Asian
1,1,0.852071,Male,White
0,0,0.329268,Female,White
1,0,0.282964,Male,White
1,1,0.913051,Male,White
0,0,0.020264,Female,Asian
1,1,0.538953,Male,Asian
0,0,0.223061,Female,White
1,0,0.221960,Male,White
1,1,0.828422,Female,White
0,0,0.473163,Male,White
0,0,0.353318,Female,White
1,1,0.742640,Female,White
1,1,0.871163,Male,White
1,1,0.865111,Male,White
1,1,0.943147,Male,White
0,0,0.031828,Female,White
1,1,0.871649,Female,Asian
0,1,0.570906,Female,Asian
0,0,0.304846,Female,White
1,1,0.620918,Male,White
0,1,0.858669,Male,White
0,0,0.281003,Female,White
1,1,0.715531,Male,White
0,0,0.135967,Male,White
1,1,0.660300,Female,White
1,1,0.771179,Male,White
1,1,0.562387,Male,White
0,0,0.197841,Female,White
1,1,0.792291,Female,White
1,0,0.137180,Male,Asian
1,1,0.822949,Male,White
0,1,0.550864,Male,White
0,0,0.273206,Male,Two or more
1,0,0.221960,Male,White
1,0,0.497421,Male,White
0,0,0.214641,Male,White
1,1,0.770318,Female,White
1,1,0.575505,Male,White
0,0,0.157225,Male,Two or more
1,0,0.347784,Female,White
0,1,0.508416,Male,Asian
1,0,0.232627,Female,White
1,1,0.566556,Female,White
0,1,0.724181,Male,White
0,0,0.185194,Female,White
0,0,0.010754,Male,Black
1,1,0.568968,Female,White
0,0,0.039047,Male,Black
1,1,0.529558,Male,White
0,0,0.224778,Male,Black
0,0,0.363408,Male,White
0,0,0.265606,Male,Black
0,0,0.143424,Male,Two or more
1,1,0.688741,Female,Black
1,1,0.743570,Male,White
0,0,0.140925,Female,Asian
0,0,0.035000,Female,NHPI
0,1,0.512228,Male,White
0,0,0.065285,Male,Other
1,1,0.803414,Male,White
0,0,0.138335,Male,White
0,0,0.456859,Female,White
0,1,0.886631,Female,White
0,0,0.153765,Female,White
0,0,0.204331,Male,Black
1,1,0.754278,Male,White
0,0,0.102298,Female,Other
0,1,0.755670,Male,Other
0,0,0.180743,Female,White
1,1,0.825577,Male,White
1,1,0.936873,Male,Asian
0,0,0.151339,Female,White
1,1,0.501020,Male,White
1,1,0.895499,Female,White
1,0,0.349365,Male,White
0,0,0.207498,Male,White
0,0,0.494728,Female,White
1,1,0.534954,Male,White
0,0,0.499647,Female,White
0,0,0.019478,Male,White
1,1,0.584616,Female,White
1,1,0.636850,Male,White
1,1,0.662159,Male,White
1,0,0.499195,Female,White
0,0,0.163903,Female,NHPI
0,1,0.915965,Male,White
1,1,0.650402,Female,White
0,0,0.425147,Female,White
1,1,0.892185,Male,White
1,1,0.610455,Female,White
1,1,0.778660,Male,White
0,0,0.008702,Female,White
1,0,0.109004,Male,White
1,0,0.253936,Female,Other
1,0,0.262123,Male,Other
1,1,0.865960,Female,White
0,0,0.228954,Male,White
0,1,0.566556,Female,White
0,0,0.015654,Male,Black
1,1,0.908656,Male,White
1,1,0.657394,Male,White
1,1,0.638532,Male,White
1,1,0.566556,Female,White
0,0,0.497421,Male,White
0,0,0.143808,Female,White
0,0,0.394039,Female,White
0,0,0.268837,Female,White
0,1,0.593458,Male,White
0,0,0.192602,Male,American Indian
0,0,0.466854,Male,White
0,0,0.124542,Male,Black
0,0,0.115853,Female,White
1,0,0.262561,Male,White
1,1,0.838314,Male,White
0,1,0.833620,Female,Two or more
1,0,0.294611,Female,White
1,1,0.892517,Male,White
1,1,0.650402,Female,White
0,1,0.551492,Male,White
1,1,0.924183,Male,White
0,0,0.117553,Female,Other
1,1,0.672605,Male,Asian
1,1,0.941973,Male,White
0,1,0.560315,Female,White
0,0,0.454651,Male,White
0,0,0.483866,Male,White
0,0,0.359119,Male,White
1,0,0.275105,Female,White
0,0,0.318148,Female,White
1,1,0.652059,Male,White
0,0,0.033659,Female,White
0,0,0.454920,Male,Asian
0,0,0.027583,Female,Other
0,0,0.126809,Male,Other
1,0,0.134195,Male,Other
0,0,0.158154,Female,Other
1,1,0.927282,Male,White
0,1,0.530443,Female,White
1,1,0.716868,Female,Asian
1,1,0.594993,Female,White
0,1,0.536922,Male,Asian
1,0,0.485547,Female,White
1,1,0.585948,Male,White
1,1,0.748161,Male,White
0,0,0.152062,Female,White
1,1,0.585948,Male,White
0,0,0.072616,Male,White
0,0,0.177440,Female,White
0,1,0.698363,Male,White
1,1,0.803512,Male,White
1,1,0.543211,Female,White
0,0,0.160857,Female,White
1,1,0.530190,Male,White
1,0,0.373448,Female,White
0,0,0.210150,Female,White
1,1,0.954259,Male,White
1,0,0.187132,Male,White
1,1,0.822949,Male,White
0,0,0.211810,Female,White
1,1,0.934632,Male,Asian
1,1,0.764945,Male,Asian
0,0,0.132754,Female,Asian
0,1,0.516118,Male,White
1,0,0.265213,Female,White
1,0,0.426520,Female,White
0,0,0.499647,Female,White
1,1,0.616816,Female,White
0,0,0.283533,Female,White
0,0,0.329268,Female,White
0,1,0.692720,Male,White
0,0,0.007100,Female,White
1,1,0.634248,Male,White
0,0,0.154118,Female,White
1,1,0.783249,Male,White
1,1,0.656923,Male,Other
1,1,0.768822,Male,Asian
1,1,0.518860,Male,White
1,1,0.586692,Male,White
1,0,0.152926,Male,White
0,0,0.143528,Male,White
0,0,0.334106,Female,White
0,0,0.242383,Female,White
0,0,0.056415,Female,White
0,1,0.651922,Male,White
1,0,0.383844,Female,White
0,0,0.005281,Female,American Indian
0,0,0.119940,Male,Black
1,1,0.899378,Male,White
0,0,0.363767,Female,White
0,0,0.237034,Female,Two or more
0,0,0.123944,Female,White
0,0,0.015145,Female,NHPI
0,1,0.584485,Male,Asian
1,1,0.787189,Female,White
0,0,0.030465,Male,White
0,0,0.116943,Female,Other
0,1,0.640892,Male,White
0,1,0.723157,Female,White
1,0,0.094442,Female,White
0,0,0.202294,Male,White
0,0,0.108532,Female,White
1,0,0.370888,Male,White
0,0,0.146312,Male,White
0,0,0.316904,Male,White
0,0,0.337181,Female,White
1,1,0.872419,Male,White
1,1,0.642126,Male,White
0,0,0.464157,Female,White
0,1,0.554457,Female,White
1,1,0.891959,Female,White
1,1,0.660389,Male,White
1,1,0.803414,Male,White
1,1,0.779755,Female,White
0,0,0.465075,Male,White
1,1,0.553065,Female,White
0,0,0.399049,Male,Asian
1,1,0.969704,Male,White
1,1,0.769210,Male,American Indian
0,0,0.093451,Female,White
1,1,0.640892,Male,White
1,0,0.309049,Female,White
1,1,0.869609,Male,White
0,0,0.174430,Male,White
0,0,0.133212,Female,Two or more
0,0,0.040458,Male,White
1,1,0.797905,Male,Asian
1,1,0.553065,Female,White
0,0,0.422660,Male,White
1,1,0.699338,Male,White
0,0,0.219713,Male,Asian
0,0,0.097340,Female,White
0,0,0.330069,Male,White
1,0,0.417801,Male,White
0,0,0.482989,Female,White
0,0,0.324282,Female,White
0,0,0.166269,Female,White
0,0,0.390390,Female,Two or more
1,1,0.572606,Male,White
0,0,0.414698,Female,White
0,1,0.836822,Male,White
0,0,0.100044,Male,White
0,0,0.203760,Male,White
0,0,0.181527,Male,White
1,1,0.952345,Male,White
0,0,0.295850,Male,Asian
0,0,0.180842,Female,White
1,1,0.517138,Male,White
1,0,0.128782,Female,White
1,1,0.759584,Male,White
1,1,0.590096,Female,White
0,0,0.363767,Female,White
0,0,0.135347,Female,White
0,0,0.117620,Male,White
1,1,0.620859,Male,White
0,1,0.692546,Male,White
1,1,0.528274,Male,Asian
0,0,0.095723,Male,Black
0,0,0.352036,Female,White
0,0,0.076870,Female,White
0,0,0.075219,Female,White
0,0,0.089853,Male,White
0,0,0.444038,Male,White
1,1,0.992669,Female,White
1,1,0.901282,Male,White
0,0,0.434855,Male,White
1,1,0.595259,Male,Black
0,0,0.416032,Male,White
1,1,0.718275,Male,White
1,1,0.646711,Male,White
0,0,0.039767,Female,White
1,0,0.454651,Male,White
0,0,0.290193,Female,White
0,0,0.260105,Male,White
1,1,0.960339,Male,White
1,1,0.756862,Female,White
0,0,0.412539,Male,White
0,0,0.210932,Female,White
0,0,0.386869,Male,White
1,1,0.539135,Female,Asian
1,1,0.888115,Male,White
0,0,0.429270,Female,White
1,1,0.805939,Male,White
0,0,0.104451,Female,White
1,0,0.218391,Male,Other
1,0,0.356824,Male,White
1,1,0.718275,Male,White
0,0,0.307692,Male,White
1,1,0.688344,Female,White
0,0,0.148702,Male,White
0,1,0.699415,Male,White
0,0,0.317812,Male,White
1,1,0.610455,Female,White
0,0,0.204566,Female,Asian
0,0,0.459267,Male,Asian
1,0,0.361709,Male,White
0,0,0.110483,Female,White
1,0,0.427515,Male,White
1,1,0.887755,Female,White
1,1,0.977726,Male,White
0,1,0.543802,Male,White
0,1,0.909752,Female,White
0,0,0.011191,Male,White
0,1,0.502770,Female,White
0,1,0.529558,Male,White
0,1,0.508965,Female,White
0,1,0.557227,Female,White
1,1,0.759584,Male,White
1,0,0.183496,Female,Asian
1,1,0.592846,Male,White
0,0,0.293359,Female,White
1,1,0.758556,Male,White
0,1,0.675529,Male,White
1,1,0.835190,Male,White
0,1,0.614951,Male,Two or more
0,0,0.425147,Female,White
0,0,0.104907,Male,White
0,0,0.316220,Male,White
1,1,0.834330,Male,White
0,1,0.919870,Male,Two or more
0,0,0.054361,Male,White
0,0,0.057471,Male,White
0,0,0.486432,Female,White
0,1,0.952631,Male,White
0,1,0.508145,Male,White
0,0,0.336131,Male,White
0,0,0.032015,Female,White
1,0,0.291224,Male,White
0,0,0.398070,Female,White
1,1,0.649369,Male,White
1,1,0.607172,Female,White
1,1,0.594993,Female,White
1,1,0.906468,Female,White
0,1,0.949349,Male,White
0,0,0.237812,Male,White
0,0,0.059628,Male,White
0,1,0.549098,Male,Two or more
1,1,0.824874,Female,White
0,1,0.779182,Female,Asian
0,0,0.407185,Female,White
0,1,0.588512,Female,Asian
0,0,0.484420,Male,Black
0,0,0.323600,Male,Two or more
0,1,0.518860,Male,White
1,1,0.718426,Female,White
0,0,0.247647,Male,White
0,0,0.323106,Male,White
1,1,0.904549,Male,White
1,1,0.820590,Female,White
0,0,0.210514,Male,Asian
1,1,0.806816,Male,White
1,1,0.860902,Female,White
0,0,0.255725,Male,White
0,0,0.143404,Male,Two or more
0,0,0.423774,Female,White
0,1,0.910958,Female,White
0,0,0.031888,Female,White
0,0,0.404326,Female,White
1,0,0.420294,Male,White
1,1,0.663553,Male,White
0,1,0.652197,Female,Asian
0,1,0.760744,Female,White
1,1,0.893140,Male,White
1,1,0.785964,Male,White
0,0,0.159430,Female,White
0,0,0.197553,Male,White
1,0,0.419638,Male,White
1,1,0.617179,Male,White
1,0,0.172301,Female,White
0,1,0.721002,Male,White
0,1,0.522639,Female,White
1,1,0.683673,Female,White
0,0,0.319797,Male,Other
0,0,0.130918,Male,Other
1,1,0.806816,Male,White
1,0,0.458222,Male,White
1,1,0.906944,Female,White
1,0,0.408943,Female,White
0,1,0.970321,Male,White
1,1,0.539135,Female,Asian
0,0,0.198490,Female,White
1,1,0.776008,Female,White
1,1,0.543802,Male,White
0,0,0.020314,Male,White
0,1,0.566749,Male,White
0,0,0.247145,Female,White
1,1,0.750849,Male,White
0,0,0.041724,Female,White
0,0,0.258331,Female,White
1,0,0.340883,Male,White
0,1,0.627831,Male,Two or more
1,1,0.677693,Female,Two or more
0,0,0.257113,Male,White
0,1,0.594463,Male,Asian
1,1,0.584616,Female,White
1,1,0.891143,Male,Asian
1,1,0.899191,Male,Asian
0,0,0.280490,Female,White
1,1,0.691520,Male,White
1,1,0.851848,Female,White
1,1,0.542055,Male,White
0,1,0.520609,Male,Asian
1,0,0.465306,Male,White
1,0,0.449394,Male,White
0,0,0.255382,Female,White
1,1,0.553065,Female,White
1,1,0.688575,Male,White
1,1,0.767330,Male,White
1,1,0.908656,Male,White
1,1,0.865307,Female,White
0,0,0.417428,Female,White
1,1,0.630961,Male,White
0,0,0.042125,Female,White
1,1,0.700725,Male,White
1,1,0.796222,Male,Asian
0,0,0.478181,Male,White
0,0,0.394343,Female,Two or more
1,0,0.428270,Female,White
0,1,0.555026,Male,White
0,0,0.143824,Female,White
1,0,0.341107,Female,White
1,1,0.864666,Male,White
0,0,0.438579,Female,White
1,0,0.320007,Male,White
0,0,0.014446,Female,White
0,1,0.566781,Male,White
0,0,0.415071,Male,White
1,0,0.221335,Female,White
1,1,0.908708,Male,White
1,0,0.194740,Female,White
1,0,0.441010,Male,White
1,0,0.026422,Male,White
1,1,0.940675,Male,White
0,0,0.235050,Female,White
1,1,0.960242,Male,White
0,0,0.459802,Female,White
0,0,0.152646,Female,Other
0,0,0.214438,Female,White
1,1,0.564993,Male,White
0,0,0.195264,Male,White
0,0,0.158338,Female,White
0,0,0.430718,Male,White
0,0,0.024732,Male,White
0,0,0.249432,Female,White
1,0,0.221960,Male,White
1,1,0.868212,Male,White
0,0,0.112268,Female,White
1,0,0.298630,Male,White
0,0,0.343026,Female,White
0,1,0.750613,Male,White
0,0,0.308916,Female,White
0,1,0.553065,Female,White
1,1,0.529558,Male,White
1,1,0.817025,Male,Asian
0,0,0.232635,Male,White
1,0,0.485600,Female,Asian
1,1,0.669989,Male,Asian
1,1,0.502839,Male,White
1,1,0.558419,Female,White
1,1,0.593458,Male,White
0,0,0.216168,Male,Other
0,1,0.746618,Male,White
1,1,0.514715,Male,White
0,0,0.153234,Female,White
0,0,0.149187,Female,White
1,1,0.734357,Female,White
1,0,0.499647,Female,White
1,0,0.219405,Female,White
1,0,0.309415,Male,White
1,1,0.587921,Male,Black
1,0,0.423268,Female,Asian
1,1,0.858669,Male,White
1,1,0.727828,Male,White
0,0,0.024974,Female,White
1,1,0.744782,Female,White
0,0,0.244355,Female,White
1,1,0.986864,Male,White
1,1,0.521664,Male,White
1,0,0.357580,Female,Two or more
0,1,0.544819,Male,Two or more
1,1,0.963128,Male,White
0,0,0.197558,Female,Two or more
1,1,0.900391,Male,White
1,1,0.772934,Male,White
0,1,0.506424,Male,Two or more
0,0,0.271366,Male,Black
0,0,0.116305,Female,Black
0,1,0.735306,Male,White
1,0,0.416062,Female,White
1,1,0.909981,Male,White
1,1,0.835105,Male,White
0,0,0.199444,Female,Two or more
1,1,0.524268,Male,White
0,0,0.056361,Female,Asian
0,0,0.387537,Female,White
0,0,0.416032,Male,White
0,0,0.232627,Female,White
1,1,0.914377,Female,White
1,0,0.169036,Female,Other
1,1,0.554422,Male,White
1,1,0.769201,Female,Two or more
0,0,0.388380,Female,White
0,0,0.373751,Female,White
1,0,0.447594,Male,White
1,1,0.593108,Male,Asian
1,1,0.724181,Male,White
0,0,0.062321,Female,Other
1,1,0.563643,Female,White
1,1,0.757232,Female,Asian
1,1,0.927889,Male,White
1,0,0.380442,Male,White
1,1,0.662407,Male,American Indian
0,0,0.272418,Female,White
1,1,0.524081,Male,White
0,0,0.335450,Female,Two or more
1,1,0.901676,Female,Asian
1,1,0.915532,Male,White
1,1,0.864542,Female,White
1,1,0.758556,Male,White
0,0,0.018370,Male,Asian
0,0,0.367646,Male,White
0,0,0.095760,Male,White
0,0,0.054399,Female,White
1,1,0.657808,Male,White
0,1,0.705860,Male,Asian
1,1,0.622952,Female,White
0,0,0.079072,Female,White
1,1,0.661862,Female,Asian
1,1,0.697751,Male,White
0,0,0.006955,Female,Other
0,0,0.276894,Female,White
0,0,0.154416,Female,White
1,1,0.947182,Male,White
0,0,0.210932,Female,White
1,1,0.789511,Male,White
1,1,0.865307,Female,White
1,1,0.669942,Male,White
1,0,0.388455,Female,Black
1,0,0.304634,Male,White
1,0,0.237128,Male,White
1,1,0.583069,Male,White
1,1,0.572758,Male,White
1,1,0.875901,Male,White
1,0,0.346833,Female,White
1,0,0.356824,Male,White
0,0,0.003173,Female,White
0,1,0.514393,Male,White
0,0,0.007871,Female,White
0,1,0.654055,Male,White
1,1,0.645455,Female,White
0,0,0.389301,Male,White
0,1,0.659296,Female,White
1,0,0.328087,Male,Two or more
0,0,0.073331,Female,White
0,0,0.297798,Male,White
1,1,0.613980,Male,White
0,0,0.053189,Female,White
0,0,0.205932,Male,Other
1,0,0.190957,Female,White
1,0,0.165214,Female,White
1,1,0.682295,Male,White
1,0,0.249346,Male,White
0,0,0.353898,Female,White
0,0,0.255990,Male,Asian
1,1,0.742649,Female,Black
1,1,0.800846,Male,Two or more
1,0,0.395351,Male,White
0,1,0.843012,Female,Asian
0,0,0.047046,Female,Asian
0,0,0.269550,Male,White
1,0,0.381741,Male,White
0,0,0.198814,Female,Two or more
0,1,0.660437,Male,Asian
1,0,0.183654,Female,White
0,1,0.669989,Male,Asian
1,1,0.616140,Female,Asian
1,1,0.628185,Male,White
0,0,0.292692,Male,Other
1,1,0.908656,Male,White
0,0,0.477850,Female,Asian
1,0,0.229456,Male,White
0,0,0.045939,Male,White
0,0,0.010198,Female,Two or more
0,0,0.498447,Male,Two or more
1,0,0.466817,Female,White
0,1,0.594993,Female,White
0,1,0.819276,Male,White
0,0,0.345393,Male,White
0,0,0.110343,Female,White
1,1,0.897399,Male,White
1,1,0.558236,Male,White
0,1,0.720668,Male,White
0,0,0.366515,Female,White
1,0,0.376530,Female,White
0,0,0.057119,Female,White
1,0,0.337181,Female,White
1,0,0.478213,Female,White
1,1,0.688674,Male,Asian
0,0,0.053105,Female,White
1,1,0.886912,Male,Asian
1,0,0.257113,Male,White
0,0,0.369109,Male,White
1,1,0.838069,Male,White
0,0,0.186235,Female,White
0,0,0.187132,Male,White
1,1,0.894795,Male,Asian
1,0,0.313796,Male,White
0,0,0.266191,Female,White
1,1,0.585491,Male,White
0,0,0.356614,Female,White
0,0,0.018481,Female,Black
0,0,0.180968,Male,Black
1,1,0.643998,Male,White
1,1,0.868853,Male,White
0,0,0.199588,Female,White
0,0,0.219477,Female,Other
0,0,0.026639,Female,Other
1,1,0.694937,Male,Asian
0,0,0.355012,Male,White
0,0,0.120080,Male,White
0,0,0.039536,Female,White
1,0,0.321878,Male,White
1,0,0.297565,Male,Two or more
0,0,0.324694,Female,Other
1,1,0.646711,Male,White
1,1,0.721002,Male,White
0,0,0.056362,Female,White
0,0,0.225186,Male,White
0,0,0.019384,Female,Two or more
1,0,0.314680,Male,Two or more
1,1,0.897399,Male,White
0,0,0.117646,Male,White
1,1,0.705278,Female,White
1,1,0.781336,Male,White
0,0,0.363767,Female,White
0,0,0.202708,Female,White
1,1,0.617777,Male,White
1,1,0.953109,Male,White
0,0,0.354635,Male,Other
1,0,0.263136,Male,Asian
1,1,0.888962,Female,White
1,1,0.601353,Male,White
0,0,0.180047,Female,White
1,1,0.794724,Male,White
1,1,0.941566,Male,White
0,1,0.514838,Female,White
1,1,0.773020,Female,Two or more
1,1,0.751663,Male,White
1,1,0.796551,Male,White
0,0,0.342146,Male,White
0,0,0.431649,Female,White
1,1,0.787291,Male,Asian
1,1,0.952896,Male,White
1,0,0.208547,Female,White
1,0,0.243693,Female,Asian
0,1,0.524040,Female,White
0,0,0.045296,Female,NHPI
1,0,0.487521,Female,White
0,0,0.369960,Male,American Indian
0,0,0.061992,Male,Other
0,0,0.248245,Female,White
0,1,0.683673,Female,White
1,1,0.936026,Male,Two or more
1,1,0.806903,Male,Two or more
1,1,0.942029,Male,Two or more
1,1,0.562077,Male,White
1,1,0.824166,Male,Asian
0,0,0.262466,Female,White
0,0,0.050707,Male,White
1,1,0.881079,Male,White
0,0,0.424599,Male,White
0,0,0.187132,Male,White
1,1,0.867567,Male,White
1,1,0.757106,Male,White
0,0,0.135396,Female,White
1,1,0.872925,Female,White
0,0,0.093117,Female,White
1,0,0.194740,Female,White
0,0,0.120981,Female,White
0,0,0.102330,Female,White
0,0,0.398218,Female,White
0,0,0.090016,Female,White
1,1,0.701775,Male,White
1,0,0.449014,Female,White
0,0,0.199793,Female,White
0,1,0.668971,Female,Asian
1,1,0.660437,Male,Asian
0,1,0.930651,Male,White
0,0,0.076356,Male,White
1,1,0.831137,Male,American Indian
1,1,0.697471,Female,White
0,0,0.037178,Female,Other
1,1,0.931378,Male,White
0,0,0.279046,Female,White
0,0,0.200533,Male,White
0,0,0.035414,Male,White
0,1,0.787255,Male,White
0,0,0.050841,Female,White
1,1,0.604058,Female,Asian
0,0,0.089075,Male,Other
0,0,0.137309,Female,Black
1,1,0.831482,Female,White
1,1,0.526821,Male,White
1,1,0.855274,Male,American Indian
0,1,0.825577,Male,White
0,0,0.023288,Female,White
1,1,0.565702,Female,Asian
1,1,0.969704,Male,White
0,0,0.435039,Female,White
1,1,0.635579,Female,White
1,0,0.488846,Male,White
0,0,0.111911,Male,Asian
1,1,0.945060,Male,White
0,0,0.375037,Male,White
1,0,0.390637,Male,White
0,0,0.141824,Female,White
1,0,0.403647,Male,Asian
1,1,0.657099,Female,Asian
1,1,0.622952,Female,White
0,0,0.011639,Female,Other
0,0,0.006548,Female,White
1,0,0.282450,Male,White
0,1,0.749131,Male,White
0,0,0.063443,Female,White
1,1,0.543802,Male,White
1,1,0.782294,Male,White
1,0,0.456859,Female,White
1,0,0.456859,Female,White
0,0,0.259460,Male,Two or more
1,1,0.929381,Male,White
0,0,0.221960,Male,White
0,0,0.041949,Female,White
1,1,0.776847,Female,White
1,1,0.959195,Female,White
0,0,0.204694,Female,White
0,0,0.383844,Female,White
1,0,0.370034,Male,Other
0,0,0.376928,Male,White
0,0,0.311382,Male,White
0,1,0.952562,Male,White
1,0,0.409880,Male,White
1,1,0.508965,Female,White
1,1,0.654751,Female,Asian
1,1,0.660333,Male,White
0,0,0.305984,Female,White
0,0,0.190841,Male,White
1,0,0.052513,Female,White
1,1,0.766325,Male,White
0,0,0.376021,Male,White
1,1,0.774900,Male,White
0,0,0.065277,Female,Black
1,1,0.669649,Female,White
1,1,0.672925,Male,White
1,1,0.759584,Male,White
0,0,0.090586,Female,Two or more
0,0,0.177930,Male,Two or more
0,0,0.055144,Female,White
1,1,0.764945,Male,Asian
0,0,0.102778,Male,White
0,0,0.372919,Male,Two or more
1,1,0.771179,Male,White
0,1,0.501020,Male,White
1,0,0.130880,Male,NHPI
1,1,0.699572,Female,White
0,1,0.694656,Female,Asian
0,0,0.465421,Male,Asian
0,1,0.512049,Male,Black
1,1,0.671395,Female,Asian
0,0,0.060224,Female,Other
1,1,0.821397,Male,White
0,0,0.372696,Male,Black
1,1,0.549327,Female,Asian
0,0,0.084194,Female,White
0,0,0.261188,Male,White
0,1,0.933138,Male,White
1,1,0.819345,Male,Asian
0,0,0.133492,Female,White
0,0,0.223910,Male,American Indian
1,1,0.907903,Male,White
0,0,0.131006,Male,White
0,0,0.010882,Male,White
0,1,0.825788,Male,Asian
1,0,0.380652,Female,White
0,0,0.017904,Male,Two or more
0,0,0.168339,Male,White
0,0,0.119102,Male,White
1,1,0.648373,Male,White
0,0,0.066657,Female,White
0,0,0.117116,Female,White
0,1,0.562077,Male,White
1,1,0.825386,Female,White
1,1,0.530345,Male,White
0,0,0.107260,Female,Black
0,0,0.273281,Female,White
1,1,0.591782,Female,Asian
0,0,0.045431,Male,White
1,0,0.418244,Male,White
0,0,0.381977,Female,White
0,0,0.137755,Female,White
0,1,0.774080,Male,White
0,0,0.054142,Female,White
0,1,0.816612,Male,White
1,0,0.304634,Male,White
1,1,0.929327,Male,White
0,1,0.805535,Female,Asian
0,0,0.497421,Male,White
0,0,0.420671,Male,Two or more
0,1,0.753155,Female,White
0,0,0.113305,Female,White
0,0,0.048550,Female,White
0,1,0.567920,Male,Two or more
0,0,0.211641,Male,White
1,1,0.865111,Male,White
0,1,0.759720,Female,White
1,1,0.832293,Male,White
0,0,0.051467,Female,White
1,1,0.736401,Male,White
0,0,0.207540,Male,White
1,0,0.201555,Female,White
0,0,0.203902,Female,Asian
1,1,0.977046,Female,White
1,1,0.577282,Male,White
0,0,0.080699,Male,White
1,0,0.425967,Male,White
0,0,0.174430,Male,White
0,1,0.817563,Female,White
0,1,0.520258,Male,White
1,1,0.939799,Male,White
1,1,0.945339,Male,White
0,0,0.141858,Female,White
0,0,0.303084,Male,American Indian
1,1,0.533142,Male,White
0,1,0.579212,Male,Asian
0,0,0.451929,Male,White
1,1,0.523475,Male,Two or more
1,0,0.332557,Male,White
1,0,0.179821,Female,White
1,1,0.667453,Male,White
1,0,0.101922,Female,White
0,0,0.365851,Male,White
1,1,0.957680,Male,White
1,1,0.892049,Female,White
0,0,0.473191,Male,White
0,0,0.238281,Female,White
0,0,0.429407,Female,White
0,1,0.854342,Male,White
0,0,0.173469,Female,Asian
1,0,0.247198,Female,White
1,1,0.729650,Male,White
0,0,0.125719,Female,White
0,0,0.344031,Male,Asian
0,0,0.233036,Female,White
1,1,0.841672,Female,White
0,0,0.403715,Female,White
1,1,0.833264,Male,Asian
0,0,0.297178,Female,Asian
1,1,0.964264,Male,White
0,1,0.870039,Male,White
0,0,0.337181,Female,White
0,0,0.021899,Female,White
1,1,0.827264,Female,Black
1,1,0.756862,Female,White
0,0,0.123778,Female,White
0,0,0.447440,Male,White
1,1,0.569294,Male,White
1,1,0.665449,Female,Asian
0,0,0.114625,Female,White
1,1,0.801059,Female,White
1,1,0.835190,Male,White
1,1,0.511394,Female,Two or more
0,0,0.229077,Female,Other
1,0,0.429078,Female,Asian
1,1,0.942722,Male,White
0,1,0.868330,Male,White
0,1,0.842700,Male,White
0,1,0.717973,Male,White
0,0,0.383844,Female,White
1,1,0.734211,Male,White
1,1,0.976438,Male,White
0,0,0.097120,Male,White
1,1,0.833552,Male,White
0,0,0.433693,Male,Other
1,1,0.663582,Female,White
1,1,0.800131,Male,Two or more
1,1,0.683673,Female,White
1,1,0.573609,Male,Two or more
0,1,0.556611,Female,American Indian
0,0,0.113301,Male,White
1,1,0.915847,Male,White
1,1,0.551492,Male,White
0,0,0.030431,Female,White
1,0,0.151376,Female,White
1,1,0.521082,Female,White
1,1,0.613980,Male,White
1,0,0.177440,Female,White
1,1,0.594993,Female,White
1,0,0.487797,Male,Black
1,1,0.962072,Male,Asian
1,1,0.854876,Female,White
1,1,0.803414,Male,White
1,1,0.904253,Male,White
0,1,0.767330,Male,White
0,0,0.169253,Male,Asian
0,1,0.719349,Female,Asian
0,1,0.539082,Female,White
0,0,0.311382,Male,White
1,1,0.842790,Male,Asian
1,1,0.955136,Male,White
1,0,0.499647,Female,White
0,0,0.128153,Female,White
1,1,0.582417,Female,White
1,0,0.244122,Female,White
0,0,0.248095,Female,Asian
0,0,0.481586,Female,White
0,0,0.467521,Female,White
1,1,0.840258,Male,White
0,0,0.333972,Female,White
0,0,0.445046,Male,White
1,1,0.852071,Male,White
0,0,0.044978,Female,White
1,0,0.347041,Male,White
0,0,0.018229,Female,White
0,1,0.502273,Male,White
0,0,0.286526,Female,White
1,0,0.368630,Female,White
0,0,0.062343,Female,White
0,0,0.313796,Male,White
1,1,0.797588,Female,White
0,0,0.080284,Male,White
1,1,0.903684,Male,White
1,1,0.610821,Male,Asian
0,0,0.350585,Male,White
0,0,0.214385,Male,Two or more
0,0,0.011472,Female,White
0,0,0.090862,Male,White
0,0,0.168339,Male,White
0,0,0.092429,Male,White
0,1,0.597697,Female,White
1,1,0.655209,Female,White
1,1,0.891344,Male,White
1,1,0.589065,Female,Asian
0,1,0.711952,Male,White
1,1,0.919433,Female,White
0,0,0.459960,Female,White
0,1,0.555435,Male,Two or more
1,0,0.375940,Male,Asian
0,0,0.350861,Female,Asian
1,1,0.840927,Male,White
0,0,0.083975,Female,White
0,1,0.536803,Male,White
0,0,0.282450,Male,White
0,0,0.218317,Male,White
0,0,0.086406,Male,White
0,0,0.165600,Female,White
0,0,0.183175,Female,White
1,1,0.624241,Male,White
0,1,0.863887,Male,White
0,0,0.230558,Male,White
0,1,0.788910,Female,White
1,1,0.923929,Female,White
1,1,0.728439,Male,White
0,1,0.674436,Male,White
0,1,0.636850,Male,White
0,0,0.201630,Female,Asian
0,0,0.105980,Female,Black
0,1,0.566847,Male,White
1,1,0.921213,Male,White
0,0,0.048162,Male,Asian
1,1,0.548145,Male,White
0,0,0.090924,Female,White
1,0,0.437013,Male,White
1,1,0.515778,Male,NHPI
0,0,0.498370,Male,White
0,1,0.847821,Female,White
1,1,0.871792,Male,White
0,0,0.435483,Male,White
0,0,0.105967,Male,White
1,1,0.924271,Male,White
0,0,0.420476,Female,White
1,1,0.961137,Female,White
1,1,0.870615,Female,White
0,0,0.207540,Male,White
0,0,0.153765,Female,White
0,0,0.355155,Male,White
1,0,0.056064,Female,White
0,0,0.300157,Male,White
1,1,0.937117,Male,White
0,1,0.613378,Male,White
1,1,0.719561,Female,White
1,1,0.844462,Male,White
0,1,0.852071,Male,White
0,0,0.379093,Male,White
0,0,0.380070,Male,Asian
1,1,0.727828,Male,White
1,1,0.562077,Male,White
1,1,0.789635,Female,White
0,1,0.603158,Male,White
1,1,0.595066,Male,Black
1,0,0.448635,Male,Asian
0,0,0.274494,Female,Asian
0,0,0.039149,Female,White
1,1,0.936399,Male,Other
0,0,0.036614,Female,White
0,0,0.129354,Male,Two or more
1,1,0.606266,Female,Two or more
1,0,0.440373,Female,White
0,1,0.744782,Female,White
0,0,0.114354,Female,Asian
1,1,0.617242,Male,White
1,0,0.192585,Female,White
1,1,0.721110,Male,White
0,0,0.137755,Female,White
0,1,0.668938,Male,Alaska Native
1,1,0.573107,Male,Asian
1,1,0.909349,Male,Asian
1,1,0.803967,Female,Asian
0,1,0.720388,Female,Two or more
0,0,0.026021,Male,White
0,0,0.491285,Female,Two or more
0,0,0.248429,Male,White
0,0,0.093012,Female,White
0,0,0.102591,Male,White
1,1,0.895623,Male,White
0,0,0.179668,Female,Asian
0,1,0.566597,Male,White
0,0,0.333972,Female,White
0,1,0.655181,Male,White
0,1,0.663415,Male,White
1,0,0.417982,Female,White
0,1,0.926890,Female,White
0,0,0.154497,Female,White
1,1,0.653770,Male,White
1,1,0.640892,Male,White
0,0,0.496267,Female,White
1,1,0.557411,Female,White
1,1,0.848753,Female,White
1,1,0.787033,Female,White
1,1,0.955136,Male,White
1,1,0.759720,Female,White
0,0,0.174430,Male,White
1,1,0.780718,Female,White
0,1,0.630961,Male,White
1,0,0.478213,Female,White
1,1,0.827219,Male,Asian
0,0,0.017671,Female,White
0,0,0.482989,Female,White
0,1,0.544843,Male,White
0,0,0.234905,Female,White
0,0,0.141176,Female,White
1,1,0.743570,Male,White
0,0,0.127328,Female,White
0,0,0.231130,Male,White
0,1,0.650704,Male,White
1,0,0.205789,Female,Asian
0,0,0.034586,Male,Asian
0,1,0.954463,Male,White
0,1,0.765563,Female,White
0,1,0.592283,Female,White
1,0,0.390815,Female,White
1,1,0.935364,Male,White
1,1,0.574162,Female,White
0,1,0.752849,Female,White
1,1,0.833552,Male,White
1,1,0.602102,Female,Asian
1,1,0.841095,Male,White
0,0,0.096694,Female,White
0,1,0.840314,Male,White
0,0,0.135933,Female,White
1,0,0.246154,Female,White
0,0,0.135955,Male,White
0,1,0.835715,Female,Asian
1,1,0.732708,Male,Asian
1,1,0.820111,Male,Black
1,1,0.757015,Female,White
0,0,0.436236,Male,White
1,1,0.808367,Male,White
1,1,0.681412,Male,White
1,1,0.780019,Male,Asian
0,0,0.101372,Male,Asian
0,0,0.268837,Female,White
0,1,0.846148,Male,White
1,1,0.757526,Male,White
1,1,0.697751,Male,White
1,0,0.272725,Female,White
0,0,0.331533,Female,White
1,0,0.298252,Female,White
0,0,0.006464,Male,White
0,0,0.225457,Female,White
0,0,0.170411,Female,Asian
1,1,0.524482,Male,Black
0,0,0.458820,Female,White
0,0,0.260297,Female,White
0,1,0.516171,Male,Asian
0,0,0.419638,Male,White
0,0,0.282975,Female,White
1,0,0.477580,Female,White
1,1,0.874370,Female,White
1,1,0.857396,Male,White
0,0,0.172122,Male,White
0,0,0.497421,Male,White
0,0,0.028279,Female,Other
0,1,0.891123,Male,White
0,0,0.368207,Female,White
0,0,0.134156,Male,NHPI
1,1,0.825220,Female,Asian
1,1,0.549774,Female,Asian
0,0,0.181638,Female,White
0,0,0.202095,Male,Two or more
0,0,0.281003,Male,Asian
1,1,0.740089,Female,Asian
1,1,0.577463,Female,White
0,0,0.183352,Female,White
0,0,0.075942,Female,White
0,0,0.207263,Female,Asian
1,1,0.743688,Male,White
0,0,0.338119,Female,White
0,0,0.207451,Female,White
0,0,0.301879,Female,White
1,1,0.789511,Male,White
1,0,0.309244,Male,White
0,1,0.744314,Male,American Indian
0,0,0.256524,Male,White
1,0,0.121624,Female,White
1,1,0.678677,Male,Asian
1,1,0.723916,Female,White
1,0,0.373158,Female,White
0,0,0.485547,Female,White
0,0,0.113839,Female,White
0,0,0.218361,Female,White
0,0,0.142580,Male,White
1,0,0.465576,Male,Asian
0,0,0.133672,Female,White
0,0,0.093592,Female,White
0,1,0.969060,Male,White
0,0,0.102962,Male,Other
1,1,0.675529,Male,White
0,1,0.684860,Male,White
1,1,0.979432,Male,White
0,1,0.587311,Male,White
1,0,0.337955,Female,White
0,1,0.593212,Male,White
0,0,0.477826,Male,White
0,0,0.008225,Male,American Indian
1,0,0.420294,Male,White
1,1,0.905334,Female,Asian
1,1,0.568968,Female,White
1,0,0.228640,Female,White
1,1,0.568904,Male,Asian
1,1,0.796652,Male,White
1,1,0.660948,Female,Asian
1,1,0.700595,Male,White
1,1,0.728439,Male,White
1,1,0.901780,Male,White
1,1,0.947576,Male,White
1,1,0.690094,Female,White
0,0,0.492950,Male,White
0,0,0.152526,Female,Other
0,0,0.014439,Female,Other
1,1,0.885501,Male,White
1,1,0.649426,Male,White
0,0,0.295624,Male,White
1,1,0.909122,Male,White
0,1,0.520062,Female,White
0,0,0.307307,Female,White
0,1,0.561452,Male,White
0,0,0.244975,Male,White
0,0,0.213863,Female,White
1,1,0.726873,Male,White
1,1,0.688628,Male,White
0,1,0.806816,Male,White
0,1,0.666057,Male,White
0,1,0.893045,Male,White
0,0,0.421750,Male,White
0,0,0.101452,Female,White
0,0,0.024715,Male,White
0,0,0.043901,Female,White
1,1,0.732278,Male,American Indian
0,0,0.469906,Male,White
1,1,0.630652,Female,White
0,0,0.353898,Female,White
1,0,0.277152,Female,White
1,0,0.389301,Male,White
1,0,0.422746,Male,White
1,1,0.696126,Male,White
1,1,0.572606,Male,White
1,0,0.369127,Female,White
1,0,0.286771,Male,White
1,1,0.916823,Female,White
1,1,0.877414,Male,Asian
1,1,0.789511,Male,White
1,0,0.303656,Female,White
0,0,0.126282,Female,White
0,0,0.057693,Female,White
1,1,0.779182,Female,Asian
0,0,0.233681,Male,White
1,0,0.493551,Female,Two or more
1,0,0.141176,Female,White
1,1,0.692876,Female,White
0,1,0.683673,Female,White
0,0,0.363767,Female,White
1,0,0.320653,Male,White
0,0,0.020379,Female,White
1,1,0.545369,Female,American Indian
1,0,0.493458,Female,White
0,0,0.404326,Female,White
1,1,0.754942,Female,White
1,0,0.360643,Female,White
0,0,0.120169,Male,American Indian
1,1,0.978227,Female,White
1,1,0.793092,Male,White
0,0,0.270805,Female,White
0,0,0.168267,Female,Two or more
0,0,0.154418,Female,White
0,0,0.454651,Male,White
1,1,0.608438,Male,Other
0,0,0.046474,Female,Other
1,1,0.831598,Female,White
0,0,0.358656,Male,White
1,1,0.974358,Male,White
0,0,0.203881,Female,White
0,0,0.144914,Male,White
0,0,0.018362,Female,White
0,1,0.618505,Male,White
0,0,0.029960,Female,Asian
1,1,0.960386,Male,White
1,1,0.775030,Female,White
1,0,0.335760,Male,White
0,0,0.106873,Female,White
1,0,0.454651,Male,White
1,1,0.772533,Male,White
1,1,0.551132,Male,Asian
0,0,0.272789,Male,Other
1,1,0.785964,Male,White
1,0,0.444848,Female,White
1,1,0.790546,Male,White
0,0,0.227826,Female,White
0,0,0.121189,Female,White
0,0,0.249490,Female,White
1,1,0.519493,Male,White
0,0,0.240507,Male,White
0,0,0.339678,Male,White
1,0,0.429087,Male,White
1,0,0.373321,Male,American Indian
0,1,0.511256,Male,Asian
1,1,0.724131,Male,White
1,1,0.719152,Female,Asian
1,1,0.797905,Male,Asian
0,0,0.193744,Male,White
0,0,0.198564,Female,White
1,0,0.196995,Male,White
0,0,0.103712,Female,White
0,0,0.115840,Male,White
1,1,0.593639,Female,White
0,0,0.134712,Male,White
1,1,0.893915,Male,White
0,1,0.570609,Male,White
1,1,0.942536,Male,White
0,0,0.234152,Female,White
0,0,0.200533,Male,White
0,0,0.105034,Female,White
0,1,0.669144,Female,White
0,0,0.344152,Female,White
0,1,0.514715,Male,White
0,0,0.348545,Female,White
0,0,0.264947,Male,White
0,0,0.497863,Female,Two or more
1,1,0.711952,Male,White
1,0,0.458635,Male,White
1,0,0.248719,Female,White
0,0,0.200533,Male,White
1,1,0.829113,Male,White
1,1,0.924966,Male,White
0,1,0.576907,Female,White
0,0,0.191434,Female,White
1,0,0.300562,Male,White
0,0,0.160408,Female,White
0,1,0.761110,Male,Asian
1,1,0.781336,Male,White
1,1,0.720388,Female,Two or more
0,0,0.327027,Male,White
0,0,0.006778,Female,White
0,0,0.096694,Female,White
0,1,0.577039,Male,White
0,1,0.520449,Female,White
1,1,0.751663,Male,White
0,0,0.239302,Female,White
1,1,0.697796,Male,Asian
0,0,0.005965,Female,White
1,1,0.652197,Female,Asian
0,0,0.085172,Male,White
0,0,0.178037,Female,White
1,1,0.555135,Female,Asian
1,1,0.921529,Male,White
0,0,0.066743,Female,White
0,1,0.507762,Male,White
0,0,0.223061,Female,White
0,0,0.172998,Female,White
1,1,0.950790,Male,White
1,0,0.074196,Female,White
1,1,0.833841,Male,White
1,0,0.366901,Female,White
0,0,0.187132,Male,White
0,0,0.040575,Female,Asian
1,1,0.648023,Male,White
1,0,0.138586,Male,Other
1,1,0.541045,Female,White
0,0,0.109029,Male,White
1,1,0.948850,Male,White
0,0,0.056507,Female,White
0,0,0.187132,Male,White
0,0,0.288075,Female,White
0,0,0.075445,Male,White
0,0,0.094950,Male,White
1,1,0.660557,Female,White
0,0,0.368481,Male,White
0,0,0.180441,Male,American Indian
1,0,0.106561,Female,Other
1,1,0.794846,Female,White
0,0,0.468888,Male,White
0,0,0.108630,Male,White
1,1,0.582452,Male,White
1,1,0.810101,Male,White
0,0,0.007865,Male,Two or more
1,1,0.835105,Male,White
0,0,0.381741,Male,White
0,0,0.174612,Male,Two or more
1,1,0.663415,Male,White
0,1,0.529355,Male,White
0,0,0.457377,Female,White
1,1,0.985783,Male,White
0,1,0.704593,Male,White
0,0,0.263362,Male,White
0,1,0.845281,Male,White
0,1,0.576907,Female,White
0,1,0.660333,Male,White
0,0,0.438965,Female,White
0,1,0.866271,Male,White
0,0,0.029322,Male,White
1,1,0.855936,Male,Black
0,0,0.117142,Female,White
0,0,0.352902,Female,White
0,0,0.141591,Female,Other
0,0,0.012094,Male,White
0,0,0.379093,Male,White
0,0,0.459091,Male,White
1,1,0.749131,Male,White
0,0,0.250824,Female,White
0,0,0.187047,Male,Asian
1,1,0.845932,Male,White
0,0,0.018529,Male,White
0,0,0.456483,Female,Two or more
1,1,0.651979,Male,White
1,0,0.394039,Female,White
1,1,0.670058,Female,Black
0,0,0.073531,Male,Black
1,0,0.067104,Male,White
0,1,0.766182,Male,White
1,0,0.478795,Male,White
1,0,0.466889,Female,White
0,0,0.096953,Female,Other
1,1,0.650402,Female,White
1,1,0.836768,Female,White
1,1,0.755689,Male,White
1,1,0.812800,Female,White
0,0,0.030184,Female,White
0,0,0.079888,Male,White
0,0,0.026885,Male,White
0,0,0.031567,Male,White
0,0,0.012743,Male,Asian
0,1,0.728697,Male,Asian
0,0,0.136055,Female,White
1,1,0.613378,Male,White
0,0,0.287450,Male,White
0,0,0.121624,Female,White
0,0,0.361878,Female,White
1,1,0.853123,Male,Asian
1,1,0.559941,Female,Two or more
1,1,0.604745,Male,Two or more
0,0,0.233310,Male,White
0,0,0.228640,Female,White
0,0,0.404326,Female,White
0,0,0.335760,Male,White
0,0,0.100632,Male,White
0,1,0.669649,Female,White
0,0,0.276052,Male,White
1,1,0.968246,Male,White
0,1,0.755689,Male,White
1,1,0.689176,Male,White
1,1,0.787291,Male,Asian
0,0,0.114796,Male,Other
1,1,0.772570,Male,Asian
1,0,0.482223,Female,Asian
1,1,0.678132,Male,White
1,1,0.906881,Male,White
1,0,0.286771,Male,White
1,0,0.481172,Female,White
1,0,0.317340,Male,NHPI
0,0,0.003493,Female,American Indian
0,0,0.330928,Male,NHPI
0,0,0.269697,Female,White
0,0,0.322376,Female,White
1,1,0.654867,Female,Two or more
1,1,0.809235,Male,White
1,1,0.609434,Male,White
1,1,0.840275,Female,White
1,1,0.792545,Male,Asian
1,1,0.802887,Male,White
0,0,0.247647,Male,White
0,0,0.143024,Male,Asian
0,0,0.408943,Female,White
1,1,0.978313,Male,White
1,1,0.630652,Female,White
0,0,0.171958,Male,White
0,0,0.004972,Female,Two or more
1,1,0.775030,Female,White
0,0,0.255749,Female,White
1,1,0.660437,Male,Asian
0,0,0.100429,Male,White
0,0,0.069780,Male,White
0,0,0.021092,Female,NHPI
0,1,0.646711,Male,White
0,0,0.294663,Female,White
1,1,0.826086,Male,White
0,0,0.380710,Male,White
0,0,0.156391,Female,White
0,0,0.172738,Female,White
1,0,0.479236,Female,Two or more
1,1,0.682295,Male,White
1,0,0.490297,Male,White
0,0,0.090363,Male,White
0,1,0.618113,Male,White
1,1,0.613980,Male,White
0,0,0.028320,Female,Asian
0,0,0.327662,Female,White
1,1,0.895235,Male,Asian
0,0,0.184538,Female,White
1,0,0.467521,Female,White
0,1,0.571985,Male,White
1,0,0.395011,Male,White
1,1,0.572606,Male,White
0,1,0.516118,Male,White
1,0,0.428047,Female,White
1,1,0.959595,Male,Black
0,1,0.755972,Male,White
0,0,0.424527,Female,White
1,1,0.800042,Male,White
1,0,0.399486,Male,White
0,0,0.444218,Female,White
0,1,0.966240,Male,White
1,0,0.278228,Female,White
0,0,0.177440,Female,White
1,0,0.454986,Female,White
1,0,0.268445,Male,White
0,0,0.167300,Female,White
1,0,0.416213,Female,White
0,0,0.307692,Male,White
0,0,0.086406,Male,White
1,1,0.707294,Female,Two or more
0,0,0.051855,Female,Asian
0,0,0.028146,Female,White
1,0,0.175349,Female,White
0,1,0.815769,Male,White
1,1,0.717137,Male,White
0,0,0.384697,Male,White
0,0,0.412539,Male,White
0,0,0.153623,Male,Other
0,0,0.431015,Female,Asian
0,0,0.224095,Male,Asian
1,1,0.809351,Female,White
1,1,0.845851,Male,White
1,1,0.559368,Male,White
0,0,0.338298,Female,White
1,1,0.950888,Male,White
1,1,0.566556,Female,White
1,0,0.411420,Female,White
0,1,0.860395,Male,White
0,0,0.260840,Female,White
0,1,0.737631,Female,White
0,0,0.183462,Male,White
1,1,0.832074,Male,White
0,0,0.130758,Male,Asian
1,0,0.324000,Male,White
0,0,0.456344,Female,Asian
1,1,0.550864,Male,White
1,0,0.486701,Male,White
1,0,0.353318,Female,White
0,0,0.188961,Female,White
1,1,0.840174,Male,White
0,0,0.151211,Female,White
0,0,0.326261,Male,White
1,1,0.976416,Male,White
0,0,0.019682,Female,Other
0,0,0.010149,Male,Two or more
0,0,0.223644,Male,White
0,0,0.160496,Male,White
0,0,0.017203,Female,White
1,0,0.318283,Female,White
0,1,0.730749,Male,Asian
0,0,0.213472,Female,Asian
1,1,0.779470,Female,White
1,1,0.725757,Male,White
0,0,0.433211,Female,White
0,0,0.229341,Female,Other
0,0,0.196909,Female,White
1,0,0.483567,Male,White
0,0,0.066958,Male,White
0,0,0.420294,Male,White
1,1,0.627372,Male,Asian
1,1,0.771497,Male,White
0,0,0.144052,Female,Black
0,0,0.390755,Female,White
1,1,0.535406,Male,White
1,0,0.343231,Female,White
0,1,0.655209,Female,White
1,1,0.715574,Male,Asian
0,0,0.129444,Male,Two or more
1,1,0.669649,Female,White
1,1,0.539082,Female,White
0,0,0.019346,Female,White
0,0,0.291747,Male,White
1,1,0.828422,Female,White
0,0,0.062930,Female,White
0,1,0.966165,Male,Asian
1,1,0.949828,Male,White
1,1,0.640205,Female,White
0,0,0.032939,Female,Black
0,0,0.126809,Male,Other
1,1,0.951219,Male,Asian
1,1,0.826220,Male,White
1,0,0.411420,Female,White
0,0,0.119888,Male,White
1,1,0.784140,Male,Other
1,1,0.719561,Female,White
0,0,0.093012,Female,White
0,0,0.242454,Male,White
0,1,0.751424,Female,Asian
1,0,0.432341,Female,White
1,1,0.634104,Male,White
0,0,0.059454,Female,White
0,0,0.131006,Male,White
0,0,0.480634,Male,Asian
1,0,0.294663,Female,White
0,0,0.380896,Male,Asian
1,0,0.401650,Female,Asian
1,1,0.560253,Female,White
1,0,0.388380,Female,White
1,1,0.751663,Male,White
1,1,0.768560,Male,White
0,0,0.005629,Female,White
0,1,0.567783,Female,White
0,0,0.399661,Female,White
0,0,0.057343,Male,White
1,1,0.566556,Female,White
0,0,0.177440,Female,White
1,1,0.502611,Female,White
0,0,0.449014,Female,White
1,1,0.832163,Male,White
1,1,0.646167,Female,White
1,0,0.178505,Female,White
0,0,0.055193,Female,White
0,0,0.237128,Male,White
1,0,0.453506,Female,White
1,1,0.894832,Male,White
1,1,0.919267,Female,White
0,0,0.216283,Male,Two or more
1,1,0.826194,Female,White
0,0,0.187132,Male,White
0,0,0.273088,Male,White
0,1,0.871304,Male,White
0,0,0.390866,Female,Asian
0,0,0.079868,Female,Other
1,0,0.479583,Male,White
0,0,0.031332,Female,White
1,1,0.864964,Male,White
0,1,0.517707,Female,White
1,1,0.826384,Male,White
1,1,0.809587,Male,White
0,0,0.057651,Female,Asian
1,1,0.522484,Female,White
1,1,0.794724,Male,White
0,1,0.703954,Male,Asian
0,0,0.088451,Male,White
0,0,0.044184,Male,Black
0,1,0.522452,Male,White
0,0,0.025271,Female,White
0,0,0.023478,Male,White
0,0,0.222669,Male,Two or more
1,0,0.467135,Male,White
0,0,0.187756,Male,Two or more
0,1,0.645455,Female,White
0,0,0.013232,Female,White
1,0,0.383304,Female,White
1,1,0.784377,Male,White
0,0,0.018216,Female,White
0,0,0.429830,Female,White
0,0,0.248249,Female,American Indian
0,0,0.286771,Male,White
1,1,0.522452,Male,White
0,0,0.292916,Female,White
0,1,0.839502,Male,White
1,1,0.516249,Female,Black
0,0,0.014751,Female,White
0,0,0.280541,Female,White
0,1,0.650646,Male,White
0,1,0.661815,Female,White
0,0,0.318283,Female,White
0,0,0.022888,Female,Two or more
0,0,0.383844,Female,White
1,1,0.855761,Male,Asian
0,1,0.692546,Male,White
1,1,0.972091,Male,White
1,1,0.741541,Male,White
0,0,0.397279,Male,White
1,1,0.879100,Male,White
1,1,0.823747,Female,White
0,0,0.067047,Male,White
0,0,0.444038,Male,White
1,1,0.551492,Male,White
1,0,0.456859,Female,White
1,1,0.929252,Male,Asian
1,1,0.823874,Female,White
1,1,0.752849,Female,White
0,0,0.045207,Male,Two or more
1,1,0.952815,Male,White
1,1,0.669682,Male,White
0,0,0.027644,Female,Other
1,1,0.734357,Female,White
0,1,0.539987,Male,Two or more
0,0,0.049492,Male,White
0,1,0.508145,Male,White
0,0,0.176385,Male,Two or more
0,0,0.374892,Male,White
0,0,0.188102,Female,White
1,1,0.920176,Male,American Indian
0,0,0.387985,Female,White
1,0,0.400834,Male,White
1,1,0.804734,Male,Asian
1,0,0.456859,Female,White
1,1,0.594189,Female,White
1,0,0.270504,Male,Other
0,0,0.184882,Female,White
1,1,0.554273,Male,White
1,1,0.616045,Male,American Indian
1,1,0.505648,Male,White
1,0,0.490297,Male,White
0,0,0.089039,Female,White
0,0,0.102789,Female,White
1,1,0.515951,Male,White
0,1,0.679482,Male,American Indian
0,0,0.343825,Female,Asian
1,1,0.822949,Male,White
0,0,0.236801,Female,White
0,0,0.334213,Female,Asian
0,0,0.442898,Female,White
0,1,0.656135,Female,Two or more
1,1,0.800042,Male,White
1,1,0.940675,Male,White
1,1,0.916400,Male,White
1,1,0.992393,Male,Asian
0,0,0.144235,Female,White
0,0,0.163603,Male,White
0,0,0.086406,Male,White
1,1,0.870123,Female,White
0,0,0.424527,Female,White
1,1,0.569740,Male,White
0,1,0.752849,Female,White
1,1,0.640941,Male,Asian
1,1,0.694782,Male,White
0,0,0.160408,Female,White
0,1,0.877117,Male,White
1,1,0.920394,Male,White
0,0,0.073541,Female,White
0,0,0.104968,Female,White
1,1,0.614127,Male,White
1,0,0.379529,Male,Black
1,1,0.644015,Male,American Indian
0,0,0.057352,Female,American Indian
1,1,0.748074,Male,White
0,0,0.005629,Female,White
0,0,0.033572,Female,Other
0,1,0.542752,Female,White
1,1,0.895429,Male,White
1,1,0.759697,Male,White
0,0,0.117116,Female,White
1,1,0.828422,Female,White
1,1,0.826086,Male,White
0,0,0.021129,Female,White
0,0,0.276687,Female,Asian
0,0,0.214641,Male,White
0,0,0.472287,Female,White
0,0,0.260837,Male,White
0,0,0.023552,Female,Other
0,0,0.311101,Male,White
0,0,0.098889,Male,White
0,0,0.234451,Female,White
1,1,0.762641,Female,White
1,1,0.734306,Female,Two or more
1,0,0.200533,Male,White
0,0,0.200733,Male,White
0,0,0.042581,Female,White
0,0,0.036887,Female,Other
1,1,0.510369,Female,White
0,0,0.321088,Female,White
1,1,0.893305,Male,White
1,1,0.524268,Male,White
1,1,0.840927,Male,White
0,0,0.022406,Female,Other
1,1,0.598067,Male,White
0,0,0.138622,Female,White
0,0,0.255725,Male,White
1,0,0.232627,Female,White
0,0,0.055984,Female,Two or more
1,1,0.606598,Male,White
0,1,0.665919,Male,White
1,1,0.971972,Male,White
0,0,0.373158,Female,White
0,0,0.168339,Male,White
1,1,0.636850,Male,White
1,1,0.630652,Female,White
1,0,0.342946,Female,White
1,1,0.855291,Male,Two or more
0,0,0.476263,Male,Asian
0,0,0.016775,Male,White
0,1,0.684887,Female,White
0,0,0.223454,Female,White
0,0,0.207340,Female,American Indian
0,0,0.131906,Male,White
0,1,0.811510,Female,White
0,1,0.541358,Female,White
0,0,0.418452,Female,White
0,0,0.118514,Male,White
0,0,0.233147,Female,White
0,1,0.870757,Female,White
0,0,0.491888,Female,White
1,1,0.794724,Male,White
0,0,0.387651,Female,Asian
1,1,0.618680,Female,White
0,0,0.124963,Female,White
0,0,0.152885,Female,Asian
1,1,0.779755,Female,White
0,1,0.540860,Male,White
1,1,0.706402,Male,White
0,0,0.068492,Male,White
0,0,0.063948,Male,White
1,1,0.522097,Male,White
0,0,0.183675,Male,White
1,1,0.870531,Male,White
0,0,0.206991,Female,White
0,0,0.229456,Male,White
0,0,0.396873,Female,White
0,1,0.531775,Female,White
1,1,0.718275,Male,White
1,1,0.933423,Male,White
0,1,0.708081,Female,Asian
1,0,0.141932,Female,White
0,0,0.196555,Male,White
1,0,0.300157,Male,White
1,1,0.835105,Male,White
1,1,0.506473,Female,White
0,0,0.193024,Female,White
0,0,0.008529,Male,White
0,1,0.590244,Male,Asian
0,0,0.161792,Female,White
1,0,0.428047,Female,White
0,1,0.833050,Female,White
1,0,0.371670,Male,White
0,0,0.208547,Female,White
1,0,0.267839,Female,White
1,1,0.789614,Male,White
1,1,0.584616,Female,White
1,0,0.405500,Male,White
0,1,0.576978,Male,White
1,1,0.846582,Male,White
1,1,0.702249,Male,White
1,1,0.800698,Male,Two or more
0,1,0.829902,Female,White
0,0,0.269468,Male,White
1,1,0.534726,Female,White
1,1,0.834825,Male,Asian
1,1,0.701503,Female,Asian
0,1,0.584169,Male,American Indian
1,1,0.787033,Female,White
0,0,0.386869,Male,White
1,1,0.879736,Male,Two or more
0,0,0.131091,Female,White
0,0,0.378518,Male,White
0,0,0.335760,Male,White
1,0,0.317370,Female,Asian
1,1,0.725757,Male,White
0,0,0.032336,Female,White
0,1,0.662837,Female,White
1,1,0.558746,Male,White
0,1,0.532921,Male,White
0,1,0.571289,Male,White
0,1,0.703075,Male,White
1,0,0.453013,Male,White
1,1,0.888240,Male,White
1,1,0.860139,Male,White
1,0,0.468924,Female,White
1,1,0.867567,Male,White
1,1,0.887194,Female,White
1,0,0.496017,Male,White
0,0,0.010535,Female,Two or more
1,1,0.734211,Male,White
0,1,0.779168,Male,White
0,0,0.245225,Female,White
1,1,0.821306,Male,White
0,0,0.068729,Female,Other
1,0,0.233147,Female,White
0,0,0.193744,Male,White
1,1,0.702349,Male,Asian
1,1,0.776275,Male,White
1,1,0.586352,Male,White
1,0,0.484320,Female,Black
1,0,0.356614,Female,White
1,1,0.703103,Male,White
1,0,0.479770,Female,White
1,0,0.193744,Male,White
1,0,0.337181,Female,White
1,1,0.871163,Male,White
0,0,0.228973,Female,White
0,0,0.486950,Female,White
1,1,0.835877,Male,White
1,1,0.874278,Female,White
1,1,0.751663,Male,White
1,1,0.937326,Male,White
0,0,0.240603,Female,White
1,1,0.794351,Male,White
1,1,0.536573,Male,White
1,0,0.171265,Female,White
1,1,0.615634,Female,White
1,1,0.965149,Male,White
0,1,0.872419,Male,White
1,1,0.590244,Male,Asian
0,0,0.412168,Male,Two or more
1,1,0.836255,Male,Asian
1,1,0.754576,Female,Asian
1,0,0.240903,Female,White
1,1,0.842845,Male,White
1,1,0.660389,Male,White
1,0,0.415783,Female,Asian
1,1,0.771179,Male,White
1,1,0.590557,Male,White
1,0,0.305984,Female,White
1,0,0.476811,Female,White
0,0,0.261188,Male,White
0,0,0.101806,Female,White
0,0,0.309392,Male,Other
0,1,0.856268,Female,White
1,1,0.878328,Male,White
1,1,0.636879,Female,White
0,0,0.461611,Female,White
0,1,0.927282,Male,White
0,0,0.052430,Male,White
1,1,0.878239,Male,White
1,1,0.799411,Female,White
1,0,0.354660,Female,White
0,0,0.022286,Female,White
1,1,0.952853,Male,White
1,1,0.643998,Male,White
1,1,0.603765,Male,White
1,1,0.608333,Male,White
1,1,0.958050,Male,White
0,0,0.213863,Female,White
0,1,0.751663,Male,White
1,1,0.986925,Male,White
0,1,0.911352,Male,White
0,1,0.803512,Male,White
1,0,0.342146,Male,White
1,1,0.796551,Male,White
0,0,0.317990,Male,White
0,0,0.132936,Male,White
0,0,0.122224,Female,White
0,1,0.697471,Female,White
0,0,0.083309,Female,Two or more
1,1,0.857506,Male,Other
1,1,0.859440,Female,White
0,1,0.789259,Male,Two or more
0,1,0.660389,Male,White
1,1,0.583069,Male,White
0,0,0.054045,Female,White
1,1,0.579831,Male,Asian
0,1,0.676787,Female,White
0,0,0.106744,Male,White
1,1,0.988471,Male,White
0,0,0.210407,Female,White
0,0,0.473191,Male,White
1,1,0.796551,Male,White
0,0,0.112951,Male,Other
0,0,0.230182,Male,Two or more
0,0,0.124971,Female,Black
1,1,0.716404,Female,White
0,1,0.622777,Male,White
1,1,0.697314,Male,White
0,1,0.612648,Male,White
1,0,0.344152,Female,White
1,1,0.739505,Male,White
0,0,0.086465,Female,White
1,1,0.804734,Male,Asian
0,0,0.105412,Male,White
1,1,0.709514,Male,White
1,1,0.981364,Male,White
1,1,0.909581,Female,White
0,0,0.151126,Female,White
1,1,0.911171,Male,White
0,0,0.222975,Male,White
1,1,0.942501,Male,White
1,1,0.672925,Male,White
1,0,0.499647,Female,White
1,1,0.956292,Male,White
1,1,0.607789,Male,White
0,0,0.269550,Male,White
1,1,0.890952,Female,White
0,0,0.177943,Male,White
0,0,0.252941,Female,White
1,1,0.896418,Male,White
0,0,0.265392,Male,White
1,1,0.768822,Male,Asian
0,1,0.865443,Male,Two or more
1,1,0.976416,Male,White
0,0,0.199793,Female,White
1,1,0.764945,Male,Asian
0,0,0.153765,Female,White
0,0,0.098217,Female,Asian
1,0,0.363767,Female,White
1,1,0.568968,Female,White
1,1,0.663415,Male,White
1,0,0.279139,Male,Asian
0,0,0.203417,Male,White
0,0,0.209940,Female,White
1,1,0.508145,Male,White
0,1,0.516671,Female,Asian
1,1,0.649684,Female,White
1,0,0.248835,Female,White
1,1,0.797580,Female,White
1,1,0.927219,Male,White
1,0,0.476811,Female,White
0,0,0.270805,Female,White
1,0,0.235377,Male,White
0,0,0.058364,Female,White
0,0,0.117540,Female,Two or more
0,0,0.415881,Male,White
1,1,0.896950,Female,White
0,1,0.713442,Male,White
0,0,0.033059,Female,White
1,1,0.613635,Male,Asian
0,0,0.127527,Female,White
1,1,0.691196,Male,Two or more
1,1,0.575493,Male,American Indian
0,0,0.128692,Female,White
0,0,0.419350,Female,White
0,0,0.190309,Female,White
0,0,0.273838,Male,White
0,1,0.764261,Male,Two or more
0,1,0.505068,Female,White
0,0,0.069601,Female,Other
0,1,0.545299,Male,White
0,0,0.026153,Female,White
1,1,0.534954,Male,White
0,1,0.542440,Female,White
0,0,0.477580,Female,White
0,0,0.069329,Female,Black
0,0,0.197680,Male,White
1,1,0.610455,Female,White
0,0,0.479583,Male,White
0,0,0.194034,Male,Black
1,1,0.736103,Male,Two or more
1,1,0.653911,Male,White
1,0,0.437987,Male,Asian
0,0,0.118282,Female,White
1,1,0.794351,Male,White
0,0,0.380104,Female,Asian
1,1,0.607286,Female,Asian
0,0,0.126848,Male,White
0,0,0.128692,Female,White
1,1,0.862475,Female,Two or more
1,1,0.613011,Male,White
1,0,0.409819,Male,White
1,1,0.506927,Female,White
1,1,0.749131,Male,White
1,1,0.666089,Male,Two or more
0,0,0.363258,Male,Asian
0,1,0.626873,Male,White
0,0,0.062121,Female,Two or more
1,1,0.888796,Male,White
0,1,0.595608,Female,White
1,0,0.383844,Female,White
0,1,0.513331,Female,White
1,0,0.326669,Male,Black
0,0,0.124934,Female,White
1,1,0.921213,Male,White
1,1,0.804701,Male,White
1,1,0.803414,Male,White
1,1,0.802525,Male,White
1,0,0.482937,Male,White
1,1,0.656449,Male,White
0,0,0.260105,Male,White
0,0,0.307395,Female,Two or more
0,1,0.509548,Male,White
0,1,0.599177,Male,White
0,0,0.428271,Male,White
1,0,0.306445,Female,White
1,0,0.451929,Male,White
0,0,0.112753,Female,White
1,1,0.603765,Male,White
1,1,0.814519,Female,White
1,1,0.586648,Female,Asian
0,0,0.336069,Female,White
0,0,0.121321,Female,White
0,0,0.494676,Male,White
0,1,0.709668,Female,White
1,0,0.348484,Female,White
1,1,0.735451,Female,White
1,1,0.534186,Male,White
1,1,0.523498,Male,White
1,1,0.819117,Female,White
1,0,0.079882,Female,Asian
1,1,0.771607,Male,White
1,0,0.429830,Female,White
1,0,0.496267,Female,White
1,1,0.873577,Male,White
1,1,0.547146,Male,Black
0,0,0.030041,Female,Asian
1,0,0.380118,Male,Two or more
1,1,0.740935,Male,White
0,0,0.238669,Female,White
0,0,0.272418,Female,White
0,0,0.007871,Female,White
0,0,0.023847,Female,White
0,1,0.576729,Male,White
1,1,0.731753,Female,Asian
0,0,0.271170,Female,Black
0,0,0.092847,Female,White
1,1,0.956091,Male,White
0,1,0.898429,Male,White
1,1,0.671852,Female,White
0,0,0.084675,Female,White
0,1,0.718841,Female,Asian
1,1,0.650402,Female,White
0,1,0.970507,Female,White
1,1,0.785284,Female,White
0,0,0.420294,Male,White
1,1,0.903267,Male,White
0,0,0.117028,Male,White
0,0,0.156566,Male,White
0,0,0.401074,Female,White
1,0,0.279046,Female,White
1,1,0.679068,Female,White
1,1,0.709514,Male,White
0,0,0.004643,Female,Two or more
0,0,0.447594,Male,White
0,0,0.300827,Female,Two or more
0,0,0.057818,Female,White
1,1,0.783468,Male,White
1,0,0.307692,Male,White
1,1,0.960339,Male,White
1,1,0.913499,Male,White
1,1,0.502388,Female,White
0,1,0.741569,Male,Two or more
1,1,0.764668,Female,White
0,0,0.244393,Female,Asian
0,1,0.740984,Male,White
1,0,0.491732,Female,White
0,0,0.414195,Female,Asian
0,0,0.280490,Female,White
1,0,0.469869,Female,White
0,1,0.576907,Female,White
1,1,0.787033,Female,White
0,0,0.131732,Female,White
0,1,0.770318,Female,White
1,1,0.739904,Male,White
1,1,0.674443,Male,White
1,1,0.812815,Female,White
1,0,0.455465,Female,White
1,1,0.871163,Male,White
1,1,0.985169,Male,White
0,0,0.141116,Male,White
1,1,0.802525,Male,White
0,1,0.516748,Male,White
1,1,0.862888,Male,Asian
1,1,0.720117,Female,Asian
1,1,0.806201,Female,White
0,0,0.040606,Female,White
0,0,0.199422,Female,Asian
0,0,0.006349,Female,Asian
0,0,0.227046,Male,White
0,0,0.086887,Female,White
0,0,0.128347,Female,White
0,0,0.227046,Male,White
1,1,0.653770,Male,White
0,0,0.067198,Female,White
1,0,0.434658,Female,White
0,0,0.331587,Female,White
0,0,0.068556,Female,White
0,0,0.063117,Female,White
0,0,0.106595,Female,White
0,1,0.607286,Female,Asian
1,1,0.625461,Male,Asian
1,1,0.965575,Male,Asian
0,1,0.705709,Female,White
1,0,0.233036,Female,White
0,0,0.029420,Male,Other
1,0,0.354489,Male,White
0,1,0.657865,Male,White
0,0,0.075961,Female,White
1,1,0.612825,Female,White
1,0,0.149862,Male,Other
1,0,0.411472,Female,Asian
1,1,0.811313,Male,White
1,1,0.989373,Male,White
1,1,0.900976,Male,White
0,0,0.261188,Male,White
1,1,0.700595,Male,White
1,1,0.969728,Male,White
0,1,0.568968,Female,White
0,1,0.626547,Female,Two or more
1,0,0.454920,Male,Asian
1,1,0.744782,Female,White
1,1,0.837588,Male,White
1,1,0.602470,Male,Asian
1,1,0.635870,Female,White
1,0,0.188385,Female,Black
1,1,0.873660,Female,White
1,1,0.583069,Male,White
1,1,0.569294,Male,White
0,0,0.274957,Male,White
0,0,0.036252,Female,Two or more
0,0,0.257113,Male,White
0,1,0.595243,Female,White
1,1,0.875982,Female,White
1,1,0.711952,Male,White
0,0,0.291224,Male,White
1,1,0.610711,Male,White
1,1,0.513560,Male,White
0,0,0.167693,Female,White
0,0,0.252124,Female,White
0,0,0.016394,Male,Two or more
1,1,0.807139,Male,White
1,1,0.907825,Male,White
0,0,0.246650,Male,Other
0,0,0.190309,Female,White
0,0,0.057472,Male,White
0,0,0.383844,Female,White
1,1,0.560367,Female,Asian
1,0,0.338302,Female,White
0,0,0.046730,Male,White
1,1,0.797905,Male,Asian
0,0,0.200533,Male,White
1,1,0.890328,Male,White
0,1,0.612825,Female,White
1,1,0.747683,Male,White
0,0,0.121533,Male,Other
0,0,0.005294,Female,Other
1,1,0.924966,Male,White
0,0,0.466092,Male,White
0,0,0.214168,Male,Other
0,0,0.045406,Female,Other
1,1,0.831482,Female,White
0,0,0.226178,Female,White
1,0,0.307692,Male,White
0,0,0.031020,Female,White
0,0,0.048748,Male,White
0,0,0.447629,Female,White
0,1,0.846582,Male,White
0,0,0.308177,Female,White
0,0,0.318884,Male,Black
0,0,0.029215,Male,Black
0,0,0.393504,Male,White
0,0,0.109474,Female,Two or more
0,0,0.435631,Male,White
1,0,0.330289,Female,White
1,1,0.854177,Female,White
1,0,0.496267,Female,White
0,0,0.103948,Female,White
1,1,0.815017,Male,White
0,0,0.393669,Male,White
0,0,0.076844,Female,White
1,1,0.587713,Male,White
1,1,0.533142,Male,White
0,1,0.529558,Male,White
0,0,0.112741,Female,White
1,1,0.622323,Male,White
1,1,0.700595,Male,White
1,1,0.672925,Male,White
0,0,0.335760,Male,White
0,0,0.046514,Female,Black
1,0,0.442898,Female,White
1,1,0.760000,Male,White
0,0,0.229456,Male,White
0,0,0.438579,Female,White
0,0,0.240326,Female,White
1,1,0.834330,Male,White
1,1,0.802725,Male,White
0,0,0.025362,Female,White
0,0,0.373394,Male,White
1,0,0.402360,Female,White
0,0,0.384142,Female,White
0,0,0.017512,Female,White
0,0,0.394187,Female,White
1,1,0.929376,Female,White
0,0,0.363180,Female,White
1,1,0.796551,Male,White
0,1,0.505399,Male,White
0,1,0.990495,Male,Black
1,1,0.973999,Female,Black
1,1,0.879435,Male,White
1,1,0.944994,Male,White
0,0,0.163012,Male,Two or more
1,1,0.866271,Male,White
1,0,0.460030,Male,White
0,0,0.180743,Female,White
0,0,0.100506,Female,White
1,1,0.939799,Male,White
0,0,0.008856,Female,White
1,1,0.937204,Male,Asian
1,0,0.498211,Male,White
0,0,0.432341,Female,White
0,0,0.373751,Female,White
1,1,0.832267,Female,White
1,1,0.686107,Female,White
1,1,0.675529,Male,White
1,1,0.888796,Male,White
1,1,0.540230,Male,White
1,1,0.632176,Female,White
1,1,0.600465,Male,White
0,0,0.261188,Male,White
1,1,0.884930,Male,White
1,1,0.866921,Male,White
1,1,0.937039,Female,White
0,0,0.493105,Male,White
0,0,0.208247,Female,White
0,1,0.502528,Male,White
0,1,0.794018,Male,White
1,1,0.579779,Male,White
0,1,0.988850,Male,White
0,1,0.615487,Female,White
0,0,0.131034,Male,White
0,0,0.308757,Male,White
1,1,0.661351,Female,White
0,0,0.285405,Female,White
1,1,0.688575,Male,White
0,0,0.067055,Male,Asian
0,1,0.876898,Male,Asian
1,0,0.303326,Female,White
1,1,0.579779,Male,White
0,0,0.166269,Female,White
1,1,0.705554,Male,White
1,0,0.480457,Male,White
1,0,0.381741,Male,White
0,0,0.238281,Female,White
1,0,0.376530,Female,White
1,1,0.972456,Male,Two or more
1,1,0.740984,Male,White
0,1,0.613980,Male,White
1,0,0.327364,Male,White
1,1,0.807973,Male,White
0,0,0.148775,Male,Two or more
0,0,0.428087,Male,White
0,0,0.100506,Female,White
1,1,0.887848,Male,Asian
0,1,0.534186,Male,White
1,0,0.370592,Female,White
1,1,0.753224,Male,Asian
0,0,0.373158,Female,White
1,1,0.907354,Male,White
0,0,0.020730,Female,White
0,0,0.396724,Female,White
0,0,0.111037,Female,White
1,1,0.891887,Male,White
1,1,0.923083,Male,White
1,0,0.496711,Male,White
0,0,0.015783,Female,White
1,0,0.379152,Male,White
0,1,0.585979,Female,White
1,0,0.485271,Male,White
1,1,0.911352,Male,White
0,0,0.085821,Female,White
1,1,0.518860,Male,White
1,0,0.370592,Female,White
1,1,0.598868,Male,White
1,1,0.512157,Male,White
1,1,0.590373,Female,White
0,0,0.335357,Female,White
0,0,0.324499,Female,White
1,0,0.329268,Female,White
1,1,0.802525,Male,White
0,0,0.428047,Female,White
0,0,0.131675,Male,White
0,1,0.883987,Female,White
0,0,0.055192,Male,White
0,1,0.753609,Female,White
1,1,0.882538,Male,Asian
0,0,0.253110,Male,White
1,1,0.715430,Female,White
1,1,0.940361,Male,White
1,1,0.816071,Female,White
0,0,0.361709,Male,White
1,0,0.094121,Female,Black
1,0,0.140072,Female,Black
0,0,0.176983,Female,American Indian
1,1,0.610770,Male,White
1,1,0.903822,Female,White
0,0,0.374845,Female,Black
1,1,0.857148,Male,Asian
1,1,0.725540,Male,American Indian
0,0,0.031715,Female,White
1,1,0.778660,Male,White
0,1,0.682295,Male,White
0,1,0.600208,Female,White
0,0,0.319788,Male,White
1,0,0.497421,Male,White
0,0,0.116928,Female,White
1,1,0.816612,Male,White
0,0,0.198349,Male,White
0,0,0.289225,Female,White
1,1,0.845117,Male,White
1,1,0.610455,Female,White
0,0,0.259614,Male,White
1,1,0.903013,Male,Asian
0,0,0.219277,Male,White
1,1,0.835522,Female,White
1,1,0.556431,Male,Black
1,0,0.421846,Female,White
0,0,0.466889,Female,White
0,0,0.144754,Male,American Indian
0,1,0.588419,Male,American Indian
1,0,0.474840,Female,White
0,1,0.646284,Male,Two or more
1,1,0.920859,Female,White
0,0,0.136273,Female,Black
1,1,0.967106,Male,White
1,1,0.706568,Female,Black
1,1,0.656543,Male,Two or more
1,1,0.891959,Female,White
0,0,0.263975,Male,White
0,1,0.525855,Female,White
1,1,0.587492,Female,White
0,0,0.434282,Female,White
1,1,0.583069,Male,White
0,0,0.139006,Male,White
1,0,0.496320,Female,Asian
1,1,0.852071,Male,White
1,1,0.689278,Female,White
1,1,0.852071,Male,White
1,0,0.335788,Female,White
0,0,0.183041,Female,White
0,0,0.082443,Female,Black
1,1,0.555458,Male,White
0,0,0.193462,Female,White
0,0,0.119726,Female,White
0,1,0.795195,Male,Black
0,0,0.272393,Male,White
1,1,0.840927,Male,White
0,0,0.297588,Male,White
0,0,0.358285,Female,White
0,0,0.394187,Female,White
0,0,0.246201,Female,White
0,0,0.015951,Male,White
1,0,0.379689,Female,White
1,0,0.337385,Male,White
1,1,0.682295,Male,White
1,1,0.624095,Male,White
0,0,0.095207,Female,Asian
1,1,0.702249,Male,White
0,0,0.242850,Female,White
1,1,0.630121,Female,White
0,0,0.208547,Female,White
1,1,0.669942,Male,White
0,1,0.635579,Female,White
0,0,0.102556,Female,White
1,0,0.421476,Female,Two or more
0,0,0.304634,Male,White
1,1,0.854783,Male,White
0,0,0.054440,Male,White
0,1,0.632799,Male,White
0,1,0.719967,Male,Asian
1,0,0.294663,Female,White
1,0,0.345393,Male,White
0,1,0.553065,Female,White
0,0,0.190214,Female,White
0,0,0.404326,Female,White
1,1,0.878062,Male,White
1,0,0.421501,Male,White
1,1,0.856708,Male,White
0,0,0.383844,Female,White
1,1,0.508711,Male,White
0,0,0.148882,Male,White
0,0,0.011813,Female,Asian
1,1,0.588833,Male,White
0,0,0.110322,Female,White
1,0,0.314834,Female,White
0,0,0.105650,Male,White
1,1,0.855761,Male,Asian
0,1,0.598007,Female,White
1,1,0.880555,Male,White
0,0,0.197637,Female,White
0,0,0.156629,Female,White
1,1,0.612333,Female,Asian
1,1,0.959957,Male,White
0,0,0.399113,Female,White
1,1,0.740984,Male,White
1,1,0.857895,Male,White
1,1,0.764668,Female,White
0,0,0.157397,Male,White
0,0,0.174430,Male,White
1,1,0.708509,Female,White
1,1,0.789511,Male,White
0,0,0.481172,Female,White
0,0,0.343580,Female,White
0,0,0.437013,Male,White
1,1,0.774900,Male,White
1,1,0.822949,Male,White
1,1,0.678295,Female,White
0,0,0.019661,Female,Two or more
0,0,0.417801,Male,White
1,1,0.938886,Male,White
1,1,0.908656,Male,White
0,0,0.114449,Female,White
1,1,0.579779,Male,White
1,1,0.761374,Male,White
0,0,0.408461,Male,White
1,1,0.940087,Female,White
0,1,0.864697,Male,White
0,1,0.513560,Male,White
1,0,0.221163,Female,White
1,1,0.541513,Male,Asian
0,1,0.770553,Male,White
0,0,0.163287,Female,White
0,0,0.296631,Female,Two or more
1,1,0.725757,Male,White
1,0,0.433475,Male,White
1,1,0.669649,Female,White
0,0,0.011239,Female,Other
0,0,0.346523,Male,White
0,0,0.156800,Female,White
0,0,0.230665,Female,Asian
1,1,0.715996,Male,White
0,1,0.562533,Male,Black
1,1,0.983668,Male,White
1,1,0.620215,Female,White
0,0,0.213647,Female,White
0,0,0.210829,Female,White
0,0,0.197897,Female,White
0,1,0.971060,Female,White
1,1,0.587412,Male,White
1,0,0.191434,Female,White
0,0,0.080584,Female,White
1,0,0.203881,Female,White
0,0,0.166818,Female,White
0,1,0.757640,Male,White
0,0,0.059977,Male,Two or more
1,0,0.250198,Female,White
1,1,0.721881,Male,White
0,0,0.078258,Female,White
1,0,0.188102,Female,White
0,0,0.411022,Female,Other
0,0,0.061882,Male,White
1,1,0.715531,Male,White
1,1,0.869581,Female,White
1,1,0.626873,Male,White
0,1,0.508965,Female,White
1,1,0.598067,Male,White
0,0,0.209174,Female,White
0,0,0.240790,Female,White
0,1,0.869520,Female,White
1,1,0.705554,Male,White
1,1,0.549659,Female,White
0,0,0.068637,Female,White
1,1,0.869508,Male,White
1,1,0.555994,Female,White
1,1,0.782400,Male,White
0,0,0.189975,Male,White
1,1,0.828533,Male,White
1,1,0.912155,Male,White
1,1,0.846865,Male,White
1,1,0.655628,Female,Black
1,0,0.290907,Female,White
1,0,0.430780,Male,White
1,0,0.453559,Female,Asian
1,1,0.865111,Male,White
1,1,0.845117,Male,White
0,0,0.017497,Male,White
1,1,0.720995,Female,Asian
0,0,0.320726,Female,White
0,0,0.086023,Female,White
1,1,0.936589,Male,Asian
1,0,0.302329,Female,White
0,0,0.352036,Female,White
0,1,0.616786,Male,White
0,0,0.199361,Male,American Indian
0,1,0.710824,Female,White
1,1,0.802742,Female,White
0,0,0.119033,Male,Two or more
0,0,0.119033,Male,Two or more
1,1,0.791950,Female,Asian
1,1,0.961781,Male,White
1,0,0.296951,Female,White
0,0,0.099026,Male,White
0,0,0.375003,Female,White
0,0,0.111339,Female,White
0,0,0.116493,Female,White
1,1,0.723916,Female,White
1,0,0.087748,Male,White
1,0,0.433475,Male,White
1,0,0.258679,Female,White
0,0,0.277974,Female,Two or more
1,1,0.787033,Female,White
1,0,0.157235,Female,Asian
0,1,0.940229,Male,Asian
0,1,0.600526,Male,White
0,1,0.950849,Male,White
0,1,0.518656,Male,White
1,0,0.426896,Male,White
0,1,0.850734,Male,Two or more
0,0,0.020313,Male,Two or more
0,0,0.129482,Female,White
1,1,0.620606,Female,White
0,0,0.360643,Female,White
1,1,0.826086,Male,White
0,0,0.020281,Female,White
1,1,0.854084,Male,White
0,0,0.198720,Male,White
0,0,0.157510,Female,White
0,0,0.031600,Female,Black
0,0,0.144896,Female,White
1,1,0.668746,Male,Asian
1,1,0.662163,Male,White
1,1,0.664834,Female,White
1,0,0.342311,Female,White
1,0,0.449168,Female,White
1,0,0.393430,Male,White
0,0,0.089874,Male,White
0,0,0.057211,Male,White
1,1,0.838931,Female,White
0,1,0.780374,Male,White
1,0,0.093836,Male,White
0,0,0.414083,Female,White
1,0,0.366868,Male,Black
1,1,0.558798,Male,Asian
0,1,0.613980,Male,White
0,0,0.248835,Female,White
0,1,0.656449,Male,White
1,0,0.461178,Male,White
0,0,0.378518,Male,White
1,1,0.529558,Male,White
1,1,0.626873,Male,White
0,0,0.428047,Female,White
0,0,0.191441,Male,White
0,0,0.311542,Female,Two or more
0,1,0.867567,Male,White
1,1,0.872419,Male,White
0,0,0.154251,Female,White
0,1,0.797330,Male,White
1,1,0.803414,Male,White
0,0,0.396873,Female,White
0,0,0.039258,Female,Asian
1,1,0.638532,Male,White
0,1,0.603534,Female,American Indian
1,1,0.949557,Male,White
0,1,0.786347,Female,White
1,1,0.888672,Male,White
1,0,0.410061,Female,White
1,1,0.881079,Male,White
1,1,0.582154,Male,Black
1,1,0.653196,Male,White
0,0,0.351865,Male,White
0,1,0.551492,Male,White
0,0,0.419638,Male,White
0,0,0.068262,Female,White
1,0,0.221624,Male,White
0,0,0.148266,Female,White
0,0,0.049666,Male,White
0,1,0.653770,Male,White
0,0,0.086465,Female,White
0,0,0.290436,Female,White
1,1,0.600577,Male,Asian
0,0,0.399546,Male,White
0,0,0.151243,Female,White
1,1,0.907495,Female,White
0,0,0.492116,Male,White
0,0,0.189054,Female,White
0,0,0.456403,Male,American Indian
1,1,0.724131,Male,White
1,1,0.549659,Female,White
0,0,0.222932,Male,White
1,0,0.452114,Female,White
0,0,0.027084,Male,Two or more
0,0,0.376984,Female,White
1,0,0.394596,Male,White
0,0,0.131091,Female,White
0,1,0.766684,Female,White
0,0,0.154418,Female,White
1,0,0.121836,Male,Other
0,1,0.798630,Male,White
0,0,0.332557,Male,White
0,0,0.160961,Female,Two or more
1,0,0.475992,Male,White
1,1,0.813414,Male,White
0,0,0.321539,Female,White
1,1,0.533142,Male,White
1,1,0.605286,Female,White
0,0,0.131530,Male,White
0,1,0.653770,Male,White
0,0,0.263975,Male,White
1,1,0.739505,Male,White
0,1,0.615487,Female,White
0,0,0.097186,Female,White
0,0,0.097876,Male,White
0,0,0.247195,Female,White
1,1,0.865199,Female,White
0,0,0.210829,Female,White
1,1,0.913270,Male,Asian
1,1,0.548145,Male,White
1,1,0.648373,Male,White
1,1,0.871163,Male,White
1,1,0.824097,Male,White
0,0,0.465306,Male,White
0,0,0.140681,Female,White
0,0,0.125035,Female,White
0,0,0.013976,Male,White
1,1,0.854293,Female,White
0,0,0.194034,Male,Black
0,0,0.255725,Male,White
0,1,0.721832,Female,White
0,0,0.131206,Male,White
0,1,0.734656,Female,White
1,1,0.579682,Female,White
1,1,0.915532,Male,White
0,0,0.137718,Male,Black
0,0,0.048418,Male,White
1,1,0.671128,Male,White
0,0,0.377515,Female,White
1,1,0.899057,Male,White
0,0,0.096658,Female,White
0,0,0.026537,Female,White
1,0,0.417579,Female,White
0,1,0.826999,Female,White
0,0,0.324003,Male,Two or more
0,1,0.782421,Female,White
1,0,0.475992,Male,White
1,0,0.322096,Female,White
0,1,0.653018,Female,White
1,1,0.664834,Female,White
0,1,0.640587,Female,White
1,1,0.717600,Male,White
1,1,0.667674,Male,White
0,1,0.627853,Male,White
0,1,0.681745,Male,White
1,1,0.637819,Male,White
0,0,0.063931,Female,White
0,0,0.012027,Male,White
0,0,0.159961,Male,White
1,1,0.540860,Male,White
1,1,0.583251,Female,White
0,0,0.449168,Female,White
0,1,0.580393,Male,White
1,1,0.510369,Female,White
1,1,0.923942,Male,White
1,0,0.429830,Female,White
1,1,0.763521,Male,White
1,1,0.652558,Male,White
0,0,0.437044,Female,White
0,0,0.275518,Female,White
1,0,0.453559,Female,Asian
1,1,0.651519,Female,White
1,1,0.607598,Male,White
1,0,0.286924,Female,White
1,1,0.660437,Male,Asian
0,0,0.238146,Male,White
0,0,0.273838,Male,White
0,0,0.218160,Female,White
0,0,0.079604,Female,White
0,0,0.253910,Female,White
0,0,0.305387,Female,White
0,0,0.334374,Male,White
1,1,0.787213,Male,White
1,1,0.802302,Male,White
1,1,0.929762,Male,White
1,1,0.510832,Female,Black
0,1,0.744782,Female,White
0,0,0.180694,Male,White
1,0,0.432341,Female,White
1,1,0.978642,Male,White
0,0,0.331580,Female,Asian
0,0,0.086623,Female,Asian
0,0,0.199793,Female,White
0,0,0.029351,Female,White
1,1,0.851815,Male,Asian
0,0,0.207498,Male,White
1,0,0.329610,Male,Asian
0,1,0.655209,Female,White
0,0,0.018726,Female,White
0,1,0.534892,Female,White
0,1,0.564993,Male,White
0,0,0.031762,Female,White
0,0,0.427186,Female,Other
1,1,0.683807,Female,White
0,1,0.657398,Female,White
0,1,0.976416,Male,White
0,0,0.268570,Female,White
1,1,0.965713,Male,White
0,0,0.009510,Female,White
1,0,0.222932,Male,White
1,1,0.755689,Male,White
1,1,0.740729,Female,White
1,1,0.624095,Male,White
0,0,0.053496,Male,Other
1,1,0.778660,Male,White
0,1,0.513249,Male,White
0,0,0.336173,Male,Black
0,0,0.261188,Male,White
0,0,0.172301,Female,White
1,0,0.316735,Female,Other
1,1,0.815701,Male,Other
0,0,0.358113,Female,White
1,0,0.225782,Male,Other
0,0,0.375999,Male,Two or more
0,0,0.320708,Male,White
0,1,0.590373,Female,White
1,1,0.936639,Female,Asian
1,1,0.522452,Male,White
1,1,0.872419,Male,White
0,0,0.080112,Male,White
0,0,0.129804,Female,White
0,0,0.283281,Female,White
1,1,0.733919,Male,White
0,0,0.035224,Male,Black
1,1,0.616786,Male,White
1,0,0.471332,Male,White
1,0,0.380652,Female,White
0,0,0.194386,Male,Two or more
0,0,0.207498,Male,White
0,1,0.684005,Male,White
0,0,0.254488,Female,White
0,0,0.265989,Female,White
1,0,0.288126,Female,White
1,1,0.534954,Male,White
0,1,0.765868,Male,White
1,1,0.693362,Female,White
1,1,0.855416,Female,White
1,1,0.732666,Male,White
0,1,0.516118,Male,White
1,1,0.860735,Male,White
0,0,0.486883,Female,White
0,1,0.508207,Male,White
0,0,0.307692,Male,White
1,1,0.929006,Female,White
0,0,0.307616,Male,White
1,1,0.750365,Female,Asian
1,1,0.957857,Male,White
1,0,0.242850,Female,White
1,1,0.785368,Male,White
1,1,0.871792,Male,White
0,0,0.123994,Female,Other
0,1,0.837407,Female,White
0,1,0.950442,Female,White
0,0,0.436040,Male,White
0,0,0.186430,Female,White
0,0,0.343738,Male,American Indian
1,1,0.796551,Male,White
1,1,0.585948,Male,White
1,1,0.595410,Female,Other
1,1,0.664834,Female,White
0,0,0.207498,Male,White
0,0,0.173111,Male,White
0,0,0.148614,Male,White
1,0,0.237835,Male,NHPI
1,1,0.815882,Female,White
1,1,0.513783,Male,White
0,0,0.137381,Female,White
1,1,0.931431,Male,White
0,0,0.468720,Female,White
0,1,0.763850,Male,White
0,0,0.288075,Female,White
1,1,0.973288,Male,White
0,0,0.058308,Female,White
0,0,0.466398,Male,Black
1,1,0.880808,Female,White
1,1,0.739999,Female,White
1,1,0.883409,Female,White
0,0,0.305984,Female,White
1,1,0.925983,Female,Asian
0,0,0.104451,Female,White
0,0,0.061411,Female,White
0,0,0.100619,Female,White
0,0,0.465801,Female,White
1,1,0.806933,Female,White
1,1,0.624416,Female,White
0,1,0.911807,Male,White
1,1,0.883910,Male,White
0,0,0.203444,Female,Asian
0,0,0.312288,Male,Other
0,0,0.255542,Female,American Indian
0,0,0.015374,Female,White
1,0,0.296795,Male,White
0,1,0.531744,Male,White
1,1,0.939533,Male,White
1,0,0.153354,Female,White
1,1,0.649124,Female,White
1,0,0.378498,Male,White
0,1,0.858417,Male,Asian
0,0,0.075044,Male,Asian
0,1,0.656449,Male,White
0,1,0.964464,Male,White
1,1,0.563643,Female,White
0,0,0.391915,Male,White
1,0,0.218495,Male,White
1,1,0.667398,Male,White
1,0,0.427515,Male,White
0,0,0.453444,Female,White
0,0,0.073046,Female,White
0,0,0.269942,Female,White
0,0,0.256524,Male,White
0,0,0.177690,Male,White
1,1,0.846582,Male,White
1,0,0.252996,Male,White
0,0,0.147591,Female,Other
1,1,0.748882,Female,White
0,0,0.339557,Female,White
1,1,0.879716,Male,American Indian
0,0,0.017261,Female,American Indian
1,0,0.458222,Male,White
1,0,0.432096,Male,White
1,1,0.599357,Female,White
1,0,0.425961,Female,White
1,0,0.473118,Female,White
0,0,0.112242,Male,White
0,0,0.011056,Female,White
0,1,0.550864,Male,White
1,1,0.632491,Female,Asian
0,1,0.657338,Male,Asian
1,0,0.498211,Male,White
0,0,0.259956,Male,Other
0,0,0.414698,Female,White
0,1,0.576907,Female,White
1,1,0.666057,Male,White
0,0,0.064660,Male,Two or more
0,0,0.062672,Female,White
0,0,0.021083,Male,Other
0,1,0.603765,Male,White
0,0,0.154400,Male,White
0,1,0.728236,Male,White
1,1,0.540860,Male,White
0,0,0.446696,Male,Other
0,1,0.682457,Female,White
0,1,0.563612,Male,White
0,0,0.238281,Female,White
1,1,0.972995,Male,White
0,0,0.370050,Female,Asian
0,0,0.278200,Male,White
0,0,0.403715,Female,White
0,0,0.028842,Female,White
1,0,0.244260,Male,Black
1,0,0.181913,Female,Black
0,1,0.523498,Male,White
0,0,0.266031,Female,White
0,0,0.173433,Female,Asian
1,0,0.450404,Female,White
1,1,0.682295,Male,White
1,1,0.988950,Male,White
0,0,0.086345,Female,Two or more
0,0,0.193744,Male,White
1,1,0.671687,Male,White
1,1,0.866430,Female,White
1,1,0.721673,Male,White
1,1,0.891977,Male,White
1,1,0.630652,Female,White
1,1,0.953787,Male,White
1,1,0.849934,Male,White
0,0,0.064797,Female,White
1,1,0.853123,Male,Asian
0,0,0.103520,Female,White
0,1,0.583069,Male,White
1,1,0.683736,Male,White
0,0,0.060461,Female,White
0,0,0.033705,Female,White
0,0,0.415071,Male,White
0,0,0.172469,Male,White
0,1,0.641260,Male,Black
1,1,0.988295,Male,White
0,0,0.081783,Female,White
1,1,0.659068,Male,White
0,0,0.286191,Male,White
0,1,0.891739,Female,White
1,0,0.446236,Female,White
0,0,0.193744,Male,White
1,1,0.679068,Female,White
0,0,0.216077,Female,White
1,0,0.352903,Female,White
1,1,0.807806,Female,White
1,1,0.772934,Male,White
1,1,0.908656,Male,White
0,0,0.022370,Female,NHPI
1,0,0.273656,Female,White
0,0,0.339377,Female,White
0,0,0.467834,Female,White
1,1,0.827604,Male,White
0,0,0.143322,Female,White
0,0,0.211744,Male,White
1,0,0.491888,Female,White
0,0,0.180694,Male,White
0,0,0.056958,Male,Other
0,0,0.403715,Female,White
1,1,0.859440,Female,White
0,0,0.463887,Female,Asian
0,0,0.029706,Male,American Indian
1,1,0.774900,Male,White
1,1,0.920394,Male,White
0,0,0.211347,Female,Black
1,0,0.260489,Female,White
0,0,0.387985,Female,White
0,1,0.906455,Male,Black
0,1,0.653378,Female,Black
0,1,0.648197,Female,Two or more
1,1,0.804463,Male,White
0,0,0.080641,Female,White
0,0,0.131215,Female,Asian
1,1,0.886764,Male,White
0,0,0.321001,Female,American Indian
1,0,0.384573,Female,White
1,1,0.551645,Male,White
0,0,0.349383,Female,White
1,1,0.842320,Male,White
0,1,0.862561,Male,White
1,0,0.290588,Male,White
1,1,0.596895,Female,White
1,1,0.857396,Male,White
1,1,0.946964,Male,White
0,0,0.456499,Female,Asian
0,0,0.386328,Male,White
0,0,0.427895,Female,White
0,0,0.248429,Male,White
1,0,0.464209,Female,Asian
0,0,0.298630,Male,White
0,1,0.603765,Male,White
1,0,0.494862,Female,White
1,1,0.887120,Male,White
0,1,0.898429,Male,White
0,0,0.117444,Female,White
0,1,0.807611,Female,White
0,0,0.119296,Female,White
1,1,0.523498,Male,White
0,0,0.046607,Female,White
0,0,0.240181,Female,White
1,0,0.240903,Female,White
0,0,0.196664,Male,White
0,0,0.366515,Female,White
1,0,0.256392,Male,White
0,0,0.184417,Female,White
0,0,0.170454,Female,White
1,0,0.419416,Female,White
1,0,0.380652,Female,White
1,1,0.626873,Male,White
1,1,0.679068,Female,White
1,1,0.940483,Male,White
1,1,0.616786,Male,White
0,0,0.410190,Male,White
1,0,0.304789,Female,White
0,0,0.241608,Female,Asian
0,0,0.171463,Female,Asian
1,1,0.864722,Male,Asian
0,1,0.691520,Male,White
0,0,0.183787,Female,White
0,0,0.021504,Male,White
0,0,0.152444,Male,American Indian
1,1,0.504498,Female,White
0,0,0.456792,Female,White
1,0,0.371670,Male,White
0,0,0.139420,Female,Other
0,0,0.143445,Female,White
1,1,0.879302,Male,White
1,1,0.787638,Male,White
1,1,0.949825,Male,White
0,1,0.981091,Male,White
1,1,0.554833,Male,White
1,1,0.838069,Male,White
1,0,0.348484,Female,White
1,1,0.740294,Male,Two or more
1,1,0.610455,Female,White
0,0,0.165263,Female,White
1,1,0.736543,Female,White
1,1,0.779517,Male,White
0,0,0.010843,Female,White
1,0,0.349365,Male,White
0,0,0.028350,Male,White
0,0,0.063277,Female,White
1,1,0.534257,Female,White
0,0,0.184538,Female,White
1,1,0.816612,Male,White
0,0,0.118791,Male,White
1,1,0.533860,Female,Asian
1,1,0.882538,Male,Asian
1,1,0.642709,Male,White
0,0,0.063946,Female,White
0,0,0.096716,Female,White
0,0,0.210105,Female,White
0,0,0.349365,Male,White
0,0,0.375037,Male,White
0,0,0.386869,Male,White
1,1,0.845117,Male,White
1,1,0.550864,Male,White
1,0,0.426489,Male,White
0,0,0.095681,Female,White
0,1,0.574470,Female,White
0,0,0.233310,Male,White
0,0,0.430559,Female,Other
0,0,0.225066,Male,White
1,1,0.953067,Male,White
1,1,0.755383,Male,White
0,1,0.538834,Male,White
1,1,0.826194,Female,White
1,1,0.679068,Female,White
1,1,0.911148,Male,White
0,0,0.339678,Male,White
0,0,0.086406,Male,White
0,0,0.388524,Female,Black
0,0,0.140925,Female,Asian
1,1,0.947010,Male,White
0,0,0.133301,Male,White
1,1,0.614127,Male,White
0,0,0.067039,Male,Asian
0,1,0.912330,Male,White
0,1,0.568968,Female,White
0,0,0.109077,Female,White
1,1,0.601509,Male,Two or more
1,1,0.653770,Male,White
1,1,0.937954,Male,Two or more
1,1,0.541199,Female,White
0,0,0.107569,Female,White
0,1,0.945578,Male,White
1,1,0.923929,Female,White
0,1,0.564958,Male,Asian
1,1,0.664834,Female,White
1,1,0.919074,Male,White
0,0,0.069780,Male,White
1,0,0.211390,Male,Black
0,0,0.197007,Female,White
0,1,0.769463,Male,White
1,1,0.634585,Female,Alaska Native
0,0,0.338437,Female,White
0,1,0.763054,Female,Asian
0,1,0.565519,Male,Asian
1,0,0.117582,Female,NHPI
1,0,0.184882,Female,White
0,0,0.038834,Male,White
0,0,0.343803,Male,White
1,1,0.694131,Male,Two or more
0,0,0.102860,Female,Two or more
1,1,0.646711,Male,White
0,0,0.155034,Female,Two or more
0,0,0.478758,Female,White
0,1,0.775119,Male,White
1,1,0.792055,Male,Two or more
1,1,0.958087,Male,White
1,0,0.391915,Male,White
0,0,0.272788,Female,Black
1,1,0.738821,Male,White
0,1,0.798693,Female,White
0,1,0.534706,Male,White
0,1,0.751186,Male,White
1,1,0.693203,Male,White
0,0,0.049072,Female,White
1,1,0.922337,Male,White
0,0,0.277152,Female,White
0,0,0.129685,Male,White
0,0,0.084675,Female,White
1,1,0.645455,Female,White
1,0,0.465306,Male,White
0,0,0.046513,Female,White
0,1,0.685379,Female,White
1,1,0.583069,Male,White
1,0,0.404326,Female,White
0,1,0.709514,Male,White
1,1,0.634104,Male,White
0,0,0.039827,Female,White
0,0,0.127527,Female,White
1,0,0.292540,Female,White
1,1,0.570609,Male,White
1,1,0.634104,Male,White
1,0,0.459802,Female,White
0,1,0.531775,Female,White
0,0,0.402184,Male,White
1,1,0.853383,Male,White
1,1,0.698363,Male,White
0,0,0.081003,Male,White
0,0,0.089476,Female,White
1,1,0.638244,Male,White
0,0,0.316513,Female,White
1,0,0.347460,Male,Black
1,0,0.431339,Female,White
1,1,0.512957,Female,White
0,1,0.682295,Male,White
1,1,0.856800,Female,White
1,1,0.879515,Female,White
0,0,0.315745,Male,Other
0,0,0.031590,Female,Two or more
1,0,0.446236,Female,White
0,0,0.013571,Female,Other
0,0,0.305984,Female,White
0,0,0.138628,Male,White
1,0,0.412539,Male,White
1,1,0.512157,Male,White
1,1,0.745074,Male,White
0,0,0.029160,Male,White
1,0,0.351865,Male,White
1,1,0.755500,Male,White
0,0,0.213625,Male,White
0,0,0.097667,Male,White
1,1,0.522452,Male,White
0,0,0.444495,Male,Black
0,0,0.225565,Female,White
1,0,0.317812,Male,White
1,1,0.565702,Female,Asian
0,0,0.117620,Male,White
1,1,0.813414,Male,White
0,1,0.606207,Male,Asian
1,1,0.874675,Male,White
0,1,0.714979,Male,White
0,0,0.080302,Male,White
0,0,0.252124,Female,White
0,1,0.606776,Female,White
0,1,0.642675,Female,Two or more
0,1,0.729904,Male,White
1,1,0.528274,Male,Asian
0,0,0.438805,Male,White
1,1,0.748074,Male,White
0,0,0.046931,Female,White
0,0,0.212796,Male,White
0,0,0.257228,Female,Asian
1,1,0.603407,Male,White
0,0,0.320260,Female,White
1,1,0.751513,Male,White
1,1,0.743570,Male,White
1,0,0.353318,Female,White
0,1,0.759813,Male,White
0,0,0.089100,Female,White
0,1,0.550188,Female,White
0,0,0.235050,Female,White
0,0,0.218160,Female,White
0,0,0.079969,Female,White
0,0,0.079378,Female,White
1,0,0.355155,Male,White
1,1,0.675224,Female,Two or more
0,0,0.195744,Male,White
0,1,0.913499,Male,White
1,0,0.238281,Female,White
0,0,0.376745,Male,White
1,0,0.436860,Male,White
1,0,0.411420,Female,White
0,0,0.423326,Male,American Indian
1,0,0.430273,Male,White
1,0,0.333972,Female,White
1,1,0.674297,Male,White
1,0,0.201063,Male,Two or more
1,1,0.826086,Male,White
0,1,0.750869,Female,White
0,1,0.701928,Female,White
0,0,0.427515,Male,White
1,1,0.922845,Female,White
1,0,0.474893,Female,Asian
1,1,0.663415,Male,White
1,0,0.193024,Female,White
0,0,0.060005,Female,Asian
0,1,0.785660,Female,White
1,1,0.866417,Male,White
0,0,0.091678,Male,Other
0,0,0.039667,Male,Other
0,0,0.130357,Male,Black
0,1,0.609374,Male,White
1,1,0.884005,Male,White
0,0,0.445877,Female,Asian
0,0,0.128347,Female,White
1,0,0.395120,Female,American Indian
1,0,0.362137,Male,Black
1,1,0.839419,Male,White
0,0,0.404326,Female,White
1,1,0.860735,Male,White
1,0,0.292123,Female,White
0,0,0.276869,Male,White
0,0,0.190957,Female,White
0,0,0.067639,Female,White
0,0,0.287862,Female,White
0,0,0.004575,Female,Asian
1,1,0.947805,Male,White
0,0,0.069465,Female,White
1,0,0.310613,Male,White
0,0,0.044852,Female,White
0,0,0.489949,Female,Two or more
1,1,0.937946,Male,White
1,1,0.619708,Female,White
0,0,0.428047,Female,White
1,1,0.643998,Male,White
1,1,0.661592,Male,White
1,0,0.300823,Female,White
1,1,0.764224,Male,White
1,1,0.729098,Male,White
0,0,0.366011,Male,White
1,1,0.928690,Female,White
1,1,0.743570,Male,White
0,0,0.275468,Female,White
0,1,0.570853,Female,White
1,1,0.943978,Male,White
1,1,0.625587,Female,White
1,1,0.842430,Male,White
1,1,0.822129,Male,White
1,1,0.959333,Female,White
1,1,0.793214,Female,White
1,1,0.744147,Female,White
1,1,0.899772,Male,White
0,0,0.337181,Female,White
0,0,0.297744,Female,White
1,1,0.870297,Male,Asian
1,1,0.636850,Male,White
0,0,0.005629,Female,White
1,1,0.814924,Male,White
0,1,0.819948,Female,White
1,1,0.625587,Female,White
0,1,0.789614,Male,White
1,1,0.877117,Male,White
0,0,0.268510,Female,White
1,0,0.228640,Female,White
1,1,0.859461,Male,White
1,1,0.642880,Female,White
1,1,0.675529,Male,White
0,0,0.028064,Female,Asian
0,1,0.523699,Male,White
1,0,0.287093,Female,American Indian
1,1,0.926457,Male,White
0,1,0.501215,Female,White
0,0,0.271105,Male,White
0,0,0.383245,Female,White
0,0,0.031762,Female,White
0,0,0.062343,Female,White
0,0,0.050644,Female,White
0,1,0.537500,Male,White
0,0,0.288598,Female,Two or more
0,0,0.160756,Male,White
0,1,0.577282,Male,White
0,0,0.466889,Female,White
0,1,0.551478,Female,White
1,0,0.146457,Female,White
1,0,0.310605,Female,White
0,0,0.159430,Female,White
0,0,0.260840,Female,White
0,0,0.098633,Female,Other
1,0,0.402184,Male,White
0,0,0.266987,Female,White
0,0,0.040013,Male,White
1,1,0.837125,Female,Asian
0,0,0.122291,Female,White
0,1,0.883069,Male,White
0,0,0.236801,Female,White
0,1,0.705709,Female,White
0,0,0.330069,Male,White
0,0,0.288199,Female,White
1,1,0.932859,Male,White
0,0,0.146994,Male,American Indian
0,0,0.393433,Female,White
0,1,0.617634,Male,White
0,0,0.422306,Female,White
1,1,0.705657,Female,White
1,1,0.592587,Female,White
0,0,0.018529,Male,White
1,1,0.718275,Male,White
1,0,0.353898,Female,White
1,1,0.632799,Male,White
1,1,0.964621,Male,White
1,1,0.883987,Female,White
0,0,0.202340,Male,White
1,1,0.846582,Male,White
0,0,0.074173,Male,White
1,1,0.644700,Male,White
1,1,0.652638,Male,White
0,0,0.270502,Female,Two or more
0,0,0.144143,Male,White
0,0,0.477194,Female,White
0,1,0.775881,Male,White
1,0,0.305503,Male,Two or more
0,0,0.446236,Female,White
0,0,0.018216,Female,White
0,1,0.541878,Male,Two or more
0,0,0.148347,Female,White
0,0,0.350491,Male,White
1,1,0.845851,Male,White
0,1,0.512990,Male,White
1,1,0.931837,Female,White
1,1,0.673089,Female,White
1,0,0.276078,Male,White
0,0,0.490605,Male,Black
0,1,0.621879,Male,White
1,0,0.302793,Female,White
0,0,0.081409,Female,White
1,1,0.724181,Male,White
0,0,0.011056,Female,White
1,1,0.743326,Female,Asian
1,0,0.107818,Male,White
1,1,0.671852,Female,White
1,1,0.719561,Female,White
0,1,0.608036,Male,White
0,0,0.082060,Female,White
1,1,0.917746,Female,White
0,0,0.143082,Male,Two or more
0,0,0.033600,Female,American Indian
1,1,0.954989,Male,White
0,0,0.217665,Female,White
1,1,0.732666,Male,White
1,1,0.751663,Male,White
0,1,0.715531,Male,White
0,1,0.736543,Female,White
1,1,0.695329,Male,Black
1,1,0.831668,Male,White
0,0,0.092599,Female,White
0,0,0.069465,Female,White
0,0,0.256173,Male,Other
0,0,0.415063,Female,White
0,0,0.111170,Male,Other
0,0,0.145120,Female,White
1,1,0.963128,Male,White
0,0,0.446236,Female,White
1,1,0.658089,Male,White
0,1,0.867239,Male,Asian
0,0,0.324499,Female,White
1,1,0.891417,Female,White
1,1,0.929381,Male,White
0,0,0.060302,Female,White
0,1,0.759584,Male,White
0,0,0.180694,Male,White
0,0,0.389172,Female,White
0,0,0.422966,Female,Other
0,0,0.181412,Male,Other
1,0,0.424149,Female,White
1,0,0.410872,Male,Two or more
1,1,0.706720,Male,White
1,1,0.902884,Male,White
0,0,0.465306,Male,White
1,1,0.916714,Male,Two or more
0,0,0.296099,Female,White
1,0,0.416113,Female,Asian
1,1,0.854783,Male,White
0,0,0.016775,Male,White
0,0,0.277713,Female,White
1,1,0.508965,Female,White
1,1,0.723007,Male,White
1,0,0.498447,Male,Two or more
0,1,0.603765,Male,White
0,0,0.114603,Female,White
1,1,0.664834,Female,White
1,0,0.361709,Male,White
1,0,0.215758,Female,White
0,0,0.041308,Male,White
0,0,0.013397,Male,White
1,1,0.963453,Female,Two or more
1,1,0.671510,Male,White
0,1,0.602631,Male,Other
1,1,0.897399,Male,White
1,1,0.682295,Male,White
0,0,0.180158,Female,White
0,0,0.305984,Female,White
0,0,0.493136,Female,White
1,1,0.725905,Female,White
1,0,0.296951,Female,White
0,0,0.132882,Male,Two or more
1,1,0.537500,Male,White
0,0,0.115854,Female,White
0,0,0.320653,Male,White
1,1,0.603765,Male,White
0,0,0.268109,Male,American Indian
0,0,0.436040,Male,White
0,1,0.751779,Male,White
0,0,0.298700,Female,Asian
0,0,0.108941,Female,Other
0,0,0.263975,Male,White
0,1,0.508145,Male,White
0,1,0.576209,Female,Asian
1,1,0.825278,Male,White
0,0,0.350813,Female,White
1,1,0.900973,Male,White
0,1,0.521051,Male,White
0,1,0.583069,Male,White
0,0,0.038342,Female,White
0,0,0.291603,Male,Two or more
0,0,0.177614,Female,Two or more
0,1,0.502839,Male,White
1,1,0.518860,Male,White
1,0,0.432279,Female,White
1,1,0.738344,Female,Asian
0,0,0.195250,Male,Two or more
1,1,0.708081,Female,Asian
0,0,0.122925,Female,Other
0,0,0.043227,Male,Other
0,1,0.519493,Male,White
1,1,0.846318,Male,Asian
1,0,0.435662,Female,White
0,1,0.947846,Male,Asian
1,1,0.503995,Male,White
1,1,0.575535,Female,White
1,1,0.542440,Female,White
1,0,0.247596,Female,White
1,1,0.845851,Male,White
1,1,0.543454,Male,Asian
1,1,0.826999,Female,White
0,1,0.651922,Male,White
0,0,0.146457,Female,White
0,0,0.101549,Female,White
0,0,0.181302,Male,Two or more
0,0,0.383844,Female,White
0,0,0.263975,Male,White
0,0,0.099076,Male,Other
0,0,0.309049,Female,White
0,0,0.095982,Male,American Indian
0,0,0.008007,Male,Other
1,1,0.995389,Male,White
1,1,0.959805,Female,White
0,1,0.795051,Female,White
1,1,0.937252,Male,White
0,0,0.113804,Male,White
1,0,0.182565,Female,White
0,0,0.398617,Female,White
1,1,0.866358,Female,White
0,1,0.671687,Male,White
0,0,0.160881,Male,White
0,1,0.759720,Female,White
1,1,0.872419,Male,White
0,0,0.118735,Female,White
0,0,0.179284,Male,Other
1,0,0.296479,Male,Two or more
0,0,0.385684,Female,White
1,0,0.353731,Male,White
0,0,0.249602,Female,Two or more
1,0,0.423151,Female,White
1,1,0.972453,Male,White
0,0,0.205610,Female,White
1,1,0.764668,Female,White
1,1,0.587713,Male,White
0,0,0.057866,Female,White
0,0,0.237128,Male,White
0,1,0.900848,Female,White
1,1,0.610711,Male,White
1,1,0.534572,Female,White
0,0,0.222533,Male,White
0,0,0.017093,Female,Other
0,1,0.630652,Female,White
1,1,0.653939,Female,White
1,1,0.765318,Male,White
1,0,0.412539,Male,White
0,1,0.911352,Male,White
0,1,0.771198,Female,White
0,0,0.260297,Female,White
0,0,0.386138,Male,White
0,1,0.769329,Male,White
0,0,0.111381,Female,White
1,1,0.697471,Female,White
0,0,0.340585,Female,Asian
0,0,0.120170,Female,White
1,1,0.583220,Male,White
0,0,0.146457,Female,White
0,0,0.141575,Female,White
1,1,0.765544,Male,White
0,0,0.375037,Male,White
0,1,0.540230,Male,White
1,1,0.879006,Female,White
1,1,0.817452,Male,White
0,0,0.111128,Female,White
0,0,0.070925,Male,Two or more
1,1,0.653770,Male,White
0,0,0.102789,Female,White
1,1,0.891959,Female,White
1,1,0.989072,Male,White
0,0,0.324721,Male,White
1,1,0.753224,Male,Asian
0,0,0.316845,Female,American Indian
1,0,0.438805,Male,White
0,0,0.467640,Female,Asian
0,0,0.092504,Female,White
1,1,0.828315,Male,White
1,1,0.563643,Female,White
1,1,0.755689,Male,White
0,0,0.499460,Male,White
0,0,0.357003,Male,White
1,0,0.426489,Male,White
0,0,0.159112,Male,White
1,1,0.816612,Male,White
0,0,0.135425,Female,White
1,1,0.638432,Male,Black
0,0,0.259573,Female,Black
0,0,0.229456,Male,White
1,0,0.340883,Male,White
1,0,0.378727,Female,White
0,0,0.105387,Female,Two or more
1,1,0.806263,Male,White
1,0,0.493458,Female,White
1,1,0.701775,Male,White
0,0,0.345393,Male,White
1,1,0.643814,Male,White
0,0,0.314135,Female,American Indian
0,0,0.383000,Male,White
1,0,0.400834,Male,White
1,1,0.874278,Female,White
0,0,0.183990,Male,Other
1,1,0.503409,Female,White
0,0,0.196228,Male,Asian
0,0,0.062133,Female,Asian
1,0,0.371923,Male,Asian
0,0,0.039763,Female,White
1,1,0.634104,Male,White
0,0,0.146228,Female,White
1,0,0.480607,Male,Two or more
0,0,0.074515,Female,Other
1,1,0.532158,Male,White
1,0,0.289228,Female,White
1,1,0.683673,Female,White
1,1,0.517707,Female,White
0,0,0.171848,Female,Two or more
0,0,0.271009,Male,White
0,0,0.034073,Female,White
0,0,0.269550,Male,White
0,1,0.510369,Female,White
1,1,0.501020,Male,White
0,1,0.557361,Male,White
1,1,0.796551,Male,White
1,0,0.446236,Female,White
0,1,0.643998,Male,White
1,1,0.966083,Male,White
1,1,0.911352,Male,White
1,1,0.889226,Male,White
1,1,0.542821,Male,White
0,0,0.011225,Female,White
0,0,0.361709,Male,White
1,1,0.679434,Male,White
1,1,0.939799,Male,White
0,0,0.290569,Male,Two or more
1,0,0.383844,Female,White
1,1,0.816724,Female,White
0,0,0.364307,Male,White
1,0,0.095627,Female,White
0,0,0.057186,Male,Other
1,0,0.447751,Male,White
0,1,0.640892,Male,White
0,0,0.135181,Female,White
1,1,0.965686,Male,White
0,1,0.555994,Female,White
0,0,0.117201,Male,Other
1,1,0.793214,Female,White
0,0,0.043315,Female,White
0,0,0.174697,Male,Black
0,0,0.381380,Male,White
1,1,0.842221,Male,White
1,1,0.859625,Male,Asian
1,1,0.657398,Male,Asian
1,0,0.429078,Female,Asian
1,1,0.673426,Female,White
0,0,0.350813,Female,White
0,0,0.181824,Male,Asian
0,0,0.299490,Male,Two or more
0,1,0.838931,Female,White
1,0,0.417025,Male,White
0,0,0.273838,Male,White
0,0,0.317535,Female,White
1,1,0.888962,Female,White
1,0,0.456859,Female,White
0,0,0.231968,Male,Asian
0,1,0.757565,Male,Asian
0,0,0.138254,Female,White
0,0,0.256384,Female,White
0,0,0.149187,Female,White
1,0,0.155410,Male,Other
0,0,0.248300,Male,White
0,0,0.110647,Female,White
0,1,0.511741,Male,White
0,1,0.772533,Male,White
0,1,0.634104,Male,White
0,0,0.151901,Female,White
0,0,0.486701,Male,White
0,1,0.536049,Male,Black
1,0,0.478213,Female,White
1,1,0.783682,Male,White
0,0,0.113241,Male,White
0,0,0.026498,Female,White
0,0,0.053495,Male,White
1,1,0.579714,Male,White
1,0,0.364716,Female,Two or more
0,0,0.033705,Female,White
1,1,0.854281,Female,White
0,0,0.299198,Male,White
1,1,0.699251,Male,White
0,0,0.079174,Female,Asian
1,1,0.767574,Female,White
0,0,0.028146,Female,White
1,1,0.691520,Male,White
1,1,0.944994,Male,White
0,0,0.318283,Female,White
1,1,0.560367,Female,Asian
1,1,0.603765,Male,White
0,1,0.505068,Female,White
0,0,0.035270,Female,Two or more
1,1,0.569232,Male,White
0,0,0.208173,Male,Two or more
0,1,0.570811,Male,American Indian
0,0,0.423280,Male,American Indian
1,1,0.597010,Female,Asian
1,1,0.700595,Male,White
0,0,0.491888,Female,White
0,0,0.032467,Female,White
1,1,0.800338,Male,Black
0,0,0.322501,Female,Black
1,1,0.560878,Female,White
0,0,0.233147,Female,White
0,0,0.462574,Male,White
0,0,0.293605,Male,White
1,1,0.646711,Male,White
0,0,0.097703,Female,Two or more
0,0,0.041970,Female,White
0,0,0.069937,Female,White
1,1,0.814378,Female,White
1,1,0.652250,Male,American Indian
0,0,0.163287,Female,White
0,1,0.710824,Female,White
0,0,0.108828,Male,American Indian
0,0,0.168204,Female,American Indian
0,0,0.046857,Female,White
0,0,0.197278,Male,White
1,1,0.855571,Female,White
1,1,0.805939,Male,White
0,0,0.095669,Female,Asian
0,0,0.248429,Male,White
0,0,0.421244,Male,Asian
1,1,0.860976,Male,Asian
0,0,0.038466,Male,White
1,1,0.783069,Female,White
0,0,0.267408,Female,White
0,0,0.047930,Female,Other
0,0,0.251354,Female,White
0,0,0.167006,Male,Other
1,0,0.175349,Female,White
1,1,0.683673,Female,White
1,1,0.571985,Male,White
0,0,0.065918,Female,Asian
0,1,0.805322,Female,White
1,0,0.355155,Male,White
0,0,0.486701,Male,White
0,0,0.349160,Female,Other
0,0,0.027721,Male,Other
0,0,0.124536,Male,Other
0,0,0.214641,Male,White
0,0,0.085000,Female,White
0,0,0.119296,Female,White
1,1,0.732406,Female,White
1,1,0.801634,Male,White
0,0,0.222964,Female,Asian
1,1,0.759584,Male,White
0,0,0.373158,Female,White
0,0,0.255001,Female,Other
1,1,0.674436,Male,White
0,0,0.015512,Female,White
0,0,0.291035,Female,White
1,0,0.254200,Female,White
0,0,0.067568,Female,White
0,0,0.082064,Male,Other
0,0,0.148266,Female,White
0,0,0.323324,Female,White
0,0,0.057866,Female,White
1,1,0.876511,Male,White
1,1,0.742152,Male,White
1,0,0.075925,Male,White
1,1,0.630652,Female,White
1,0,0.460030,Male,White
1,0,0.495562,Female,White
0,0,0.376745,Male,White
0,0,0.200533,Male,White
0,0,0.179445,Female,White
0,0,0.221960,Male,White
0,0,0.338866,Male,White
0,1,0.613980,Male,White
0,0,0.057773,Female,NHPI
1,0,0.422973,Male,White
0,0,0.363767,Female,White
1,1,0.612010,Female,White
1,0,0.410765,Male,American Indian
0,0,0.300846,Female,White
1,1,0.805939,Male,White
1,1,0.594864,Male,Asian
0,0,0.129541,Female,White
0,0,0.049656,Male,White
0,0,0.124616,Female,Other
1,1,0.838069,Male,White
0,0,0.212704,Female,White
1,0,0.350191,Male,NHPI
0,0,0.143528,Male,White
1,1,0.700595,Male,White
0,0,0.017619,Female,American Indian
1,1,0.926514,Male,White
0,0,0.133910,Male,White
0,0,0.323324,Female,White
1,1,0.627857,Male,Asian
0,1,0.514548,Male,White
0,0,0.096684,Female,White
0,1,0.502459,Male,Two or more
1,0,0.254392,Male,White
1,1,0.720668,Male,White
1,1,0.940403,Female,White
1,0,0.409996,Female,White
1,1,0.588768,Male,White
0,1,0.657865,Male,White
1,1,0.566023,Male,White
1,1,0.914318,Male,White
1,0,0.365597,Female,White
1,1,0.688628,Male,White
0,1,0.547817,Female,White
1,1,0.582452,Male,White
0,0,0.262418,Female,White
1,0,0.433475,Male,White
0,0,0.422306,Female,White
0,1,0.500864,Male,White
1,0,0.425147,Female,White
0,0,0.115593,Female,White
1,1,0.790900,Male,Asian
0,1,0.758176,Male,Asian
0,0,0.025056,Female,Black
0,1,0.776102,Male,White
1,0,0.383304,Female,White
0,0,0.129068,Female,White
1,0,0.488546,Female,Two or more
1,1,0.871163,Male,White
1,0,0.321481,Female,White
0,0,0.062451,Female,White
1,1,0.879110,Female,White
0,0,0.059229,Female,Black
0,0,0.223277,Female,White
0,0,0.272393,Male,White
0,0,0.102906,Female,White
1,1,0.681980,Male,Asian
0,1,0.618505,Male,White
1,1,0.526821,Male,White
1,1,0.941297,Female,White
0,0,0.225808,Female,Asian
1,1,0.978450,Male,White
0,0,0.416062,Female,White
0,0,0.140647,Female,White
1,1,0.562077,Male,White
1,1,0.542440,Female,White
0,0,0.355155,Male,White
1,1,0.662505,Male,Two or more
1,1,0.977421,Female,White
0,0,0.187644,Female,Asian
0,0,0.236559,Female,Asian
1,1,0.603765,Male,White
1,1,0.869508,Male,White
1,1,0.792428,Female,White
1,1,0.743570,Male,White
1,1,0.940888,Male,White
1,0,0.186003,Female,White
0,0,0.136055,Female,White
1,1,0.549721,Female,White
1,0,0.414083,Female,White
0,1,0.634104,Male,White
0,0,0.104451,Female,White
0,0,0.003789,Female,Other
1,1,0.772570,Male,Asian
0,1,0.559691,Male,White
0,0,0.342146,Male,White
0,0,0.037148,Male,Asian
1,1,0.625587,Female,White
1,0,0.399486,Male,White
1,1,0.995347,Male,Asian
1,1,0.969310,Male,Asian
1,0,0.414698,Female,White
0,0,0.010882,Male,White
0,0,0.089851,Female,Other
1,1,0.861894,Male,White
0,0,0.163287,Female,White
1,0,0.278079,Male,White
0,1,0.579274,Female,White
1,1,0.550864,Male,White
1,1,0.560315,Female,White
0,0,0.361959,Male,Asian
1,1,0.620606,Female,White
0,1,0.583623,Female,White
0,0,0.145120,Male,White
0,0,0.188102,Female,White
1,1,0.525922,Female,White
0,0,0.281003,Female,White
1,1,0.880555,Male,White
0,1,0.706445,Female,White
0,0,0.066896,Female,White
0,0,0.190965,Male,White
0,1,0.663553,Male,White
0,0,0.472674,Male,Asian
0,0,0.080755,Female,White
0,1,0.703075,Male,White
0,1,0.568343,Female,White
1,1,0.576542,Female,White
0,0,0.083709,Male,Asian
0,0,0.397092,Male,White
0,1,0.664069,Female,White
1,1,0.758693,Female,White
1,1,0.697471,Female,White
0,1,0.793806,Male,White
0,0,0.131859,Male,Black
0,0,0.076958,Female,Black
0,0,0.263975,Male,White
0,0,0.178678,Male,White
0,0,0.152032,Male,White
1,1,0.766325,Male,White
1,1,0.584989,Male,White
0,0,0.495562,Female,White
0,0,0.065759,Female,White
1,1,0.867239,Male,Asian
1,1,0.605256,Male,White
0,0,0.006100,Male,White
1,1,0.600577,Male,Asian
1,1,0.533860,Female,Asian
1,0,0.323511,Male,Black
0,0,0.132094,Male,American Indian
1,1,0.574470,Female,White
1,1,0.593458,Male,White
1,0,0.453559,Female,Asian
1,0,0.422973,Male,White
1,1,0.566556,Female,White
0,1,0.529252,Male,Black
0,0,0.096604,Male,White
0,1,0.946396,Male,White
0,1,0.732954,Male,Asian
1,1,0.624095,Male,White
0,1,0.520896,Male,White
0,0,0.305984,Female,White
0,0,0.020999,Female,White
0,1,0.835105,Male,White
0,0,0.404326,Female,White
0,1,0.707344,Male,White
1,1,0.819276,Male,White
0,0,0.076049,Female,White
1,1,0.551492,Male,White
0,0,0.474840,Female,White
0,0,0.327864,Male,White
1,1,0.796551,Male,White
1,0,0.373389,Male,White
1,1,0.823058,Female,White
0,1,0.778660,Male,White
1,1,0.854177,Female,White
0,0,0.097120,Male,White
1,1,0.714539,Female,White
0,0,0.215415,Male,Asian
1,1,0.616786,Male,White
0,0,0.187132,Male,White
0,0,0.032090,Female,Other
1,1,0.660389,Male,White
0,0,0.047507,Male,Asian
0,0,0.378493,Male,White
1,0,0.068540,Female,White
0,0,0.383844,Female,White
0,1,0.530190,Male,White
0,0,0.095434,Male,White
0,0,0.141841,Male,White
1,0,0.144754,Male,American Indian
0,1,0.846582,Male,White
1,1,0.901337,Male,White
1,0,0.462574,Male,White
1,1,0.550864,Male,White
0,0,0.407185,Female,White
0,0,0.091668,Male,Two or more
0,0,0.104868,Male,White
1,1,0.664330,Male,Two or more
1,1,0.528460,Female,Asian
0,0,0.277323,Male,Black
1,0,0.139645,Male,Black
1,0,0.248835,Female,White
0,1,0.748351,Male,Asian
1,1,0.828315,Male,White
0,0,0.242237,Female,White
1,1,0.835105,Male,White
1,0,0.238408,Male,American Indian
1,0,0.494676,Male,White
1,1,0.799262,Female,White
0,0,0.234783,Female,Black
0,1,0.854311,Male,White
0,0,0.037826,Female,White
1,0,0.439810,Female,White
1,0,0.448608,Male,Two or more
0,0,0.288884,Male,White
0,0,0.296951,Female,White
0,0,0.037224,Female,Other
1,1,0.703075,Male,White
1,1,0.897468,Female,White
1,1,0.923533,Female,White
0,0,0.388964,Female,White
1,0,0.429647,Male,White
1,1,0.730460,Male,White
1,1,0.826999,Female,White
0,0,0.464157,Female,White
0,1,0.502611,Female,White
0,1,0.582452,Male,White
0,0,0.076069,Male,White
1,1,0.750869,Female,White
0,0,0.068376,Female,White
1,0,0.418764,Male,White
1,0,0.430780,Male,White
1,1,0.757526,Male,White
0,0,0.305984,Female,White
1,1,0.927513,Male,White
1,1,0.861834,Male,Asian
1,1,0.755689,Male,White
0,1,0.684580,Male,American Indian
0,0,0.254920,Female,White
1,0,0.397092,Male,White
1,1,0.671518,Female,Two or more
0,0,0.200429,Female,Other
0,0,0.442950,Female,Asian
0,0,0.204441,Male,White
0,0,0.123959,Female,White
1,1,0.698612,Male,White
0,0,0.095132,Male,White
1,1,0.669649,Female,White
0,0,0.082111,Female,White
0,0,0.411420,Female,White
0,0,0.207498,Male,White
0,1,0.540860,Male,White
1,0,0.380589,Female,White
1,1,0.558419,Female,White
1,1,0.588521,Male,White
1,0,0.435631,Male,White
1,1,0.531318,Male,American Indian
1,0,0.468108,Male,American Indian
1,0,0.442898,Female,White
1,0,0.460030,Male,White
1,0,0.368240,Male,White
1,1,0.985259,Male,Asian
1,0,0.486701,Male,White
0,0,0.199748,Male,White
0,1,0.846582,Male,White
0,1,0.990531,Male,White
0,0,0.028736,Male,Other
1,0,0.064069,Female,Two or more
1,0,0.388144,Female,White
1,1,0.751663,Male,White
0,0,0.127529,Female,American Indian
1,0,0.289724,Male,White
1,1,0.512462,Female,Asian
1,1,0.810101,Male,White
1,1,0.751803,Female,White
0,0,0.081988,Female,Other
0,0,0.089476,Female,White
0,0,0.426489,Male,White
1,1,0.822949,Male,White
1,1,0.550481,Male,White
0,0,0.489309,Male,White
0,0,0.093445,Male,White
0,1,0.511741,Male,White
1,0,0.482874,Male,White
0,1,0.502068,Male,White
1,0,0.237463,Male,Black
1,1,0.591454,Female,White
0,0,0.444038,Male,White
1,1,0.954707,Male,White
1,1,0.722642,Male,White
0,0,0.442898,Female,White
1,0,0.200533,Male,White
0,0,0.228640,Female,White
1,1,0.828422,Female,White
0,0,0.161477,Female,Asian
0,0,0.051675,Male,Two or more
0,0,0.281806,Male,Two or more
0,1,0.790574,Female,White
1,1,0.845586,Male,Asian
0,0,0.277152,Female,White
1,0,0.427515,Male,White
1,0,0.467521,Female,White
0,0,0.068156,Female,White
0,0,0.218886,Male,White
1,0,0.213180,Female,Two or more
1,1,0.915154,Female,White
1,1,0.853123,Male,Asian
0,0,0.048550,Female,White
1,1,0.848753,Female,White
0,0,0.046675,Female,White
0,0,0.044410,Female,Asian
1,0,0.400834,Male,White
0,0,0.019726,Female,White
0,0,0.394039,Female,White
1,1,0.866343,Male,White
0,0,0.135876,Male,Other
0,1,0.810101,Male,White
1,1,0.852871,Male,White
0,0,0.131710,Male,NHPI
1,1,0.870154,Female,White
0,1,0.625587,Female,White
1,1,0.889300,Female,White
0,0,0.133212,Female,Two or more
1,0,0.386869,Male,White
0,0,0.313796,Male,White
0,0,0.304497,Female,Other
0,0,0.080584,Female,White
0,0,0.039885,Female,White
1,1,0.803414,Male,White
0,0,0.287922,Male,White
0,1,0.851395,Male,White
1,1,0.904063,Male,White
0,1,0.569294,Male,White
1,0,0.383245,Female,White
1,1,0.617781,Male,Asian
1,1,0.818255,Male,Two or more
1,1,0.870039,Male,White
1,0,0.270499,Female,White
0,0,0.210571,Male,White
0,1,0.569346,Male,Asian
1,1,0.849377,Male,White
0,1,0.590244,Male,Asian
1,0,0.273533,Female,White
1,1,0.500672,Female,Two or more
0,1,0.806816,Male,White
0,1,0.568968,Female,White
0,0,0.344152,Female,White
1,1,0.528408,Female,White
1,1,0.810101,Male,White
0,0,0.122010,Male,Two or more
1,1,0.632973,Female,White
0,0,0.282265,Female,White
0,0,0.240903,Female,White
1,0,0.332557,Male,White
0,0,0.127890,Female,White
0,0,0.088546,Male,White
0,0,0.033154,Female,White
1,1,0.779017,Male,White
0,1,0.543829,Male,White
1,1,0.907486,Female,White
0,0,0.148585,Female,Asian
1,1,0.941607,Female,White
0,0,0.218160,Female,White
1,0,0.151536,Female,White
1,1,0.921213,Male,White
1,0,0.417801,Male,White
1,1,0.778660,Male,White
1,1,0.939728,Male,White
1,1,0.832771,Male,White
0,0,0.172356,Female,Asian
0,1,0.876898,Male,Asian
0,1,0.586966,Male,White
1,1,0.947010,Male,White
0,0,0.196201,Female,White
1,1,0.730199,Female,White
1,1,0.709642,Male,White
1,1,0.532158,Male,White
0,0,0.073839,Female,White
0,0,0.091802,Male,White
1,0,0.476179,Female,White
0,0,0.441328,Male,White
0,0,0.039240,Female,White
0,1,0.840927,Male,White
1,0,0.492339,Male,White
1,1,0.644937,Male,Two or more
0,0,0.120319,Female,White
1,0,0.327864,Male,White
1,0,0.482554,Male,White
1,0,0.421602,Male,White
0,0,0.160352,Male,Other
0,0,0.054080,Male,Other
1,0,0.384214,Female,Two or more
0,0,0.089935,Female,White
0,0,0.314775,Female,White
1,1,0.857396,Male,White
1,0,0.329268,Female,White
0,0,0.020343,Male,White
1,0,0.435662,Female,White
1,1,0.880211,Male,Other
1,1,0.582716,Male,Asian
0,0,0.023113,Female,Asian
0,1,0.643998,Male,White
0,0,0.073924,Female,White
1,1,0.931431,Male,White
0,0,0.105415,Male,Black
0,0,0.393433,Female,White
1,0,0.318481,Male,White
0,0,0.264656,Male,White
0,0,0.011986,Female,White
1,0,0.366205,Male,Two or more
0,1,0.625587,Female,White
0,0,0.199141,Female,White
0,0,0.010142,Female,Two or more
1,1,0.555994,Female,White
0,0,0.201065,Male,White
1,0,0.417579,Female,White
1,1,0.508145,Male,White
1,1,0.702249,Male,White
1,1,0.732406,Female,White
1,0,0.458222,Male,White
1,1,0.648734,Female,American Indian
0,0,0.309320,Male,NHPI
0,0,0.269860,Female,American Indian
0,0,0.326229,Female,White
0,0,0.068182,Female,White
0,0,0.289724,Male,White
0,1,0.947182,Male,White
0,0,0.389301,Male,White
0,0,0.390815,Female,White
1,1,0.634277,Female,White
0,1,0.592846,Male,White
0,0,0.024723,Male,Black
1,1,0.926514,Male,White
0,0,0.063706,Female,Black
0,0,0.255707,Male,White
0,0,0.111127,Male,White
1,1,0.717137,Male,White
1,1,0.849377,Male,White
1,1,0.703075,Male,White
0,1,0.612333,Female,Asian
0,0,0.058858,Male,White
0,1,0.626902,Female,White
1,1,0.910508,Male,White
0,0,0.169086,Female,White
0,0,0.075505,Female,Two or more
1,0,0.096694,Female,White
1,0,0.151901,Female,White
0,0,0.149495,Female,White
0,0,0.154251,Female,White
0,0,0.282450,Male,White
0,0,0.114625,Female,White
1,1,0.748882,Female,White
0,0,0.296951,Female,White
0,0,0.367489,Female,White
0,0,0.170859,Male,White
0,0,0.032944,Female,Asian
0,0,0.120752,Male,Asian
1,0,0.266031,Female,White
1,1,0.583069,Male,White
1,1,0.820590,Female,White
0,1,0.570853,Female,White
0,0,0.080326,Male,Black
1,0,0.425147,Female,White
0,0,0.425778,Male,White
1,0,0.426489,Male,White
1,0,0.296951,Female,White
1,1,0.620607,Female,White
1,0,0.468888,Male,White
0,0,0.101015,Female,White
0,0,0.163287,Female,White
0,1,0.721248,Female,Asian
0,0,0.452176,Male,White
0,0,0.070959,Female,White
0,0,0.112122,Female,Black
1,1,0.912155,Male,White
1,1,0.923533,Female,White
1,1,0.767059,Male,Two or more
0,0,0.205541,Female,American Indian
0,0,0.409572,Male,White
0,1,0.776358,Male,Asian
1,1,0.737607,Male,White
1,0,0.267839,Female,White
0,0,0.311810,Female,White
0,0,0.333972,Female,White
1,0,0.486701,Male,White
0,0,0.373751,Female,White
1,0,0.499647,Female,White
0,0,0.216691,Male,Other
0,0,0.127625,Female,Other
0,0,0.089853,Male,White
0,0,0.213821,Female,White
0,1,0.949533,Male,White
1,1,0.571985,Male,White
0,0,0.347041,Male,White
1,1,0.650646,Male,White
0,0,0.226087,Male,White
0,1,0.668640,Male,White
1,1,0.715701,Male,Asian
1,0,0.432279,Female,White
1,0,0.190965,Male,White
0,0,0.223061,Female,White
1,1,0.826086,Male,White
0,0,0.279722,Male,White
1,1,0.872419,Male,White
1,1,0.610770,Male,White
1,1,0.789511,Male,White
0,0,0.207498,Male,White
0,0,0.149450,Female,White
0,0,0.461611,Female,White
0,0,0.239115,Female,Asian
0,1,0.708398,Male,Asian
0,1,0.653015,Male,White
1,1,0.787638,Male,White
1,0,0.425147,Female,White
1,1,0.835105,Male,White
1,1,0.589625,Female,White
1,0,0.356824,Male,White
1,0,0.383245,Female,White
1,1,0.900296,Male,Asian
1,1,0.562261,Female,White
0,1,0.571413,Female,White
1,1,0.812876,Male,White
0,1,0.829113,Male,White
0,0,0.051681,Female,White
1,0,0.333972,Female,White
0,0,0.030757,Female,White
0,0,0.494613,Male,White
1,1,0.907903,Male,White
1,1,0.767574,Female,White
0,0,0.066712,Female,White
0,0,0.499647,Female,White
0,1,0.977631,Male,White
1,0,0.152045,Female,White
0,0,0.143786,Male,Other
1,1,0.920042,Male,White
1,1,0.925009,Male,White
1,1,0.714116,Female,White
0,1,0.695744,Female,White
0,0,0.358696,Male,White
0,0,0.182691,Female,American Indian
1,1,0.846582,Male,White
1,1,0.561452,Male,White
0,1,0.551676,Female,White
0,0,0.029547,Male,White
0,0,0.333972,Female,White
1,1,0.939799,Male,White
0,0,0.290384,Female,White
1,1,0.775030,Female,White
0,0,0.036083,Male,White
1,1,0.562230,Male,White
1,0,0.163170,Male,White
0,0,0.024351,Male,White
0,0,0.143864,Female,Other
1,1,0.634588,Male,White
1,1,0.736543,Female,White
0,0,0.067952,Male,Other
0,0,0.484461,Male,White
0,0,0.221960,Male,White
0,0,0.298630,Male,White
1,1,0.521051,Male,White
1,1,0.636698,Female,Asian
0,1,0.886891,Male,White
1,1,0.779627,Male,White
0,0,0.291224,Male,White
1,1,0.516118,Male,White
1,1,0.958540,Male,White
1,1,0.738565,Female,White
0,0,0.165036,Female,White
1,1,0.907825,Male,White
0,0,0.324101,Female,White
0,1,0.694043,Male,White
0,1,0.905702,Male,White
1,1,0.977260,Male,White
0,0,0.153628,Female,Black
0,1,0.773653,Male,Two or more
1,1,0.660812,Male,White
0,0,0.275518,Female,White
1,1,0.942790,Male,White
1,1,0.897399,Male,White
0,0,0.233498,Male,White
0,0,0.428271,Male,White
0,0,0.331641,Male,White
0,0,0.404629,Female,White
0,0,0.020761,Female,White
0,0,0.298055,Female,Asian
0,0,0.442898,Female,White
1,1,0.541984,Male,American Indian
0,0,0.068677,Female,White
0,0,0.294508,Male,White
0,0,0.360643,Female,White
1,1,0.605729,Female,Black
0,0,0.383245,Female,White
0,1,0.765318,Male,White
1,1,0.593458,Male,White
1,1,0.907825,Male,White
0,0,0.133301,Male,White
1,0,0.294525,Female,White
1,1,0.768901,Male,White
1,1,0.697698,Male,White
1,1,0.772701,Female,Asian
0,1,0.792820,Male,White
0,1,0.513249,Male,White
0,1,0.649247,Female,White
1,1,0.566781,Male,White
0,0,0.180894,Female,White
0,0,0.132739,Female,White
1,0,0.458222,Male,White
1,0,0.111801,Female,Other
1,1,0.581885,Female,White
1,1,0.814666,Male,American Indian
0,0,0.096531,Male,White
1,1,0.886069,Male,White
0,0,0.368688,Female,White
0,0,0.250545,Female,Black
1,0,0.402184,Male,White
0,0,0.102789,Female,White
1,1,0.834542,Male,White
1,1,0.822653,Male,Asian
1,1,0.584616,Female,White
0,0,0.093762,Male,Two or more
1,1,0.785325,Male,White
0,0,0.128181,Female,White
1,0,0.342390,Male,Asian
0,0,0.230776,Female,Asian
0,1,0.548207,Male,Asian
1,1,0.807100,Male,White
0,0,0.474893,Female,Asian
0,0,0.240513,Female,White
0,0,0.077173,Male,White
1,1,0.541045,Female,White
1,0,0.154660,Male,Other
0,0,0.006548,Female,White
1,1,0.838069,Male,White
1,1,0.898429,Male,White
1,1,0.699136,Female,Asian
1,1,0.653770,Male,White
1,1,0.723099,Female,White
0,1,0.673089,Female,White
1,1,0.682430,Male,White
1,1,0.808463,Male,White
0,0,0.483443,Female,Two or more
0,0,0.050672,Female,Other
1,0,0.450404,Female,White
1,1,0.941915,Female,White
1,1,0.842017,Male,White
0,0,0.016896,Female,Asian
1,1,0.647370,Female,Asian
0,1,0.587412,Male,White
0,0,0.060122,Female,White
1,0,0.450476,Male,White
1,1,0.810729,Male,White
1,1,0.581885,Female,White
0,0,0.297048,Female,Asian
0,1,0.549474,Male,White
0,0,0.426489,Male,White
0,0,0.162555,Female,White
0,0,0.197680,Male,White
1,1,0.919209,Male,White
0,0,0.105496,Female,White
0,0,0.302329,Female,White
0,0,0.316827,Male,White
0,0,0.171265,Female,White
0,0,0.208523,Male,White
0,1,0.543834,Female,White
1,1,0.624095,Male,White
0,0,0.080945,Female,White
1,1,0.558419,Female,White
0,0,0.234019,Male,White
0,0,0.451867,Male,White
0,0,0.188102,Female,White
0,1,0.782294,Male,White
0,0,0.344293,Female,White
1,1,0.612223,Female,White
1,1,0.650402,Female,White
1,1,0.851973,Female,Two or more
1,1,0.683673,Female,White
0,0,0.352703,Male,White
0,0,0.018130,Female,NHPI
1,1,0.759584,Male,White
1,1,0.671447,Male,American Indian
1,0,0.481881,Male,White
0,0,0.088221,Female,Asian
0,0,0.296951,Female,White
1,1,0.523689,Female,Asian
0,0,0.436040,Male,White
0,0,0.344152,Female,White
1,1,0.885501,Male,White
0,0,0.024037,Male,Asian
0,0,0.435281,Male,White
0,0,0.356614,Female,White
0,0,0.133223,Female,White
1,0,0.271767,Male,White
1,1,0.653770,Male,White
1,1,0.730206,Male,White
0,1,0.905300,Male,White
0,0,0.325085,Male,Other
0,1,0.571117,Male,White
1,0,0.158338,Female,White
0,1,0.569346,Male,Asian
1,1,0.651697,Male,White
1,1,0.937655,Male,White
1,1,0.813528,Female,White
1,1,0.748882,Female,White
1,1,0.848950,Male,Asian
1,0,0.416482,Male,Black
0,0,0.059672,Female,Asian
0,0,0.187756,Male,Two or more
1,1,0.815017,Male,White
1,0,0.446236,Female,White
0,0,0.470474,Female,White
0,0,0.142574,Female,White
0,0,0.292540,Female,White
0,1,0.517458,Male,White
1,0,0.229653,Male,White
0,0,0.063237,Female,White
0,0,0.007557,Female,Asian
1,1,0.942181,Male,White
1,1,0.770590,Male,Asian
1,1,0.798055,Male,Asian
0,0,0.036083,Male,White
1,1,0.692876,Female,White
0,0,0.017045,Female,Black
1,1,0.929804,Female,White
0,1,0.638302,Male,White
0,1,0.502455,Female,White
0,0,0.374892,Male,White
1,1,0.731515,Male,White
0,0,0.046967,Female,White
0,0,0.355155,Male,White
0,0,0.493327,Female,Two or more
1,1,0.556403,Female,White
0,0,0.218758,Female,White
1,0,0.349760,Female,White
0,0,0.171861,Female,White
0,0,0.231782,Female,White
0,0,0.240380,Male,White
1,1,0.691520,Male,White
1,1,0.773919,Male,White
1,0,0.328566,Female,Two or more
1,1,0.767330,Male,White
0,0,0.134514,Female,Two or more
0,0,0.171399,Female,Two or more
1,1,0.596316,Male,White
1,1,0.596716,Male,White
1,1,0.662465,Female,White
0,0,0.300478,Female,White
0,0,0.468888,Male,White
1,0,0.344293,Female,White
0,0,0.439436,Female,White
0,0,0.201502,Male,White
1,1,0.669887,Male,White
0,0,0.428047,Female,White
1,1,0.539397,Male,White
0,0,0.288126,Female,White
0,0,0.277837,Female,White
1,1,0.706764,Male,Asian
0,0,0.472287,Female,White
0,0,0.136055,Female,White
1,0,0.321205,Female,White
0,0,0.011969,Female,White
0,0,0.270657,Male,White
0,0,0.244393,Female,Asian
0,0,0.117244,Female,White
1,1,0.513176,Female,White
1,0,0.488925,Female,White
0,0,0.102038,Female,White
0,0,0.125383,Female,White
0,0,0.386652,Female,White
0,1,0.785368,Male,White
0,0,0.181788,Male,White
0,0,0.037836,Female,White
0,0,0.483957,Male,White
0,1,0.891417,Female,White
0,0,0.271069,Male,NHPI
1,0,0.246154,Female,White
0,1,0.579456,Female,White
0,0,0.244167,Female,White
1,1,0.838931,Female,White
1,1,0.603765,Male,White
1,1,0.596781,Male,White
1,1,0.826194,Female,White
0,1,0.672925,Male,White
0,0,0.072616,Male,White
1,0,0.193417,Female,White
1,1,0.849496,Male,White
1,1,0.825278,Male,White
0,0,0.227112,Male,Asian
0,0,0.289724,Male,White
0,0,0.034845,Male,Asian
0,0,0.163230,Female,White
0,0,0.060208,Male,Two or more
1,1,0.582513,Male,White
1,1,0.699572,Female,White
1,1,0.732135,Male,White
1,1,0.882752,Male,White
1,1,0.707322,Male,White
0,0,0.219976,Female,White
1,1,0.566781,Male,White
0,0,0.108925,Male,White
1,1,0.774900,Male,White
1,1,0.952815,Male,White
1,1,0.535140,Female,White
1,1,0.892428,Male,White
0,0,0.135054,Male,Other
0,0,0.193643,Female,Other
1,0,0.454651,Male,White
0,0,0.257113,Male,White
1,0,0.483957,Male,White
0,1,0.673062,Male,White
0,1,0.732617,Male,White
0,0,0.289352,Female,White
1,0,0.488925,Female,White
0,0,0.051008,Male,White
1,1,0.697751,Male,White
1,0,0.406371,Male,Alaska Native
0,0,0.061276,Female,White
0,1,0.530190,Male,White
0,0,0.252732,Male,Other
1,1,0.633573,Male,White
1,1,0.834433,Female,White
0,1,0.593023,Female,White
1,1,0.758313,Female,Asian
1,1,0.549774,Female,Asian
0,0,0.087308,Female,Black
0,1,0.948581,Male,White
0,1,0.616039,Male,White
1,1,0.817863,Male,Asian
1,1,0.965896,Female,White
1,1,0.663582,Female,White
0,0,0.093538,Female,White
0,0,0.030934,Male,White
1,0,0.353544,Male,White
0,0,0.350861,Female,Asian
0,0,0.279358,Female,White
0,0,0.002761,Female,Other
1,1,0.823390,Female,White
1,0,0.478213,Female,White
0,1,0.582452,Male,White
0,0,0.105050,Male,White
1,1,0.734211,Male,White
0,1,0.855135,Male,Two or more
1,1,0.905579,Female,White
1,1,0.838171,Female,White
1,1,0.881666,Male,White
1,0,0.197007,Female,White
0,1,0.690037,Female,Asian
0,0,0.200853,Female,White
1,1,0.650402,Female,White
0,0,0.411472,Female,Asian
0,0,0.429830,Female,White
0,0,0.289060,Female,White
0,1,0.582452,Male,White
0,0,0.498056,Male,White
1,1,0.512922,Male,White
1,1,0.679403,Male,Asian
1,0,0.432393,Female,Asian
1,1,0.811386,Male,Asian
0,0,0.169124,Female,White
0,0,0.183447,Female,Other
1,0,0.457500,Male,White
1,1,0.868527,Male,Asian
0,1,0.711083,Female,White
0,0,0.062119,Male,White
0,1,0.606449,Male,White
1,1,0.815017,Male,White
1,0,0.153415,Female,Asian
0,1,0.545227,Female,White
0,0,0.004636,Female,White
0,0,0.241544,Female,White
0,0,0.092384,Female,White
1,1,0.962760,Male,White
0,0,0.182475,Female,White
0,0,0.456674,Male,White
1,1,0.774900,Male,White
0,0,0.091915,Female,White
0,0,0.280977,Male,White
0,1,0.661862,Female,Asian
0,0,0.050707,Male,White
1,1,0.684860,Male,White
0,1,0.955670,Female,Alaska Native
1,1,0.690453,Male,White
1,1,0.861894,Male,White
0,0,0.018715,Female,White
1,1,0.708483,Male,White
0,0,0.256823,Female,White
0,0,0.051650,Male,White
0,0,0.203529,Male,White
0,0,0.296795,Male,White
1,1,0.563643,Female,White
0,0,0.250539,Female,White
1,1,0.822949,Male,White
1,1,0.822949,Male,White
0,0,0.046266,Female,Asian
0,0,0.131495,Female,Asian
0,0,0.356442,Male,White
0,0,0.021458,Female,Two or more
0,0,0.142547,Female,American Indian
0,0,0.010191,Male,Two or more
0,0,0.306523,Female,White
1,0,0.251195,Male,Other
0,0,0.106612,Male,Other
1,1,0.949348,Male,White
0,0,0.121624,Female,White
0,1,0.977754,Male,White
0,0,0.112778,Female,White
0,0,0.004216,Female,Black
1,1,0.646711,Male,White
0,1,0.581329,Female,White
0,0,0.101292,Female,White
1,1,0.669887,Male,White
0,0,0.076827,Female,White
0,0,0.310663,Female,White
0,0,0.063657,Female,White
0,0,0.261188,Male,White
1,1,0.858417,Male,Asian
0,1,0.551492,Male,White
0,0,0.266634,Female,White
0,0,0.063262,Female,White
0,0,0.052600,Female,White
0,0,0.375037,Male,White
1,1,0.772791,Male,Asian
0,1,0.789720,Male,White
1,1,0.854783,Male,White
0,0,0.283281,Female,White
1,0,0.386652,Female,White
1,1,0.784497,Male,White
1,1,0.903194,Male,White
0,0,0.030589,Male,White
1,0,0.486701,Male,White
0,0,0.068637,Female,White
0,0,0.214641,Male,White
0,0,0.151536,Male,Asian
0,0,0.312745,Female,White
0,0,0.271672,Female,Black
1,1,0.740984,Male,White
1,0,0.476179,Female,White
0,0,0.225186,Male,White
1,1,0.691520,Male,White
0,1,0.886069,Male,White
1,1,0.913434,Male,White
0,0,0.408541,Female,White
1,1,0.762502,Male,White
0,1,0.644169,Female,White
0,0,0.050738,Female,White
1,1,0.835105,Male,White
0,0,0.090375,Female,White
0,1,0.600526,Male,White
0,0,0.021857,Female,White
0,0,0.257266,Male,White
1,0,0.358528,Male,White
0,0,0.467521,Female,White
0,0,0.016402,Female,White
1,1,0.765429,Male,White
1,1,0.510915,Female,White
1,0,0.363180,Female,White
1,1,0.638738,Male,White
0,0,0.031567,Male,White
1,1,0.816612,Male,White
1,1,0.528460,Female,Asian
0,0,0.174414,Male,White
1,1,0.924336,Male,White
0,1,0.682295,Male,White
0,0,0.414083,Female,White
0,0,0.149187,Female,White
0,0,0.130163,Male,Two or more
0,1,0.703677,Female,Asian
0,1,0.674324,Female,White
0,0,0.084780,Male,Other
0,0,0.384995,Female,White
1,1,0.794487,Male,Asian
0,0,0.209224,Female,Two or more
1,1,0.748164,Female,White
1,1,0.660092,Female,White
0,0,0.332557,Male,White
0,1,0.949388,Female,Black
0,0,0.294663,Female,White
1,1,0.505586,Female,White
1,1,0.626873,Male,White
1,1,0.665919,Male,White
0,0,0.491732,Female,White
0,0,0.026444,Female,White
0,0,0.270036,Female,Asian
1,1,0.952308,Male,White
0,0,0.337181,Female,White
0,1,0.526874,Male,Asian
1,0,0.277974,Female,Two or more
0,0,0.278058,Male,Other
1,1,0.816612,Male,White
0,0,0.028238,Male,Two or more
0,1,0.511741,Male,White
0,0,0.081723,Female,White
1,1,0.522867,Male,White
0,1,0.614951,Male,Two or more
1,1,0.564993,Male,White
0,0,0.100877,Female,Two or more
1,0,0.424768,Male,White
1,0,0.265477,Male,Other
0,0,0.495139,Male,Black
1,0,0.247959,Female,White
0,0,0.354829,Male,White
0,0,0.347460,Male,Black
0,0,0.345393,Male,White
1,1,0.944994,Male,White
1,0,0.489949,Female,Two or more
1,1,0.810101,Male,White
0,0,0.426088,Male,White
0,0,0.094545,Male,Alaska Native
0,0,0.158367,Female,American Indian
0,0,0.344436,Female,White
0,1,0.716362,Male,White
0,0,0.342146,Male,White
1,1,0.984343,Male,White
0,0,0.084349,Female,Asian
1,1,0.748882,Female,White
0,0,0.449394,Male,White
0,1,0.508145,Male,White
1,1,0.849608,Male,White
1,1,0.679357,Male,White
1,1,0.606598,Male,White
1,1,0.662502,Male,White
0,0,0.089476,Female,White
1,0,0.399546,Male,White
1,1,0.602599,Female,White
1,1,0.572606,Male,White
0,0,0.173257,Male,White
1,1,0.789511,Male,White
0,1,0.584616,Female,White
0,0,0.261188,Male,White
1,1,0.593608,Male,White
1,1,0.714487,Female,White
1,1,0.915532,Male,White
1,1,0.792718,Male,White
0,1,0.619532,Male,White
0,0,0.440373,Female,White
1,1,0.964621,Male,White
0,0,0.210571,Male,White
0,0,0.068648,Male,White
1,0,0.425865,Male,White
0,0,0.228640,Female,White
1,1,0.677843,Female,White
1,1,0.882752,Male,White
1,0,0.264656,Male,White
1,1,0.688628,Male,White
1,0,0.087985,Male,Black
0,1,0.706637,Female,White
1,1,0.744782,Female,White
0,1,0.520896,Male,White
0,0,0.495748,Female,White
0,1,0.594008,Female,White
1,1,0.703075,Male,White
0,0,0.122584,Male,White
0,0,0.135396,Female,White
0,0,0.120482,Male,White
1,1,0.818809,Female,Asian
0,0,0.184882,Female,White
1,1,0.843806,Male,White
1,1,0.904352,Male,White
0,0,0.035023,Female,White
0,0,0.486701,Male,White
1,1,0.640892,Male,White
1,0,0.473377,Female,White
0,0,0.059045,Female,Asian
1,1,0.759720,Female,White
0,0,0.341740,Female,White
1,1,0.810216,Female,White
0,0,0.294663,Female,White
0,1,0.878948,Male,White
1,1,0.699572,Female,White
0,0,0.271555,Female,White
0,0,0.141176,Female,White
0,0,0.414229,Female,White
1,1,0.585798,Male,White
1,1,0.620824,Female,White
0,0,0.026177,Female,White
0,0,0.013646,Female,Other
0,0,0.048608,Male,Other
1,1,0.709985,Male,White
1,1,0.782294,Male,White
0,1,0.793092,Male,White
1,1,0.605256,Male,White
0,0,0.381488,Female,White
1,1,0.727534,Male,White
1,0,0.337385,Male,White
1,1,0.841560,Male,White
0,0,0.031465,Female,White
0,0,0.439059,Female,Two or more
0,1,0.895954,Male,White
0,1,0.633432,Male,Other
1,1,0.708509,Female,White
1,1,0.559620,Female,White
1,1,0.630961,Male,White
1,1,0.627239,Male,White
0,0,0.366515,Female,White
0,0,0.239742,Male,White
0,1,0.651364,Male,White
1,1,0.803414,Male,White
1,1,0.790574,Female,White
1,1,0.582417,Female,White
1,1,0.868763,Male,White
0,0,0.228640,Female,White
0,0,0.136716,Female,White
0,1,0.778398,Female,White
0,0,0.099607,Female,White
0,1,0.561840,Female,American Indian
1,1,0.592846,Male,White
1,1,0.692007,Male,White
0,0,0.071480,Female,White
0,0,0.381741,Male,White
0,0,0.011472,Female,White
1,0,0.404326,Female,White
0,1,0.867512,Male,Two or more
0,0,0.122241,Male,Other
0,1,0.624095,Male,White
0,0,0.463455,Female,White
1,0,0.174718,Female,White
1,1,0.946728,Male,White
0,0,0.294663,Female,White
0,0,0.068198,Female,White
1,1,0.895742,Male,White
0,1,0.877117,Male,White
0,0,0.398502,Male,White
1,1,0.530758,Female,White
1,0,0.126282,Female,White
0,0,0.046467,Female,White
0,0,0.180694,Male,White
1,1,0.883781,Male,White
0,0,0.165263,Female,White
0,0,0.243270,Female,White
1,1,0.962727,Male,White
1,0,0.415148,Female,Black
1,1,0.893382,Male,White
1,1,0.705278,Female,White
1,1,0.619532,Male,White
0,1,0.633515,Male,White
0,1,0.717330,Female,Asian
0,0,0.111817,Female,Black
1,1,0.942181,Male,White
0,0,0.268641,Female,White
0,1,0.653770,Male,White
0,1,0.628574,Male,White
1,1,0.592846,Male,White
1,0,0.401510,Male,Other
1,1,0.530345,Male,White
0,0,0.063277,Female,White
0,0,0.390751,Female,White
0,0,0.021099,Male,White
0,0,0.134498,Female,Asian
1,0,0.433655,Female,White
1,1,0.939851,Male,White
0,1,0.583069,Male,White
1,1,0.619282,Female,White
0,0,0.038590,Male,Black
0,0,0.163079,Male,Other
1,1,0.992462,Male,White
1,0,0.319864,Female,White
0,1,0.649531,Male,White
1,0,0.450210,Female,Asian
0,0,0.008376,Female,Asian
0,0,0.346833,Female,White
1,0,0.483716,Female,American Indian
1,1,0.834093,Male,American Indian
1,1,0.551645,Male,White
0,0,0.466092,Male,White
1,0,0.376745,Male,White
1,1,0.636218,Female,Asian
1,1,0.742207,Male,Two or more
0,0,0.373751,Female,White
1,0,0.439612,Female,White
0,1,0.692876,Female,White
0,0,0.337385,Male,White
0,0,0.319864,Female,White
1,0,0.437013,Male,White
0,0,0.192047,Female,White
0,0,0.160857,Female,White
1,0,0.468542,Female,Two or more
1,1,0.630652,Female,White
1,0,0.150195,Female,Asian
0,0,0.097095,Female,Asian
0,0,0.458054,Female,White
0,0,0.006918,Female,American Indian
1,1,0.716148,Female,White
0,1,0.549157,Male,White
1,1,0.917250,Female,White
1,1,0.848950,Male,Asian
1,1,0.937953,Female,White
0,0,0.062246,Female,White
1,1,0.867567,Male,White
1,1,0.847808,Female,White
1,1,0.554422,Male,White
1,0,0.486701,Male,White
1,0,0.282294,Female,Two or more
0,0,0.097721,Female,Asian
0,0,0.282265,Female,White
0,0,0.185194,Female,White
0,0,0.299449,Male,American Indian
0,0,0.290230,Male,White
0,0,0.386652,Female,White
1,1,0.903013,Male,Asian
0,0,0.048131,Female,Asian
0,0,0.242522,Male,Asian
1,1,0.856767,Male,Asian
0,0,0.011870,Male,Asian
0,0,0.006274,Female,White
1,1,0.630652,Female,White
1,1,0.947361,Male,Asian
0,0,0.120159,Female,Two or more
1,0,0.426489,Male,White
1,1,0.530345,Male,White
0,0,0.010907,Female,White
0,0,0.449394,Male,White
0,0,0.065522,Female,White
0,0,0.138335,Male,White
0,0,0.158450,Female,American Indian
1,0,0.356824,Male,White
1,1,0.657865,Male,White
0,1,0.802254,Male,American Indian
1,1,0.630499,Male,NHPI
0,0,0.103099,Male,White
0,0,0.089964,Female,White
1,1,0.584438,Male,White
0,0,0.140468,Male,White
0,1,0.561188,Female,White
1,1,0.793092,Male,White
1,1,0.914377,Female,White
1,0,0.273656,Female,White
1,1,0.549774,Female,Asian
1,1,0.743810,Male,White
0,0,0.262418,Female,White
0,0,0.206409,Male,White
0,1,0.783636,Male,White
0,0,0.416830,Male,American Indian
1,1,0.900036,Female,White
1,1,0.509241,Male,Black
0,0,0.316904,Male,White
1,1,0.895803,Male,White
1,0,0.332413,Female,Other
0,0,0.319864,Female,White
1,1,0.558419,Female,White
1,1,0.726873,Male,White
0,0,0.183787,Female,White
0,0,0.338587,Female,White
1,0,0.476811,Female,White
0,0,0.005087,Male,Other
1,1,0.830019,Female,White
0,1,0.706668,Male,White
1,1,0.774900,Male,White
0,0,0.138350,Female,White
0,1,0.937252,Male,White
1,0,0.469074,Female,White
1,1,0.809545,Female,White
0,0,0.103888,Female,White
0,0,0.102135,Female,White
1,1,0.814036,Male,Two or more
0,0,0.470474,Female,White
1,1,0.683673,Female,White
0,1,0.905773,Female,White
0,0,0.259776,Male,American Indian
1,0,0.489495,Female,White
0,0,0.476174,Female,White
0,1,0.645598,Female,White
1,0,0.120170,Female,White
0,0,0.232216,Male,White
0,0,0.394039,Female,White
0,0,0.077840,Female,White
0,0,0.120591,Female,Two or more
0,1,0.558684,Male,White
1,1,0.827515,Male,White
0,0,0.346833,Female,White
1,0,0.125020,Male,White
0,0,0.333972,Female,White
0,0,0.034298,Male,White
1,1,0.634277,Female,White
0,1,0.579849,Male,White
1,1,0.625587,Female,White
1,0,0.490297,Male,White
0,1,0.664834,Female,White
0,0,0.032336,Female,White
1,0,0.338809,Female,White
0,0,0.051681,Female,White
1,1,0.710824,Female,White
1,1,0.663415,Male,White
1,1,0.897915,Male,White
0,0,0.225725,Male,White
1,1,0.628574,Male,White
1,0,0.385144,Male,White
0,1,0.961450,Male,Asian
0,0,0.055346,Female,Other
0,0,0.050631,Male,Other
0,1,0.656309,Male,White
1,1,0.981569,Male,White
1,1,0.518860,Male,White
1,0,0.286771,Male,White
1,0,0.386112,Male,White
0,0,0.243213,Male,Other
1,1,0.806224,Male,White
0,0,0.006836,Female,Other
1,1,0.837305,Male,White
1,0,0.389301,Male,White
0,0,0.130405,Female,White
1,1,0.942181,Male,White
0,0,0.188365,Female,Asian
0,0,0.470474,Female,White
0,0,0.091190,Male,Black
0,0,0.367975,Female,White
1,1,0.600526,Male,White
1,0,0.444038,Male,White
0,0,0.044842,Male,White
0,0,0.047034,Female,Asian
1,1,0.663582,Female,White
0,0,0.467521,Female,White
1,1,0.672925,Male,White
1,1,0.782294,Male,White
0,0,0.266191,Female,White
0,0,0.171763,Female,White
0,1,0.691986,Male,White
0,0,0.408026,Male,Two or more
0,0,0.088336,Male,White
0,0,0.214641,Male,White
0,0,0.003423,Female,White
0,0,0.376983,Male,Two or more
0,0,0.083398,Female,Other
0,0,0.036614,Female,White
0,0,0.401965,Male,Two or more
0,0,0.196909,Female,White
0,1,0.524012,Male,White
0,1,0.814924,Male,White
1,0,0.461611,Female,White
1,1,0.947741,Male,White
0,0,0.120753,Male,American Indian
0,1,0.678412,Male,White
1,1,0.613980,Male,White
1,1,0.607602,Male,Asian
0,0,0.291061,Female,Asian
0,0,0.148266,Female,White
0,0,0.053318,Female,White
1,0,0.265213,Female,White
0,1,0.600208,Female,White
0,0,0.349242,Female,White
1,1,0.976074,Male,White
0,0,0.404326,Female,White
1,1,0.880489,Male,White
1,1,0.521082,Female,White
0,0,0.400470,Male,Two or more
1,1,0.982138,Male,White
1,1,0.911704,Male,White
1,1,0.886069,Male,White
0,1,0.675217,Male,White
1,1,0.555994,Female,White
0,0,0.282265,Female,White
1,1,0.771179,Male,White
1,0,0.432341,Female,White
0,1,0.719561,Female,White
0,0,0.055192,Male,White
1,0,0.457411,Male,Other
1,1,0.870039,Male,White
0,0,0.248096,Female,White
0,0,0.190309,Female,White
1,1,0.767822,Male,Asian
1,1,0.911764,Female,White
0,0,0.395202,Male,White
0,1,0.539583,Female,White
1,0,0.188123,Male,Other
1,0,0.421846,Female,White
0,0,0.424118,Male,White
0,0,0.285103,Male,White
1,1,0.947652,Male,White
0,0,0.003016,Female,White
0,0,0.279608,Female,White
1,1,0.816112,Male,White
0,0,0.363767,Female,White
1,1,0.874895,Female,White
1,1,0.852071,Male,White
1,0,0.310605,Female,White
1,1,0.906468,Female,White
1,0,0.348484,Female,White
1,1,0.770553,Male,White
1,0,0.280123,Female,White
0,0,0.332557,Male,White
0,0,0.180316,Male,Two or more
0,1,0.510369,Female,White
0,0,0.303060,Female,White
0,1,0.597518,Male,White
1,1,0.768464,Female,White
1,1,0.542440,Female,White
0,0,0.118868,Female,White
1,0,0.263975,Male,White
0,0,0.040777,Male,Two or more
0,1,0.851456,Female,White
0,1,0.835105,Male,White
0,1,0.635579,Female,White
0,1,0.643701,Male,White
0,0,0.237011,Female,Other
1,1,0.521082,Female,White
0,0,0.424527,Female,White
0,0,0.335728,Female,White
1,1,0.616140,Female,Asian
0,1,0.511741,Male,White
1,1,0.891143,Male,Asian
0,1,0.700595,Male,White
0,0,0.047075,Male,White
0,0,0.184403,Female,Two or more
0,0,0.068514,Female,White
1,0,0.269550,Male,White
1,1,0.583220,Male,White
1,1,0.625587,Female,White
1,0,0.185617,Male,White
1,0,0.313796,Male,White
1,1,0.600577,Male,Asian
1,1,0.578643,Female,Asian
0,0,0.065060,Female,American Indian
0,1,0.739656,Male,White
0,0,0.375037,Male,White
1,1,0.987813,Male,Asian
0,0,0.006312,Female,Two or more
0,0,0.353318,Female,White
1,0,0.447677,Female,Asian
0,1,0.794724,Male,White
0,0,0.164778,Female,Other
1,1,0.751663,Male,White
0,0,0.307342,Male,White
0,0,0.202311,Female,White
1,1,0.929477,Male,Asian
1,1,0.682295,Male,White
1,0,0.496320,Female,Asian
0,0,0.016451,Male,White
0,0,0.251884,Female,White
1,1,0.643998,Male,White
1,0,0.370050,Female,Asian
0,1,0.724761,Male,White
0,0,0.478213,Female,White
1,1,0.907825,Male,White
1,1,0.926457,Male,White
1,1,0.736543,Female,White
0,1,0.565401,Male,White
1,1,0.867334,Male,Asian
0,0,0.120830,Female,White
1,1,0.572606,Male,White
1,1,0.840174,Male,White
0,0,0.272418,Female,White
0,0,0.444975,Male,White
0,0,0.060233,Female,Black
1,1,0.615487,Female,White
1,1,0.682430,Male,White
1,0,0.419108,Female,White
1,1,0.852071,Male,White
1,1,0.774049,Female,White
1,1,0.862165,Male,White
0,0,0.371670,Male,White
1,1,0.750463,Male,White
0,0,0.089476,Female,White
1,1,0.852071,Male,White
0,0,0.100436,Female,White
0,1,0.550338,Female,Asian
1,1,0.889778,Male,White
1,0,0.261592,Female,NHPI
0,0,0.481400,Male,White
0,0,0.374213,Male,Other
0,0,0.234662,Male,White
1,0,0.429586,Female,White
0,0,0.299509,Male,White
0,1,0.878239,Male,White
0,0,0.299364,Male,White
0,0,0.344436,Female,White
1,1,0.708355,Male,White
1,0,0.435662,Female,White
1,1,0.732617,Male,White
1,0,0.369514,Female,White
1,1,0.954949,Male,White
1,0,0.297868,Female,Black
1,1,0.691520,Male,White
0,1,0.775008,Male,White
1,1,0.811703,Female,White
1,0,0.190566,Female,White
0,1,0.781273,Male,White
1,1,0.811386,Male,Asian
1,1,0.762809,Female,White
1,0,0.498211,Male,White
1,1,0.603765,Male,White
0,1,0.872100,Male,Asian
1,1,0.541014,Male,White
1,0,0.416032,Male,White
0,0,0.148882,Male,White
0,0,0.233013,Male,White
1,0,0.388028,Male,White
0,0,0.085502,Male,Two or more
1,0,0.171861,Female,White
0,0,0.481172,Female,White
0,0,0.295777,Female,White
1,1,0.601478,Male,Other
0,0,0.014329,Female,Other
1,0,0.441090,Female,American Indian
0,0,0.120319,Female,White
1,1,0.814924,Male,White
1,1,0.932093,Male,White
0,1,0.502259,Female,Asian
0,1,0.607428,Male,Two or more
0,1,0.625412,Male,White
0,0,0.048888,Female,White
0,0,0.295056,Female,White
1,1,0.587713,Male,White
0,0,0.087155,Male,White
1,1,0.661862,Female,Asian
1,0,0.496320,Female,Asian
1,1,0.815541,Male,Two or more
1,0,0.493707,Female,White
0,1,0.630414,Female,White
1,1,0.703677,Female,Asian
1,1,0.951831,Male,White
0,0,0.128782,Female,White
1,0,0.444038,Male,White
0,1,0.783717,Male,Asian
1,1,0.923539,Male,White
0,0,0.441946,Female,Asian
0,1,0.572370,Female,American Indian
0,1,0.534186,Male,White
0,1,0.600577,Male,Asian
1,0,0.401125,Female,Asian
1,1,0.916397,Male,White
1,1,0.936995,Male,White
0,0,0.350861,Female,Asian
1,1,0.740984,Male,White
1,1,0.847666,Male,Asian
0,0,0.338015,Female,White
0,0,0.097508,Female,White
0,1,0.697471,Female,White
0,0,0.254488,Female,White
0,0,0.224778,Male,Black
1,0,0.351865,Male,White
0,0,0.029534,Female,White
0,1,0.759584,Male,White
1,1,0.789720,Male,White
0,0,0.193744,Male,White
0,0,0.106608,Male,White
1,1,0.521082,Female,White
1,1,0.757526,Male,White
1,1,0.577282,Male,White
1,1,0.655209,Female,White
0,0,0.416482,Male,Black
1,0,0.383245,Female,White
0,0,0.244975,Male,White
1,0,0.369024,Male,White
0,0,0.128925,Female,White
1,1,0.829113,Male,White
0,0,0.309049,Female,White
0,0,0.438395,Male,White
1,1,0.634104,Male,White
0,0,0.037224,Female,Other
0,0,0.389166,Male,Asian
0,0,0.067753,Male,White
0,1,0.650704,Male,White
0,1,0.561452,Male,White
1,1,0.687583,Female,White
0,0,0.423910,Female,White
0,1,0.593458,Male,White
0,0,0.366515,Female,White
0,1,0.786090,Female,White
0,0,0.080285,Male,White
1,0,0.159430,Female,White
0,1,0.546619,Female,White
0,0,0.242438,Male,White
0,0,0.383844,Female,White
1,1,0.883409,Female,White
1,1,0.749560,Male,White
0,0,0.145627,Female,White
1,1,0.598067,Male,White
1,0,0.399241,Male,White
1,1,0.738862,Male,Asian
0,0,0.093423,Male,White
1,1,0.835604,Male,NHPI
1,1,0.732708,Male,Asian
0,0,0.087355,Female,White
0,0,0.409529,Female,White
0,0,0.102809,Female,Asian
0,0,0.235480,Male,Black
0,0,0.232759,Male,White
1,0,0.449200,Female,White
0,0,0.367153,Male,Two or more
0,0,0.346342,Male,White
0,1,0.584616,Female,White
0,1,0.749131,Male,White
1,1,0.727455,Female,White
1,0,0.268445,Male,White
0,0,0.288884,Male,White
1,1,0.695802,Female,White
0,0,0.087415,Female,White
0,0,0.084138,Female,Black
0,0,0.108258,Female,White
1,0,0.226282,Female,Two or more
1,1,0.819117,Female,White
0,1,0.521082,Female,White
0,1,0.723207,Female,White
1,1,0.517458,Male,White
1,1,0.832163,Male,White
0,1,0.671852,Female,White
0,0,0.032336,Female,White
0,1,0.695323,Male,White
1,1,0.541621,Male,White
0,1,0.539082,Female,White
1,1,0.550864,Male,White
1,1,0.529558,Male,White
0,0,0.031457,Female,White
0,0,0.074173,Male,White
0,1,0.539650,Female,White
0,0,0.238281,Female,White
1,0,0.233881,Female,Two or more
1,0,0.242302,Female,NHPI
1,1,0.875901,Male,White
0,0,0.151934,Female,White
0,1,0.566597,Male,White
0,0,0.293230,Female,White
0,0,0.142790,Female,Asian
1,1,0.826327,Female,White
1,0,0.416032,Male,White
0,0,0.101549,Female,White
0,0,0.028292,Female,White
1,0,0.143445,Female,White
0,0,0.116493,Female,White
0,0,0.280977,Male,White
0,0,0.137755,Female,White
0,0,0.154400,Male,White
1,1,0.588466,Male,Two or more
1,1,0.662420,Male,White
0,0,0.048782,Female,White
1,1,0.522452,Male,White
1,1,0.529991,Male,White
1,1,0.521082,Female,White
1,1,0.929327,Male,White
0,0,0.222975,Male,White
1,1,0.883428,Male,White
0,1,0.577348,Male,White
0,0,0.067697,Male,White
0,0,0.476241,Female,White
1,0,0.430718,Male,White
1,0,0.281128,Female,White
0,0,0.045792,Female,White
0,1,0.526759,Male,White
0,0,0.220083,Female,White
0,1,0.790574,Female,White
0,1,0.521396,Female,White
1,1,0.728135,Female,White
1,1,0.590312,Female,White
0,1,0.579456,Female,White
1,0,0.335760,Male,White
1,1,0.697751,Male,White
1,1,0.891887,Male,White
0,1,0.523957,Male,White
1,1,0.650704,Male,White
1,0,0.339696,Female,White
0,1,0.827153,Male,White
1,1,0.523885,Female,White
1,1,0.623847,Female,White
0,1,0.624095,Male,White
0,0,0.106356,Male,Two or more
0,0,0.485547,Female,White
1,1,0.604916,Male,White
1,1,0.788700,Female,White
0,0,0.437469,Male,Black
1,0,0.427489,Male,White
1,0,0.365931,Male,Asian
1,1,0.736186,Male,American Indian
1,1,0.906784,Male,Asian
1,1,0.938236,Male,White
0,0,0.215519,Male,White
0,0,0.422973,Male,White
1,1,0.981802,Female,White
0,0,0.029184,Female,White
1,1,0.828533,Male,White
0,0,0.217392,Male,Black
0,0,0.116493,Female,White
1,1,0.768737,Male,White
0,0,0.008333,Male,Two or more
1,0,0.215715,Female,White
1,1,0.754911,Male,White
1,1,0.861678,Male,White
1,1,0.521082,Female,White
0,0,0.238641,Male,Other
1,1,0.510369,Female,White
1,0,0.478368,Female,White
0,0,0.036502,Female,White
0,0,0.128437,Female,White
1,1,0.593639,Female,White
1,1,0.903684,Male,White
1,1,0.669649,Female,White
0,0,0.160555,Male,White
0,0,0.300827,Female,Two or more
0,0,0.077465,Male,Two or more
0,0,0.083630,Male,Other
0,0,0.194056,Female,White
1,1,0.675529,Male,White
0,0,0.103974,Female,White
1,1,0.604916,Male,White
0,0,0.260297,Female,White
1,0,0.306214,Female,Asian
0,0,0.409318,Male,Asian
0,0,0.119888,Female,White
1,1,0.942486,Male,White
0,0,0.038673,Male,White
0,0,0.289878,Female,White
1,1,0.956004,Male,Asian
1,0,0.417028,Male,Two or more
1,1,0.766373,Male,White
0,0,0.386142,Male,Asian
1,1,0.688575,Male,White
0,1,0.519493,Male,White
0,0,0.253427,Female,White
0,0,0.355012,Male,White
1,1,0.889077,Male,Two or more
1,1,0.715261,Female,White
1,1,0.852149,Male,White
1,1,0.800487,Male,Black
1,0,0.356471,Female,White
0,1,0.571985,Male,White
0,1,0.579779,Male,White
0,0,0.081510,Male,Other
1,0,0.051969,Female,White
1,1,0.739564,Male,Two or more
1,1,0.664834,Female,White
0,0,0.089456,Female,White
0,1,0.838069,Male,White
1,0,0.171283,Female,Asian
0,0,0.366727,Male,White
1,1,0.679357,Male,White
1,0,0.485547,Female,White
1,1,0.782400,Male,White
0,0,0.133212,Female,Two or more
1,1,0.599630,Male,White
1,1,0.784306,Male,White
0,0,0.375546,Male,White
1,0,0.499647,Female,White
0,1,0.610707,Male,White
0,0,0.006916,Female,Other
0,0,0.131473,Male,Two or more
1,0,0.273838,Male,White
0,0,0.103830,Female,White
1,1,0.893382,Male,White
0,1,0.505275,Female,White
0,0,0.455592,Male,White
1,1,0.915745,Male,Asian
0,0,0.102556,Female,White
0,0,0.237392,Female,White
1,0,0.261727,Male,Asian
1,1,0.640357,Male,Asian
1,1,0.813874,Female,Asian
1,1,0.837554,Male,White
0,1,0.782294,Male,White
1,0,0.363767,Female,White
1,1,0.679357,Male,White
1,0,0.291622,Male,White
1,1,0.997544,Male,White
1,1,0.623671,Female,White
0,0,0.402184,Male,White
0,0,0.189445,Female,White
1,1,0.802525,Male,White
0,0,0.069937,Female,White
0,0,0.355155,Male,White
0,0,0.228640,Female,White
0,0,0.056233,Female,Asian
1,1,0.690149,Male,White
0,0,0.344436,Female,White
1,0,0.485600,Female,Asian
1,0,0.380848,Female,Asian
1,1,0.933423,Male,White
0,0,0.084780,Male,Other
0,0,0.302198,Female,White
1,1,0.847934,Male,White
0,0,0.088451,Male,White
0,0,0.046095,Female,Other
0,0,0.168339,Male,White
0,0,0.086023,Female,White
0,0,0.013278,Female,White
1,1,0.579456,Female,White
1,0,0.386652,Female,White
1,0,0.446236,Female,White
1,0,0.366515,Female,White
1,1,0.803414,Male,White
1,0,0.496267,Female,White
1,0,0.346733,Male,White
1,0,0.211325,Male,American Indian
0,0,0.298657,Female,White
1,1,0.646806,Male,White
0,0,0.009152,Female,Two or more
0,0,0.127436,Female,White
0,1,0.794134,Female,White
0,1,0.754647,Male,White
1,1,0.771474,Female,White
0,0,0.294181,Female,Asian
0,1,0.558173,Male,Asian
1,1,0.989409,Male,White
0,1,0.630652,Female,White
1,1,0.744690,Male,White
1,1,0.782294,Male,White
0,1,0.822353,Male,White
1,1,0.807495,Male,White
0,1,0.726496,Male,White
1,1,0.942226,Male,White
1,1,0.842430,Male,White
0,0,0.245176,Male,Asian
1,0,0.353566,Female,Asian
1,1,0.703075,Male,White
0,0,0.499464,Male,White
1,1,0.914757,Male,White
0,0,0.379025,Female,White
1,1,0.558746,Male,White
1,1,0.831321,Female,Asian
0,0,0.184382,Female,Asian
0,0,0.234152,Female,White
0,1,0.896950,Female,White
0,0,0.012533,Female,White
0,1,0.821397,Male,White
1,1,0.780242,Female,Two or more
1,1,0.856298,Male,White
1,1,0.725880,Male,White
0,1,0.682457,Female,White
1,0,0.328450,Male,American Indian
0,1,0.749898,Male,White
1,1,0.860640,Female,White
1,0,0.386869,Male,White
0,1,0.536289,Female,White
1,1,0.697796,Male,Asian
1,1,0.892517,Male,White
1,1,0.631011,Male,Asian
1,0,0.235344,Male,NHPI
0,1,0.589699,Male,White
0,0,0.068680,Female,White
0,0,0.372742,Male,Asian
1,0,0.310605,Female,White
1,1,0.760721,Male,White
0,0,0.108532,Female,White
0,0,0.088585,Male,White
1,1,0.896477,Male,White
0,0,0.051957,Female,White
0,1,0.711952,Male,White
0,0,0.162419,Male,White
0,0,0.247647,Male,White
1,0,0.197007,Female,White
1,1,0.781463,Female,White
0,1,0.899453,Male,White
1,0,0.456229,Female,White
0,0,0.422497,Male,White
0,1,0.760744,Female,White
0,0,0.004566,Female,Other
0,0,0.059549,Male,Other
1,0,0.286771,Male,White
1,1,0.601991,Female,White
0,1,0.724128,Male,White
1,1,0.794134,Female,White
1,1,0.816612,Male,White
1,1,0.778820,Male,White
0,0,0.267081,Female,Asian
1,1,0.870039,Male,White
0,1,0.561452,Male,White
0,0,0.183314,Female,White
1,1,0.625112,Female,Asian
0,0,0.211342,Female,White
1,1,0.658089,Male,White
0,0,0.174430,Male,White
1,1,0.662326,Female,White
1,0,0.393586,Male,Asian
0,0,0.029104,Male,Asian
1,1,0.643416,Male,White
0,0,0.418603,Female,Asian
0,0,0.005570,Male,Two or more
1,1,0.543802,Male,White
0,0,0.426489,Male,White
1,1,0.587492,Female,White
1,1,0.964621,Male,White
0,0,0.153765,Female,White
0,0,0.073541,Female,White
0,0,0.043901,Female,White
0,0,0.249006,Male,White
1,1,0.752849,Female,White
1,0,0.416032,Male,White
1,1,0.757106,Male,White
0,0,0.122134,Male,White
1,1,0.704110,Female,White
1,1,0.766325,Male,White
0,1,0.533142,Male,White
0,0,0.151901,Female,White
1,1,0.564643,Male,White
1,1,0.797580,Female,White
0,1,0.828494,Male,White
0,0,0.200533,Male,White
0,0,0.180694,Male,White
0,0,0.216762,Female,American Indian
0,1,0.524268,Male,White
0,0,0.084803,Female,White
0,1,0.663415,Male,White
1,1,0.606994,Male,White
1,0,0.424527,Female,White
1,1,0.613980,Male,White
1,0,0.458407,Female,White
0,0,0.125618,Female,White
0,0,0.145727,Male,White
1,1,0.811386,Male,Asian
1,1,0.794286,Female,White
1,0,0.411472,Female,Asian
0,0,0.238256,Male,White
1,1,0.918790,Male,White
1,1,0.739406,Male,Two or more
0,0,0.177440,Female,White
1,1,0.674324,Female,White
0,0,0.113376,Female,White
0,0,0.191434,Female,White
1,0,0.257670,Male,American Indian
1,1,0.817863,Male,Asian
1,0,0.325055,Female,White
0,0,0.363767,Female,White
0,0,0.487335,Male,White
1,1,0.956323,Female,White
1,1,0.508145,Male,White
0,1,0.506990,Female,White
1,1,0.914377,Female,White
0,1,0.517707,Female,White
1,0,0.449503,Male,Other
1,0,0.412539,Male,White
1,1,0.770728,Male,White
0,0,0.371778,Male,Asian
0,1,0.624095,Male,White
1,1,0.877392,Male,White
0,1,0.732666,Male,White
1,0,0.151901,Female,White
0,0,0.464157,Female,White
1,0,0.425147,Female,White
1,1,0.933942,Male,Asian
0,1,0.541477,Female,Asian
1,1,0.872419,Male,White
1,1,0.902768,Female,White
1,1,0.924825,Male,Asian
0,1,0.502611,Female,White
1,1,0.570089,Female,Asian
1,1,0.948845,Male,White
1,0,0.364058,Female,White
1,1,0.891887,Male,White
0,0,0.429403,Male,White
0,0,0.283115,Female,White
1,1,0.921886,Male,American Indian
1,1,0.749434,Male,American Indian
1,1,0.975428,Male,White
1,1,0.819974,Male,White
1,1,0.695271,Female,White
0,0,0.049619,Female,White
0,1,0.644670,Female,White
0,0,0.141548,Female,White
0,0,0.325114,Female,White
0,1,0.594963,Male,White
0,0,0.412539,Male,White
1,1,0.613980,Male,White
1,1,0.769734,Male,White
0,0,0.245245,Female,White
0,0,0.182432,Female,White
0,1,0.529558,Male,White
0,0,0.143353,Male,White
0,0,0.092947,Female,White
1,1,0.969399,Male,White
0,0,0.382060,Female,White
0,1,0.642316,Male,American Indian
0,0,0.105980,Female,Black
0,0,0.408175,Female,Two or more
1,0,0.460030,Male,White
1,0,0.096499,Female,Black
1,1,0.949287,Male,White
0,0,0.117142,Female,White
0,0,0.019126,Female,Other
1,1,0.655350,Female,White
1,1,0.981997,Male,Asian
1,0,0.490297,Male,White
0,1,0.610770,Male,White
0,0,0.027522,Female,White
0,1,0.934632,Male,Asian
1,0,0.388809,Male,White
0,0,0.235785,Female,White
0,0,0.206740,Female,White
0,0,0.095196,Female,White
0,0,0.048664,Female,White
1,1,0.820775,Female,White
0,0,0.109422,Female,Asian
1,1,0.873915,Male,White
1,1,0.888240,Male,White
0,0,0.434855,Male,White
1,0,0.464157,Female,White
1,1,0.538567,Female,White
0,0,0.074843,Male,Two or more
1,1,0.970939,Male,White
1,0,0.285827,Female,White
1,1,0.949392,Male,White
1,1,0.831949,Male,Asian
1,1,0.708509,Female,White
1,0,0.305753,Male,Asian
1,1,0.659985,Male,White
0,0,0.150852,Female,White
0,0,0.451867,Male,White
0,0,0.174170,Female,White
1,1,0.627764,Female,Asian
1,0,0.447594,Male,White
0,0,0.248719,Female,White
1,1,0.680747,Male,Two or more
0,0,0.055123,Female,Asian
0,0,0.018860,Male,Black
0,0,0.090396,Female,White
1,1,0.612045,Male,White
1,1,0.714539,Female,White
1,1,0.640892,Male,White
1,1,0.709985,Male,White
0,0,0.101549,Female,White
0,1,0.597333,Female,White
0,0,0.243369,Female,White
0,0,0.261188,Male,White
1,0,0.210932,Female,White
1,1,0.900278,Male,White
1,1,0.624241,Male,White
0,0,0.298428,Female,American Indian
0,0,0.080149,Female,White
0,0,0.171742,Male,Two or more
1,1,0.771179,Male,White
1,0,0.320726,Female,White
0,1,0.569346,Male,Asian
0,0,0.225014,Female,White
0,0,0.141086,Male,White
1,0,0.458222,Male,White
0,1,0.862017,Male,White
1,1,0.683673,Female,White
0,1,0.511741,Male,White
0,0,0.437013,Male,White
1,1,0.594447,Male,Two or more
0,0,0.035130,Female,White
1,1,0.718275,Male,White
1,1,0.554422,Male,White
1,0,0.353898,Female,White
0,0,0.211139,Male,Other
0,0,0.178994,Female,White
1,0,0.085642,Female,White
0,0,0.140527,Female,White
0,0,0.339678,Male,White
0,0,0.356614,Female,White
0,0,0.450404,Female,White
1,1,0.653770,Male,White
1,1,0.543802,Male,White
1,1,0.887755,Female,White
1,1,0.786697,Male,White
1,1,0.540860,Male,White
0,0,0.411472,Female,Asian
1,1,0.758556,Male,White
1,1,0.548604,Male,Black
0,0,0.107950,Female,White
0,0,0.119888,Male,White
1,1,0.980867,Female,Two or more
0,1,0.942226,Male,White
0,0,0.010648,Male,White
0,0,0.321589,Female,Asian
1,0,0.473440,Female,White
1,1,0.888870,Female,White
0,0,0.201555,Female,White
0,0,0.249006,Male,White
0,0,0.380088,Male,Other
0,1,0.880970,Male,Asian
0,0,0.252170,Male,White
0,1,0.640800,Female,White
1,1,0.916766,Male,White
0,1,0.674297,Male,White
0,0,0.238281,Female,White
1,1,0.672925,Male,White
1,0,0.369050,Male,White
0,0,0.191177,Female,White
0,0,0.376021,Male,White
0,0,0.128237,Female,Two or more
1,1,0.717137,Male,White
0,0,0.261188,Male,White
1,1,0.529558,Male,White
0,0,0.450969,Female,White
1,0,0.226178,Female,White
1,0,0.341107,Female,White
0,0,0.063277,Female,White
0,0,0.080644,Female,Black
1,1,0.570853,Female,White
1,1,0.879534,Male,White
1,1,0.531930,Female,White
1,1,0.758670,Male,White
1,1,0.535044,Female,Black
1,1,0.934815,Male,White
1,1,0.785964,Male,White
0,1,0.826999,Female,White
1,1,0.810101,Male,White
0,0,0.028257,Male,White
1,0,0.491888,Female,White
1,0,0.261397,Male,Asian
0,0,0.096377,Male,Other
0,1,0.713766,Female,American Indian
0,0,0.185385,Female,White
1,1,0.561452,Male,White
1,1,0.734357,Female,White
0,0,0.350491,Male,White
0,1,0.533742,Female,White
0,1,0.663415,Male,White
0,0,0.144235,Female,White
0,0,0.465306,Male,White
0,0,0.370366,Female,Black
0,1,0.535021,Male,White
0,1,0.620430,Male,White
0,0,0.467903,Male,White
0,0,0.496267,Female,White
0,0,0.008213,Female,White
0,0,0.257743,Female,Asian
1,0,0.373158,Female,White
1,1,0.820775,Female,White
0,0,0.466398,Male,Black
0,0,0.345538,Male,White
1,0,0.326261,Male,White
0,0,0.108532,Female,White
1,1,0.801732,Male,White
1,1,0.916894,Female,White
1,1,0.895429,Male,White
1,1,0.903684,Male,White
0,0,0.085053,Male,White
0,0,0.077810,Female,White
1,1,0.550864,Male,White
0,1,0.923539,Male,White
1,1,0.911758,Male,Two or more
0,0,0.196316,Male,Other
1,0,0.248410,Female,Other
1,1,0.900253,Male,White
1,0,0.480789,Female,White
1,0,0.460030,Male,White
1,0,0.484587,Male,White
0,0,0.032730,Male,White
0,0,0.196508,Female,White
1,1,0.788700,Female,White
1,1,0.692876,Female,White
0,0,0.011472,Female,White
1,0,0.403715,Female,White
0,0,0.481172,Female,White
0,0,0.206780,Female,White
1,1,0.970965,Male,White
1,1,0.781463,Female,White
1,1,0.629876,Female,Asian
1,0,0.291167,Female,White
1,1,0.689251,Male,White
0,1,0.595801,Male,Two or more
1,1,0.645455,Female,White
0,1,0.512789,Male,White
1,1,0.816612,Male,White
0,0,0.263307,Female,Asian
0,0,0.048550,Female,White
1,1,0.528159,Male,White
0,1,0.726515,Male,White
0,0,0.096524,Female,White
0,1,0.525254,Male,White
0,1,0.574314,Female,White
1,1,0.705657,Female,White
0,0,0.368207,Female,White
0,0,0.273533,Female,White
0,0,0.354432,Male,White
0,0,0.401074,Female,White
1,1,0.876511,Male,White
0,0,0.057422,Female,White
1,1,0.653939,Female,White
0,0,0.496267,Female,White
1,1,0.644217,Female,Asian
1,1,0.906959,Male,White
0,0,0.310938,Male,Asian
0,0,0.113702,Male,Asian
0,1,0.551645,Male,White
0,0,0.109004,Male,White
0,0,0.132410,Male,White
0,0,0.162362,Male,White
1,0,0.284334,Female,American Indian
0,0,0.431676,Male,American Indian
0,1,0.688344,Female,White
1,1,0.606598,Male,White
1,1,0.703422,Male,White
1,0,0.361709,Male,White
1,1,0.727326,Female,White
0,1,0.584616,Female,White
0,1,0.751663,Male,White
0,0,0.458222,Male,White
0,0,0.325762,Male,Other
0,0,0.064458,Female,White
1,1,0.660437,Male,Asian
1,1,0.694043,Male,White
0,1,0.541878,Male,Two or more
1,1,0.797905,Male,Asian
1,1,0.867007,Female,White
0,0,0.070959,Female,White
1,1,0.674324,Female,White
0,0,0.152016,Female,Other
1,0,0.386652,Female,White
0,1,0.551645,Male,White
0,0,0.269694,Female,White
0,1,0.940988,Male,White
0,0,0.062672,Female,White
0,0,0.014767,Female,Other
1,0,0.295624,Male,White
1,0,0.309244,Male,White
1,1,0.832163,Male,White
1,1,0.888240,Male,White
0,0,0.412988,Male,Black
0,0,0.244960,Female,Asian
1,1,0.521082,Female,White
0,0,0.093423,Male,White
0,0,0.125379,Male,White
0,0,0.429524,Female,White
1,0,0.481172,Female,White
0,0,0.083059,Female,White
1,1,0.943325,Male,White
1,1,0.553065,Female,White
0,0,0.484165,Male,Asian
1,1,0.954255,Male,White
1,1,0.568045,Female,Black
0,1,0.568344,Male,Asian
1,1,0.986864,Male,White
1,0,0.309461,Male,Two or more
0,1,0.927768,Male,White
0,0,0.499647,Female,White
0,1,0.846582,Male,White
1,1,0.638302,Male,White
1,0,0.225565,Female,White
0,0,0.018193,Female,White
0,0,0.430780,Male,White
1,1,0.648146,Male,White
0,0,0.247647,Male,White
0,0,0.261188,Male,White
1,1,0.812838,Male,White
0,0,0.048158,Female,White
1,0,0.171848,Female,Two or more
0,0,0.409899,Female,White
0,0,0.392093,Female,White
0,0,0.414083,Female,White
1,1,0.974521,Male,White
1,1,0.663415,Male,White
0,1,0.791474,Male,White
1,0,0.454651,Male,White
1,1,0.636850,Male,White
1,1,0.964070,Male,White
1,1,0.787255,Male,White
1,1,0.809235,Male,White
1,0,0.294456,Male,White
1,1,0.725603,Female,Two or more
1,1,0.663415,Male,White
0,0,0.162936,Female,White
0,0,0.245397,Female,White
1,1,0.524020,Male,White
1,1,0.869487,Female,White
0,0,0.062283,Female,White
0,1,0.558419,Female,White
0,0,0.442395,Male,White
0,1,0.537631,Female,Black
0,0,0.125184,Female,White
1,1,0.623754,Male,Asian
1,1,0.591176,Female,Asian
1,0,0.452048,Female,White
0,0,0.425778,Male,White
1,1,0.710824,Female,White
0,0,0.462574,Male,White
0,1,0.626873,Male,White
0,0,0.154714,Female,White
0,0,0.430119,Male,White
0,1,0.615828,Male,White
0,0,0.363180,Female,White
0,0,0.247992,Male,Black
0,0,0.331580,Female,Asian
0,1,0.931696,Male,White
1,1,0.790247,Female,Asian
0,0,0.470474,Female,White
0,0,0.433475,Male,White
0,0,0.226178,Female,White
1,0,0.306199,Male,White
0,0,0.171508,Male,White
1,1,0.762641,Female,White
1,1,0.519956,Male,Black
1,1,0.512157,Male,White
1,1,0.873185,Male,White
0,0,0.207201,Female,White
0,0,0.102067,Male,White
1,1,0.744879,Male,White
1,1,0.929388,Male,White
1,0,0.348484,Female,White
1,1,0.761489,Female,Two or more
0,0,0.369198,Female,White
1,1,0.534954,Male,White
0,0,0.343580,Female,White
1,1,0.690149,Male,White
0,1,0.569232,Male,White
0,0,0.151901,Female,White
0,0,0.014020,Female,White
0,0,0.240507,Male,White
0,0,0.155151,Female,White
0,0,0.021384,Female,White
0,0,0.350661,Female,White
0,1,0.660497,Female,White
0,0,0.111757,Female,White
0,0,0.452176,Male,White
1,1,0.832163,Male,White
1,1,0.636218,Female,Asian
1,1,0.643814,Male,White
0,0,0.207621,Female,White
1,1,0.771310,Female,White
0,1,0.583758,Female,White
1,1,0.896806,Male,White
0,0,0.357761,Female,White
1,1,0.650752,Male,Asian
0,0,0.414083,Female,White
0,0,0.439589,Female,Two or more
0,0,0.437013,Male,White
1,1,0.821627,Male,White
0,0,0.037469,Male,Black
1,1,0.649531,Male,White
1,1,0.527007,Female,White
0,0,0.385144,Male,White
1,0,0.414083,Female,White
0,0,0.286686,Male,White
0,0,0.123925,Male,Other
0,1,0.828201,Male,White
0,1,0.583069,Male,White
1,0,0.426149,Female,Two or more
1,1,0.748882,Female,White
1,1,0.816612,Male,White
0,0,0.368207,Female,White
0,0,0.093478,Female,White
0,0,0.498940,Female,White
1,0,0.402484,Male,White
0,0,0.063237,Female,White
1,1,0.679403,Male,Asian
0,0,0.291760,Female,Black
0,1,0.927582,Male,White
1,0,0.441328,Male,White
0,0,0.248358,Female,White
1,1,0.831482,Female,White
0,0,0.011528,Male,White
0,0,0.013976,Male,White
0,0,0.488291,Female,White
0,1,0.625587,Female,White
0,0,0.010093,Male,White
1,1,0.555462,Male,Asian
1,1,0.561452,Male,White
0,1,0.560367,Female,Asian
0,0,0.002469,Female,Two or more
1,0,0.277152,Female,White
0,1,0.888240,Male,White
1,1,0.811355,Male,White
0,0,0.255355,Female,Asian
0,0,0.186581,Female,White
1,1,0.645455,Female,White
1,1,0.819948,Female,White
1,1,0.952135,Male,White
0,0,0.143360,Female,White
1,1,0.913942,Male,White
1,1,0.521082,Female,White
0,1,0.591782,Female,Asian
1,1,0.752849,Female,White
0,0,0.060724,Male,White
1,1,0.723207,Female,White
1,0,0.473253,Male,White
0,0,0.152430,Female,Two or more
1,1,0.505336,Male,White
0,0,0.026639,Female,White
0,1,0.543639,Female,Asian
0,1,0.601812,Male,White
1,1,0.845117,Male,White
1,1,0.697751,Male,White
0,0,0.094594,Female,White
1,0,0.298787,Female,White
1,1,0.900781,Male,White
0,0,0.079977,Female,White
1,1,0.508965,Female,White
1,0,0.360692,Female,Asian
1,0,0.310605,Female,White
0,0,0.422054,Male,Black
0,0,0.131302,Female,Black
0,0,0.082155,Female,American Indian
1,1,0.877414,Male,Asian
0,1,0.831668,Male,White
1,1,0.772791,Male,Asian
1,0,0.400401,Female,White
1,1,0.718080,Female,American Indian
1,1,0.742497,Male,White
0,1,0.537553,Male,Asian
1,0,0.390478,Male,White
1,1,0.930122,Male,White
0,1,0.710824,Female,White
0,0,0.152589,Female,White
1,1,0.645079,Male,Two or more
0,0,0.050707,Male,White
1,1,0.814378,Female,White
0,0,0.479583,Male,White
0,0,0.453506,Female,White
0,0,0.183787,Female,White
1,1,0.707608,Female,White
0,0,0.277152,Female,White
0,0,0.082354,Female,White
0,0,0.461996,Male,Asian
1,1,0.606598,Male,White
1,0,0.289724,Male,White
1,0,0.486883,Female,White
0,0,0.164090,Female,White
0,1,0.797415,Male,White
1,0,0.435662,Female,White
1,1,0.584766,Female,White
1,1,0.775428,Female,White
0,1,0.535938,Male,White
0,0,0.139511,Female,White
1,1,0.803414,Male,White
0,1,0.527705,Male,White
1,1,0.705123,Male,White
1,0,0.469074,Female,White
0,0,0.469119,Male,White
1,0,0.338119,Female,White
1,1,0.732617,Male,White
1,1,0.691520,Male,White
0,1,0.701928,Female,White
0,0,0.249135,Male,Other
0,0,0.048621,Female,White
1,1,0.662729,Female,White
1,0,0.120397,Female,White
0,0,0.162379,Female,White
0,0,0.057996,Female,NHPI
1,1,0.666057,Male,White
1,1,0.719967,Male,Asian
1,1,0.875289,Male,White
0,0,0.131647,Male,White
0,0,0.297329,Male,White
1,1,0.704282,Female,White
1,1,0.847934,Male,White
1,1,0.850307,Female,White
1,1,0.932853,Male,White
1,1,0.668699,Male,White
1,1,0.772489,Male,White
0,0,0.200533,Male,White
0,0,0.320987,Male,White
1,1,0.934758,Male,White
0,0,0.228509,Male,White
1,1,0.605286,Female,White
1,1,0.736841,Male,White
0,1,0.664973,Female,White
0,0,0.070154,Female,White
0,1,0.740729,Female,White
0,0,0.138763,Male,White
0,0,0.384456,Male,White
1,0,0.494797,Male,American Indian
0,0,0.156768,Male,Other
1,1,0.756862,Female,White
1,1,0.972258,Male,White
0,0,0.467521,Female,White
0,0,0.267111,Female,Two or more
1,1,0.511928,Female,White
0,0,0.373751,Female,White
1,1,0.992482,Male,White
1,0,0.211631,Female,White
0,0,0.325797,Male,White
0,0,0.194899,Male,White
0,0,0.223061,Female,White
0,0,0.110346,Female,White
1,1,0.716092,Female,White
0,1,0.562077,Male,White
0,0,0.497421,Male,White
0,1,0.881079,Male,White
0,0,0.018942,Female,Black
0,0,0.204322,Female,White
1,0,0.435815,Female,White
0,0,0.270805,Female,White
1,0,0.438018,Male,White
0,0,0.003458,Female,Black
0,1,0.719670,Male,White
1,0,0.451795,Female,White
1,0,0.465306,Male,White
1,0,0.380702,Female,Asian
1,1,0.624095,Male,White
0,1,0.636008,Female,Black
0,0,0.126282,Female,White
1,1,0.682295,Male,White
0,1,0.662326,Female,White
0,0,0.088339,Female,Two or more
0,0,0.465306,Male,White
0,1,0.500668,Male,Asian
1,0,0.453559,Female,Asian
1,1,0.881904,Male,White
1,1,0.834433,Female,White
0,0,0.334536,Female,White
1,1,0.753224,Male,Asian
1,1,0.717137,Male,White
1,1,0.912604,Male,White
1,1,0.788956,Male,White
1,1,0.854627,Male,White
1,0,0.197270,Female,White
0,1,0.514128,Female,White
1,1,0.883518,Male,White
1,0,0.373158,Female,White
0,0,0.282139,Female,White
0,1,0.531775,Female,White
1,1,0.862154,Male,White
0,0,0.093928,Female,White
1,1,0.661592,Male,White
0,0,0.425147,Female,White
1,0,0.284754,Male,NHPI
0,0,0.090351,Female,White
1,1,0.797588,Female,White
0,0,0.048782,Female,White
0,0,0.142930,Female,White
0,0,0.142930,Female,White
1,0,0.464209,Female,Asian
0,0,0.215571,Male,White
0,0,0.110549,Female,White
1,1,0.966851,Male,Two or more
1,0,0.416221,Female,White
0,1,0.513688,Male,White
1,1,0.506990,Female,White
1,1,0.682295,Male,White
0,0,0.051693,Female,White
1,0,0.338809,Female,White
1,1,0.923841,Female,White
0,0,0.063003,Female,White
1,1,0.885501,Male,White
1,0,0.435662,Female,White
0,0,0.453527,Male,Asian
0,0,0.285252,Female,White
1,1,0.524040,Female,White
1,1,0.576533,Male,Asian
1,0,0.190246,Female,Asian
1,1,0.692849,Male,White
1,1,0.881666,Male,White
1,1,0.684860,Male,White
1,1,0.956939,Male,White
1,0,0.428047,Female,White
0,0,0.290588,Male,White
1,1,0.585948,Male,White
0,1,0.710824,Female,White
0,1,0.779017,Male,White
0,0,0.175349,Female,White
0,1,0.559203,Male,Black
0,0,0.173925,Male,Black
0,0,0.042528,Female,White
1,1,0.771179,Male,White
1,1,0.649474,Male,Asian
1,0,0.295614,Female,White
0,0,0.017119,Female,White
1,1,0.753609,Female,White
1,1,0.528597,Male,White
1,1,0.720697,Male,Two or more
1,0,0.346761,Male,Black
1,1,0.576529,Male,White
0,0,0.011583,Female,Other
1,1,0.730656,Male,White
1,0,0.499647,Female,White
1,1,0.706720,Male,White
1,0,0.418794,Female,White
1,1,0.549474,Male,White
0,0,0.015724,Female,White
0,0,0.021899,Female,White
0,0,0.417579,Female,White
0,0,0.354086,Male,White
1,1,0.845117,Male,White
0,1,0.797627,Male,White
1,1,0.789511,Male,White
0,0,0.236061,Female,White
1,1,0.808398,Male,Asian
1,0,0.441890,Female,White
0,0,0.237392,Female,White
1,1,0.740729,Female,White
1,1,0.702249,Male,White
1,1,0.677123,Male,White
0,0,0.279421,Male,Other
0,0,0.187132,Male,White
0,0,0.048475,Male,White
0,0,0.468888,Male,White
0,0,0.019956,Female,Two or more
0,0,0.089316,Male,American Indian
0,0,0.451388,Male,Two or more
1,1,0.663582,Female,White
0,1,0.742497,Male,White
0,0,0.443772,Female,White
1,1,0.849472,Female,White
1,1,0.981670,Male,White
1,0,0.378275,Male,White
1,1,0.642355,Female,White
1,1,0.866271,Male,White
0,0,0.104004,Male,Other
0,1,0.510369,Female,White
1,0,0.478181,Male,White
1,0,0.371889,Female,Asian
1,1,0.592846,Male,White
1,0,0.108038,Male,White
1,1,0.911005,Male,White
0,0,0.123959,Female,White
1,1,0.562077,Male,White
1,1,0.972453,Male,White
0,0,0.126789,Female,Asian
1,1,0.643998,Male,White
1,1,0.844478,Female,White
1,1,0.508145,Male,White
1,1,0.935932,Male,White
0,0,0.106233,Male,White
0,1,0.906623,Female,White
0,0,0.211516,Female,White
0,1,0.585948,Male,White
1,1,0.724277,Female,White
1,1,0.904549,Male,White
0,0,0.271915,Female,White
0,0,0.047703,Female,White
0,0,0.222932,Male,White
0,0,0.034434,Male,Two or more
0,1,0.935748,Female,White
0,0,0.263268,Female,Black
1,0,0.080339,Female,White
1,0,0.438426,Female,White
1,1,0.932495,Female,White
1,1,0.684725,Male,White
1,0,0.368099,Male,White
0,0,0.249145,Female,White
0,0,0.487134,Male,White
1,0,0.360692,Female,Asian
1,0,0.368207,Female,White
1,1,0.899057,Male,White
0,0,0.159430,Female,White
0,0,0.056470,Female,White
1,0,0.183636,Male,Black
1,1,0.979338,Male,White
0,1,0.674600,Female,White
1,1,0.634248,Male,White
1,0,0.430831,Female,White
0,1,0.591909,Male,White
0,0,0.120950,Male,Black
0,0,0.101526,Female,White
0,0,0.291224,Male,White
0,1,0.735306,Male,White
1,0,0.347966,Female,White
1,1,0.770318,Female,White
0,0,0.013976,Male,White
0,0,0.061425,Female,Two or more
1,1,0.837534,Female,White
1,1,0.718275,Male,White
1,1,0.583069,Male,White
1,1,0.803214,Male,White
1,1,0.887681,Male,White
0,0,0.108096,Male,Black
1,0,0.227046,Male,White
0,0,0.138622,Female,White
1,0,0.446616,Male,White
0,0,0.038887,Male,Other
1,1,0.889287,Male,White
1,1,0.603158,Male,White
0,0,0.282539,Male,Other
0,0,0.388872,Female,White
0,0,0.177440,Female,White
0,0,0.308916,Female,White
0,0,0.337243,Female,Other
0,0,0.118697,Female,White
1,1,0.711952,Male,White
0,0,0.110280,Female,Asian
0,0,0.274491,Female,White
0,0,0.135967,Male,White
1,1,0.542409,Male,White
0,0,0.191177,Female,White
0,0,0.206630,Female,White
1,1,0.650752,Male,Asian
0,0,0.108532,Female,White
1,1,0.976416,Male,White
0,0,0.295516,Female,Two or more
0,0,0.315558,Male,White
1,0,0.348027,Female,White
1,1,0.938443,Male,Asian
1,0,0.186174,Female,White
1,1,0.796406,Male,Two or more
0,0,0.280184,Female,Two or more
0,1,0.624333,Female,White
0,1,0.796551,Male,White
1,1,0.819974,Male,White
1,1,0.648088,Male,White
0,0,0.464094,Female,White
0,0,0.183787,Female,White
1,1,0.721515,Male,Asian
0,0,0.340585,Female,Asian
1,1,0.860139,Male,White
0,0,0.080569,Female,American Indian
1,1,0.643998,Male,White
0,0,0.085382,Female,White
1,1,0.907825,Male,White
0,0,0.023702,Male,White
0,0,0.038157,Female,White
0,0,0.432341,Female,White
0,0,0.031715,Female,White
1,1,0.613980,Male,White
1,1,0.836382,Male,Asian
0,0,0.446809,Male,White
0,0,0.250971,Male,White
0,1,0.726873,Male,White
0,1,0.694043,Male,White
1,1,0.745824,Male,White
1,1,0.761110,Male,Asian
1,1,0.674324,Female,White
1,1,0.791053,Male,Asian
1,1,0.782294,Male,White
1,1,0.948256,Male,White
1,0,0.395381,Female,White
1,1,0.921934,Male,White
1,1,0.605286,Female,White
1,1,0.635410,Male,White
1,1,0.649930,Female,Asian
0,0,0.137411,Female,White
0,0,0.191859,Female,Black
0,0,0.137755,Female,White
1,1,0.700595,Male,White
0,0,0.212331,Female,Black
0,0,0.311382,Male,White
1,0,0.484197,Female,Asian
0,0,0.055702,Female,White
0,0,0.134293,Female,White
0,0,0.149187,Female,White
0,0,0.467335,Male,White
0,0,0.071838,Female,Asian
1,1,0.732708,Male,Asian
0,0,0.320121,Male,White
1,0,0.274491,Female,White
1,1,0.894639,Female,White
0,0,0.024983,Female,White
1,0,0.334949,Female,Black
0,0,0.187132,Male,White
1,1,0.697698,Male,White
0,0,0.100506,Female,White
0,0,0.298657,Female,White
1,0,0.256820,Female,White
0,0,0.093033,Female,White
0,0,0.373751,Female,White
1,0,0.286771,Male,White
1,0,0.449208,Male,White
0,0,0.005629,Female,White
0,0,0.002846,Female,White
1,0,0.409880,Male,White
0,0,0.389715,Female,White
1,1,0.505399,Male,White
1,1,0.955136,Male,White
1,0,0.497608,Female,White
1,1,0.723207,Female,White
0,0,0.333972,Female,White
1,1,0.871163,Male,White
1,1,0.645807,Male,White
0,0,0.295624,Male,White
0,0,0.165643,Male,White
1,1,0.921213,Male,White
0,0,0.028659,Female,White
0,0,0.365038,Male,White
0,0,0.009869,Female,White
1,0,0.479583,Male,White
0,0,0.006213,Female,White
0,0,0.494862,Female,White
1,1,0.912482,Male,White
0,1,0.699572,Female,White
0,0,0.020999,Female,White
0,0,0.010115,Female,White
0,0,0.128692,Female,White
1,0,0.294181,Female,Asian
1,0,0.353318,Female,White
0,0,0.323106,Male,White
1,1,0.930268,Female,Asian
0,0,0.141876,Male,Other
1,1,0.841010,Male,White
0,0,0.255725,Male,White
0,0,0.255542,Female,American Indian
1,1,0.914377,Female,White
0,1,0.537434,Male,White
0,0,0.230691,Female,White
1,0,0.488265,Male,American Indian
1,1,0.903684,Male,White
0,0,0.314030,Male,Asian
0,1,0.862561,Male,White
1,1,0.875289,Male,White
0,0,0.122359,Female,White
0,0,0.184417,Female,White
0,1,0.850324,Male,White
0,0,0.384997,Male,White
1,1,0.826194,Female,White
0,0,0.491345,Male,White
1,1,0.890328,Male,White
0,0,0.277352,Female,White
0,0,0.118896,Female,White
1,1,0.829113,Male,White
1,1,0.897915,Male,White
1,1,0.929804,Female,White
1,1,0.649596,Female,White
1,1,0.771430,Male,American Indian
0,0,0.259004,Male,White
1,1,0.568663,Female,Asian
0,0,0.128506,Female,White
0,0,0.252996,Male,White
1,1,0.857396,Male,White
1,1,0.849579,Female,White
1,0,0.241151,Male,Other
0,0,0.249576,Female,Asian
0,0,0.058378,Female,White
0,1,0.744782,Female,White
0,0,0.161926,Female,White
1,0,0.460844,Female,White
1,0,0.292784,Male,White
1,1,0.805939,Male,White
0,1,0.634104,Male,White
0,0,0.469933,Male,White
0,0,0.343580,Female,White
1,0,0.394039,Female,White
0,0,0.448545,Male,Asian
0,0,0.412539,Male,White
0,0,0.374542,Male,White
0,0,0.092325,Female,White
1,1,0.979105,Female,White
1,1,0.591296,Female,White
1,1,0.616786,Male,White
1,1,0.734211,Male,White
0,0,0.106801,Male,White
1,1,0.700595,Male,White
1,0,0.261188,Male,White
1,1,0.673984,Male,White
0,1,0.973417,Male,White
1,1,0.968721,Male,White
0,1,0.718530,Male,White
0,0,0.091449,Female,White
1,1,0.847666,Male,Asian
1,1,0.640941,Male,Asian
1,1,0.819345,Male,Asian
1,1,0.892517,Male,White
0,0,0.491281,Female,White
0,1,0.540230,Male,White
1,0,0.430718,Male,White
1,1,0.540860,Male,White
1,1,0.654286,Female,White
0,0,0.150852,Female,Two or more
1,1,0.685768,Male,Asian
0,0,0.036614,Female,White
0,1,0.814801,Male,Asian
0,0,0.050615,Male,NHPI
1,0,0.227921,Female,White
0,0,0.228640,Female,White
1,1,0.723916,Female,White
1,1,0.709355,Female,Two or more
0,0,0.182432,Female,White
0,0,0.353869,Male,White
0,0,0.145788,Female,White
1,0,0.198298,Female,Black
0,1,0.807900,Male,Two or more
0,0,0.163848,Female,Two or more
0,0,0.087357,Male,Two or more
0,0,0.008182,Female,Black
0,1,0.663720,Female,White
0,1,0.851440,Male,White
1,1,0.630652,Female,White
0,0,0.233642,Male,Black
0,0,0.138622,Female,White
1,1,0.731157,Male,White
1,1,0.800042,Male,White
1,1,0.683673,Female,White
0,0,0.101005,Female,White
0,0,0.355155,Male,White
1,1,0.792428,Female,White
1,1,0.737487,Male,White
1,1,0.600465,Male,White
0,0,0.154955,Female,White
0,0,0.061657,Male,Black
1,0,0.200127,Male,White
1,0,0.446236,Female,White
1,1,0.759584,Male,White
1,1,0.615487,Female,White
0,1,0.694043,Male,White
0,1,0.840275,Female,White
0,1,0.867946,Female,White
0,0,0.286480,Male,White
0,0,0.159041,Female,White
1,0,0.123304,Male,Other
0,1,0.852783,Male,White
1,1,0.974637,Male,White
0,1,0.694788,Male,Black
0,0,0.295048,Female,Black
1,1,0.703075,Male,White
1,1,0.889226,Male,White
1,1,0.873577,Male,White
1,1,0.870531,Male,White
1,1,0.679357,Male,White
0,1,0.989130,Male,White
0,0,0.192373,Female,Other
0,1,0.553376,Female,White
1,1,0.640357,Male,Asian
1,1,0.540565,Female,White
0,1,0.771254,Male,Other
0,0,0.246916,Female,Two or more
1,1,0.900985,Male,White
1,1,0.907226,Male,Two or more
1,1,0.542063,Female,Two or more
1,0,0.391915,Male,White
0,0,0.056276,Female,Other
0,0,0.430502,Female,Black
0,0,0.129804,Female,White
1,1,0.785964,Male,White
0,0,0.177836,Female,White
1,1,0.891849,Female,Asian
1,0,0.251595,Female,Two or more
0,0,0.293470,Male,Other
1,0,0.417579,Female,White
0,0,0.207498,Male,White
0,1,0.541045,Female,White
0,1,0.758973,Male,Asian
1,0,0.331018,Female,Asian
0,0,0.017984,Female,White
0,0,0.129324,Female,White
0,0,0.113881,Female,Two or more
1,1,0.946728,Male,White
0,0,0.402245,Male,White
1,1,0.634104,Male,White
1,1,0.568968,Female,White
1,0,0.475992,Male,White
1,1,0.702349,Male,Asian
0,0,0.463483,Male,American Indian
0,1,0.844079,Male,White
1,0,0.337181,Female,White
0,0,0.066743,Female,White
0,0,0.143824,Female,White
1,1,0.713963,Male,White
0,0,0.418794,Female,White
1,0,0.163425,Male,White
1,1,0.897399,Male,White
0,1,0.829295,Male,White
1,1,0.531390,Male,White
0,0,0.114110,Female,White
1,1,0.909122,Male,White
1,1,0.937370,Female,White
0,0,0.160408,Female,White
0,0,0.373751,Female,White
0,0,0.078917,Female,White
1,1,0.549721,Female,White
0,0,0.167124,Female,White
1,1,0.583069,Male,White
0,0,0.185000,Female,White
1,1,0.920804,Male,White
0,0,0.136055,Female,White
0,0,0.043340,Female,White
0,0,0.104270,Female,Two or more
0,0,0.180048,Male,White
0,1,0.566028,Male,Asian
0,0,0.070903,Male,Other
0,0,0.429403,Male,White
0,1,0.872419,Male,White
0,0,0.056430,Female,White
0,0,0.098456,Female,White
0,0,0.010001,Female,White
1,1,0.794134,Female,White
1,1,0.766182,Male,White
1,1,0.856109,Female,White
1,0,0.139864,Male,White
0,0,0.213105,Male,Black
0,0,0.042291,Female,Two or more
1,1,0.814378,Female,White
0,0,0.408943,Female,White
0,1,0.541045,Female,White
0,1,0.600577,Male,Asian
0,0,0.136145,Male,White
0,0,0.126848,Male,White
0,0,0.011969,Female,White
1,0,0.306605,Male,White
0,1,0.653770,Male,White
0,1,0.655512,Male,White
1,1,0.629343,Female,Asian
0,0,0.356094,Male,Two or more
0,0,0.150619,Female,White
1,1,0.778348,Female,White
1,1,0.639292,Female,White
1,0,0.496267,Female,White
0,1,0.550864,Male,White
1,1,0.531744,Male,White
1,0,0.349883,Female,White
1,0,0.312802,Female,White
1,0,0.492116,Male,White
0,0,0.244975,Male,White
1,1,0.602864,Male,Black
1,1,0.757526,Male,White
0,0,0.003693,Female,White
0,1,0.749131,Male,White
1,1,0.952638,Female,White
1,1,0.774900,Male,White
1,1,0.653770,Male,White
1,1,0.514014,Male,Two or more
1,1,0.795639,Male,White
0,0,0.025391,Male,White
0,0,0.099768,Male,Asian
0,0,0.486701,Male,White
0,0,0.202461,Female,White
0,0,0.284530,Male,White
0,0,0.243938,Male,White
0,0,0.138335,Male,White
0,0,0.027422,Female,White
0,0,0.272871,Female,White
0,0,0.307692,Male,White
0,0,0.003173,Female,White
1,1,0.519732,Female,Asian
1,0,0.273225,Male,White
1,1,0.976773,Male,White
0,0,0.174538,Female,White
1,1,0.704386,Male,White
1,1,0.719561,Female,White
0,1,0.522452,Male,White
1,1,0.631011,Male,Asian
1,1,0.948613,Female,White
0,0,0.108212,Male,White
0,0,0.134885,Female,White
1,1,0.680246,Male,White
1,1,0.621200,Male,American Indian
0,0,0.246154,Female,White
0,0,0.158528,Male,White
0,1,0.759720,Female,White
1,1,0.847666,Male,Asian
0,0,0.318721,Female,American Indian
0,0,0.015793,Female,Other
1,0,0.282450,Male,White
1,1,0.505399,Male,White
0,0,0.460030,Male,White
1,1,0.736543,Female,White
0,1,0.797580,Female,White
0,1,0.956091,Male,White
0,0,0.203369,Female,White
0,0,0.245734,Male,Two or more
1,0,0.449168,Female,White
1,1,0.816724,Female,White
0,1,0.805508,Male,White
0,1,0.511358,Male,White
1,1,0.595732,Male,White
0,1,0.539020,Female,White
1,0,0.311982,Male,Asian
1,1,0.501689,Female,White
0,1,0.701928,Female,White
1,0,0.324160,Female,White
1,1,0.912155,Male,White
1,0,0.453559,Female,Asian
1,1,0.814036,Male,Two or more
0,0,0.117617,Female,Other
1,0,0.197674,Female,Asian
0,0,0.415004,Female,White
0,0,0.290445,Male,White
1,1,0.917984,Female,White
0,0,0.475992,Male,White
1,0,0.320629,Male,White
0,0,0.117687,Female,White
0,1,0.551492,Male,White
0,0,0.193744,Male,White
0,0,0.217622,Female,White
1,1,0.508207,Male,White
1,0,0.488925,Female,White
1,0,0.388380,Female,White
0,1,0.883910,Male,White
1,1,0.696993,Male,Two or more
0,1,0.685218,Male,White
0,0,0.205065,Female,White
0,0,0.142930,Female,White
1,1,0.583069,Male,White
0,0,0.423744,Male,White
0,1,0.741372,Male,Two or more
1,1,0.959957,Male,White
0,0,0.002436,Female,Black
1,1,0.565401,Male,White
0,0,0.144930,Female,White
1,1,0.869487,Female,White
1,1,0.564993,Male,White
0,0,0.332557,Male,White
0,0,0.191978,Male,White
0,0,0.039439,Female,White
0,0,0.236293,Female,White
1,1,0.700595,Male,White
0,1,0.573096,Female,White
0,0,0.100341,Female,Asian
1,0,0.352964,Female,White
1,1,0.800042,Male,White
1,0,0.401074,Female,White
1,1,0.934758,Male,White
0,0,0.161411,Female,Two or more
1,0,0.499647,Female,White
0,1,0.907825,Male,White
0,1,0.624566,Female,White
1,1,0.822653,Male,Asian
1,1,0.688731,Female,White
1,1,0.502736,Male,Black
1,1,0.746622,Male,Asian
1,1,0.715531,Male,White
1,1,0.941780,Male,American Indian
0,0,0.165263,Female,White
1,0,0.491888,Female,White
0,0,0.110343,Female,White
0,0,0.138620,Female,White
0,1,0.715110,Male,White
1,1,0.792820,Male,White
1,1,0.782294,Male,White
0,0,0.020262,Male,White
0,0,0.262618,Male,White
1,1,0.612648,Male,White
1,1,0.622465,Female,Asian
1,0,0.469302,Male,White
0,0,0.476055,Male,White
1,1,0.819837,Male,White
0,1,0.540230,Male,White
0,0,0.187988,Male,White
0,0,0.084430,Female,White
0,1,0.692849,Male,White
1,1,0.664806,Male,White
0,0,0.031645,Female,White
1,1,0.554422,Male,White
0,0,0.094443,Female,White
1,0,0.298700,Female,Asian
0,0,0.390815,Female,White
1,1,0.982635,Male,White
1,0,0.453648,Female,American Indian
1,1,0.700538,Male,White
1,0,0.315168,Female,White
1,1,0.762835,Male,White
0,0,0.107193,Male,White
0,1,0.624241,Male,White
1,1,0.875901,Male,White
0,0,0.102591,Male,White
1,1,0.622777,Male,White
0,0,0.038633,Female,White
1,1,0.660437,Male,Asian
0,1,0.640941,Male,Asian
1,0,0.482554,Male,White
0,0,0.278079,Male,White
0,0,0.452992,Female,White
0,1,0.537553,Male,Asian
0,1,0.656449,Male,White
0,0,0.302329,Female,White
0,0,0.227772,Male,Other
0,0,0.033007,Female,Two or more
0,0,0.049257,Female,Asian
0,1,0.554453,Female,White
0,1,0.656449,Male,White
0,0,0.180968,Male,Black
1,0,0.385144,Male,White
0,0,0.497855,Male,White
1,1,0.803414,Male,White
1,1,0.953262,Male,White
1,1,0.814924,Male,White
1,1,0.816612,Male,White
0,0,0.159294,Male,Black
1,1,0.535783,Male,White
1,1,0.511741,Male,White
1,1,0.600208,Female,White
0,0,0.327864,Male,White
1,1,0.723916,Female,White
0,0,0.437013,Male,White
0,0,0.105507,Female,White
1,1,0.564993,Male,White
1,1,0.954463,Male,White
1,1,0.652498,Male,White
0,0,0.025391,Male,White
0,0,0.266192,Male,Two or more
1,0,0.288916,Female,Two or more
0,0,0.433741,Male,Asian
0,0,0.181675,Female,White
1,0,0.416032,Male,White
1,0,0.292540,Female,White
0,0,0.131368,Male,White
1,1,0.510987,Female,Black
0,0,0.142044,Male,White
0,0,0.089853,Male,White
1,0,0.490297,Male,White
0,1,0.592550,Male,Black
0,0,0.205928,Male,Two or more
1,1,0.910501,Female,White
0,1,0.593608,Male,White
0,0,0.446236,Female,White
1,1,0.724223,Male,Asian
1,1,0.528460,Female,Asian
0,0,0.104898,Male,White
0,0,0.420132,Male,White
1,1,0.806816,Male,White
0,0,0.094442,Female,White
0,0,0.387838,Female,White
1,0,0.260297,Female,White
0,0,0.042815,Female,White
0,0,0.405649,Male,White
0,0,0.174697,Male,Black
0,0,0.075124,Female,White
0,1,0.925865,Female,White
1,0,0.464094,Female,White
1,1,0.780458,Female,Two or more
0,0,0.045939,Male,White
0,0,0.013470,Male,White
0,0,0.206508,Male,White
1,0,0.435662,Female,White
1,0,0.273088,Male,White
1,0,0.425147,Female,White
0,0,0.155354,Female,White
1,1,0.742640,Female,White
1,0,0.391915,Male,White
0,1,0.683255,Female,White
0,0,0.122226,Female,White
0,0,0.366727,Male,White
0,0,0.340728,Female,Asian
0,0,0.278020,Male,White
1,0,0.423596,Male,White
0,0,0.185859,Female,Black
0,0,0.121078,Female,White
0,0,0.034859,Female,Asian
0,1,0.921213,Male,White
0,0,0.499961,Female,White
1,1,0.518860,Male,White
1,0,0.458635,Male,White
1,0,0.291035,Female,White
0,0,0.252267,Male,White
0,1,0.529950,Female,American Indian
0,0,0.140339,Female,White
1,0,0.416690,Male,White
1,1,0.822949,Male,White
0,0,0.022121,Female,Other
0,0,0.218391,Male,Other
1,1,0.787947,Male,Black
1,1,0.893986,Female,White
1,1,0.794724,Male,White
1,0,0.396354,Male,White
1,1,0.544843,Male,White
0,0,0.116087,Female,White
0,0,0.143082,Male,Other
0,0,0.100506,Female,White
1,1,0.648373,Male,White
1,1,0.842595,Male,White
1,0,0.456828,Male,White
0,0,0.113241,Male,White
0,0,0.177242,Male,White
1,1,0.981276,Male,White
1,0,0.488546,Female,Two or more
1,0,0.460030,Male,White
0,1,0.781336,Male,White
1,1,0.698878,Male,White
0,0,0.225808,Female,Asian
0,0,0.404326,Female,White
0,0,0.311320,Female,White
1,1,0.653770,Male,White
1,0,0.396354,Male,White
1,1,0.788576,Male,White
1,0,0.332557,Male,White
0,1,0.539135,Female,Asian
1,1,0.669649,Female,White
0,1,0.648576,Male,White
1,0,0.238281,Female,White
0,0,0.025977,Male,Two or more
1,1,0.735306,Male,White
0,1,0.563643,Female,White
0,0,0.270805,Female,White
1,1,0.816705,Male,White
1,1,0.968418,Male,White
1,1,0.514657,Male,White
0,0,0.260489,Female,White
0,1,0.530874,Male,Other
1,1,0.826086,Male,White
0,0,0.303603,Female,White
1,1,0.544341,Male,White
1,0,0.236293,Female,White
1,0,0.393235,Male,American Indian
1,1,0.539135,Female,Asian
1,1,0.917250,Female,White
0,0,0.282265,Female,White
1,1,0.511741,Male,White
0,0,0.450969,Female,White
0,0,0.475724,Female,White
0,0,0.203125,Female,White
0,0,0.402184,Male,White
0,0,0.021354,Male,White
1,0,0.168189,Female,Asian
1,1,0.845117,Male,White
1,1,0.662326,Female,White
0,0,0.039150,Female,White
0,0,0.032819,Female,Two or more
1,1,0.888240,Male,White
1,1,0.624095,Male,White
1,0,0.414698,Female,White
1,1,0.829113,Male,White
0,1,0.751276,Male,Asian
0,0,0.099616,Female,NHPI
1,1,0.852288,Male,Other
0,0,0.463141,Female,White
0,0,0.356471,Female,White
1,1,0.892845,Male,White
1,0,0.399546,Male,White
0,0,0.106202,Female,White
0,0,0.048782,Female,White
0,0,0.278079,Male,White
0,0,0.161792,Female,White
0,0,0.022837,Female,White
0,0,0.470702,Male,White
0,0,0.010761,Female,White
1,1,0.741461,Male,Asian
1,1,0.594055,Male,Black
0,1,0.748023,Male,White
1,1,0.687468,Male,Asian
1,0,0.406096,Male,Black
0,1,0.645455,Female,White
1,1,0.944474,Male,White
0,0,0.349242,Female,White
1,1,0.601555,Female,White
1,1,0.809351,Female,White
0,0,0.418487,Female,White
1,0,0.232135,Female,American Indian
0,0,0.273088,Male,White
0,1,0.745706,Male,White
1,1,0.823040,Male,White
1,1,0.544847,Female,White
0,1,0.794255,Male,Asian
0,1,0.525629,Male,Asian
1,1,0.522798,Female,White
0,0,0.005965,Female,White
1,1,0.540860,Male,White
0,0,0.316197,Male,Other
0,1,0.511928,Female,White
1,1,0.628574,Male,White
0,1,0.541878,Male,Two or more
0,0,0.126970,Female,White
1,1,0.539135,Female,Asian
1,1,0.505834,Female,White
1,1,0.569172,Female,White
0,0,0.193744,Male,White
1,1,0.801326,Male,White
0,0,0.269550,Male,White
0,0,0.121624,Female,White
0,0,0.375255,Male,White
1,1,0.852071,Male,White
0,0,0.403715,Female,White
0,0,0.204329,Male,White
0,1,0.810101,Male,White
1,1,0.615487,Female,White
1,1,0.874675,Male,White
1,1,0.976387,Male,White
0,1,0.852939,Male,White
1,1,0.767440,Male,White
0,1,0.722642,Male,White
0,0,0.092033,Female,White
0,0,0.260833,Male,White
1,0,0.151901,Female,White
1,1,0.860117,Female,White
0,0,0.220261,Female,Two or more
0,0,0.246284,Male,American Indian
1,1,0.845948,Female,White
1,1,0.584891,Female,Asian
1,1,0.635935,Male,White
1,0,0.303833,Female,Asian
0,0,0.111428,Female,Asian
0,1,0.542028,Male,White
1,1,0.797828,Male,White
1,0,0.190309,Female,White
1,0,0.352032,Female,White
1,1,0.869487,Female,White
0,1,0.992388,Female,White
0,0,0.378666,Male,White
0,0,0.026948,Female,White
0,1,0.774900,Male,White
0,0,0.430780,Male,White
1,1,0.653770,Male,White
0,0,0.369109,Male,White
1,1,0.842544,Male,Other
1,1,0.772934,Male,White
0,1,0.743326,Female,Asian
1,1,0.545381,Female,White
0,0,0.126419,Female,White
1,1,0.958080,Female,White
1,1,0.991428,Male,White
1,0,0.383245,Female,White
0,0,0.415881,Male,White
0,1,0.517707,Female,White
1,1,0.828404,Male,White
1,1,0.647323,Female,White
1,1,0.593458,Male,White
1,1,0.921934,Male,White
0,0,0.265213,Female,White
0,0,0.368627,Male,White
0,0,0.176570,Female,White
0,0,0.307692,Male,White
0,1,0.682341,Male,Asian
0,0,0.294181,Female,Asian
0,0,0.267784,Male,White
1,0,0.250006,Female,White
1,1,0.846582,Male,White
1,1,0.797460,Male,White
1,1,0.531144,Female,White
1,1,0.579779,Male,White
1,1,0.942181,Male,White
0,0,0.125598,Male,Other
0,0,0.065806,Male,White
0,1,0.842044,Male,Asian
1,1,0.721248,Female,Asian
0,0,0.047591,Female,Other
1,1,0.874278,Female,White
1,1,0.761742,Male,White
1,1,0.772463,Female,White
0,1,0.654055,Male,White
0,1,0.545381,Female,White
1,0,0.324003,Male,Two or more
1,1,0.952815,Male,White
0,0,0.403523,Female,White
0,0,0.403715,Female,White
0,0,0.135751,Male,White
1,1,0.541878,Male,Two or more
1,1,0.931012,Male,White
0,0,0.389479,Female,White
0,0,0.097141,Male,Two or more
0,0,0.035911,Female,White
1,1,0.584616,Female,White
0,1,0.794134,Female,White
1,0,0.496320,Female,Asian
1,1,0.979453,Male,White
0,0,0.265213,Female,White
0,0,0.271915,Female,White
1,0,0.376384,Female,White
1,1,0.537123,Male,Two or more
0,0,0.144691,Female,White
1,1,0.636352,Male,White
1,1,0.988520,Female,Asian
1,1,0.843929,Male,White
1,1,0.893382,Male,White
1,1,0.523503,Male,Asian
1,1,0.774900,Male,White
0,0,0.123136,Male,Black
0,0,0.329677,Female,Black
1,1,0.695271,Female,White
1,1,0.712789,Male,White
0,0,0.322313,Female,White
1,1,0.686214,Male,White
1,1,0.795509,Male,White
0,0,0.261332,Female,White
0,0,0.092847,Female,White
1,1,0.909811,Male,Asian
0,0,0.148148,Male,White
1,1,0.738573,Male,White
1,0,0.380593,Female,White
1,1,0.807077,Female,White
0,0,0.174430,Male,White
1,1,0.786271,Male,White
1,1,0.636850,Male,White
1,1,0.874278,Female,White
1,1,0.767330,Male,White
1,1,0.600526,Male,White
1,1,0.673089,Female,White
0,0,0.053117,Male,Other
0,0,0.175914,Male,Other
0,0,0.422814,Female,Other
1,1,0.816817,Female,White
1,1,0.879435,Male,White
1,1,0.663415,Male,White
1,1,0.816612,Male,White
1,0,0.126188,Male,White
1,1,0.816612,Male,White
1,1,0.584585,Male,White
0,0,0.410738,Female,White
1,0,0.378241,Female,White
1,1,0.763656,Female,White
0,0,0.094713,Female,White
0,0,0.247647,Male,White
1,1,0.972147,Male,White
0,0,0.146364,Male,White
1,1,0.594864,Male,Asian
1,0,0.128153,Female,White
0,0,0.102789,Female,White
0,0,0.043070,Female,White
0,0,0.482419,Female,White
0,1,0.526874,Male,Asian
0,0,0.138763,Male,White
0,0,0.122062,Male,Other
1,0,0.437875,Male,White
0,0,0.044738,Female,White
1,1,0.834814,Female,Asian
0,0,0.077042,Male,White
1,1,0.593458,Male,White
1,0,0.496017,Male,White
1,1,0.795639,Male,White
1,1,0.800191,Male,White
1,1,0.659467,Male,White
0,1,0.789511,Male,White
1,1,0.708081,Female,Asian
0,1,0.666593,Female,White
1,1,0.686214,Male,White
1,0,0.405649,Male,White
0,0,0.318481,Male,White
1,0,0.096792,Female,White
1,0,0.397877,Female,White
0,0,0.175026,Female,Black
1,1,0.686214,Male,White
0,0,0.355122,Female,White
1,0,0.491888,Female,White
1,1,0.603765,Male,White
0,0,0.294495,Female,Asian
1,1,0.893915,Male,White
0,0,0.373158,Female,White
1,1,0.756775,Male,White
1,1,0.610821,Male,Asian
1,0,0.266035,Female,Asian
0,0,0.427600,Male,Other
0,0,0.013852,Female,White
0,0,0.179595,Female,White
1,0,0.255800,Female,White
1,1,0.649124,Female,White
1,1,0.731157,Male,White
0,0,0.142930,Female,White
1,1,0.749171,Male,Asian
0,0,0.322017,Female,White
1,0,0.169232,Female,White
0,0,0.046991,Male,White
0,0,0.272541,Female,White
1,1,0.936040,Male,White
0,0,0.373751,Female,White
1,1,0.617355,Female,White
1,1,0.973811,Male,White
1,1,0.736543,Female,White
1,1,0.569294,Male,White
1,1,0.960208,Male,White
0,0,0.061160,Female,White
0,0,0.099076,Male,Other
1,1,0.932145,Male,White
0,0,0.034781,Male,White
1,0,0.448005,Male,White
0,0,0.187132,Male,White
0,1,0.507306,Female,White
1,1,0.787638,Male,White
0,1,0.683673,Female,White
0,0,0.211899,Male,White
0,1,0.576907,Female,White
0,0,0.400734,Male,White
0,0,0.390815,Female,White
0,0,0.039629,Female,Other
1,1,0.723422,Male,White
1,1,0.542440,Female,White
1,0,0.092732,Male,White
0,0,0.390815,Female,White
1,1,0.610770,Male,White
0,0,0.117880,Female,White
0,1,0.823351,Male,Asian
0,0,0.109373,Female,White
1,1,0.815769,Male,White
1,1,0.975722,Male,White
1,1,0.691520,Male,White
0,0,0.373722,Male,White
0,0,0.254059,Male,White
1,1,0.709514,Male,White
0,1,0.533487,Female,White
1,1,0.640587,Female,White
0,0,0.269697,Female,White
1,1,0.813414,Male,White
1,1,0.693008,Female,White
0,0,0.206359,Female,Asian
1,0,0.248686,Male,American Indian
0,0,0.114630,Female,White
0,0,0.373751,Female,White
1,1,0.605256,Male,White
0,0,0.089853,Male,White
1,0,0.342146,Male,White
1,1,0.743688,Male,White
1,1,0.703371,Female,White
0,1,0.548083,Male,White
0,0,0.157588,Male,Alaska Native
0,0,0.333972,Female,White
1,1,0.661862,Female,Asian
1,1,0.816612,Male,White
0,0,0.267287,Female,White
0,0,0.028856,Female,White
0,0,0.414698,Female,White
0,0,0.025567,Female,American Indian
1,0,0.187132,Male,White
0,1,0.615634,Female,White
0,0,0.183358,Male,White
1,1,0.868763,Male,White
0,0,0.318481,Male,White
0,0,0.278394,Female,American Indian
1,1,0.743688,Male,White
0,0,0.173257,Male,White
0,0,0.233897,Female,White
1,0,0.449168,Female,White
1,1,0.561452,Male,White
1,1,0.547817,Female,White
1,1,0.695320,Male,White
0,0,0.147905,Male,White
0,0,0.194740,Female,White
1,0,0.416032,Male,White
0,0,0.144930,Female,White
0,0,0.200853,Female,White
0,1,0.701928,Female,White
0,0,0.044063,Female,Two or more
1,0,0.299355,Female,White
1,0,0.492950,Male,White
0,0,0.398900,Male,White
1,0,0.254200,Female,White
1,0,0.300212,Female,White
0,0,0.142930,Female,White
1,1,0.636850,Male,White
0,0,0.373751,Female,White
0,1,0.515786,Female,White
0,1,0.870615,Female,White
1,1,0.658289,Male,White
1,1,0.859646,Male,White
1,1,0.547980,Male,White
0,0,0.384142,Female,White
1,1,0.612282,Female,White
1,0,0.499236,Male,Two or more
0,1,0.567000,Male,White
1,1,0.660092,Female,White
0,0,0.495442,Male,White
0,0,0.381741,Male,White
1,1,0.598067,Male,White
0,0,0.459802,Female,White
1,0,0.481400,Male,White
0,0,0.112316,Female,White
1,0,0.449394,Male,White
0,0,0.444597,Male,White
1,1,0.589872,Female,White
0,0,0.177202,Female,White
0,1,0.788696,Male,Asian
1,0,0.313796,Male,White
0,0,0.326261,Male,White
1,0,0.268641,Female,White
0,0,0.004767,Female,Other
0,0,0.017860,Female,Other
0,0,0.281623,Male,White
0,0,0.184882,Female,White
0,1,0.603158,Male,White
0,1,0.583758,Female,White
1,1,0.655494,Female,White
1,1,0.692876,Female,White
1,1,0.881157,Female,White
0,1,0.555656,Male,White
0,0,0.046483,Female,Asian
0,0,0.413305,Male,White
1,0,0.449168,Female,White
0,0,0.044668,Female,White
1,1,0.811528,Male,Asian
1,1,0.953421,Male,Asian
1,0,0.204795,Female,White
1,0,0.366838,Female,Asian
1,1,0.654859,Male,White
0,0,0.094862,Male,American Indian
0,0,0.028126,Male,White
1,1,0.583069,Male,White
0,0,0.240790,Female,White
1,0,0.435662,Female,White
1,0,0.278329,Male,White
1,1,0.751779,Male,White
1,1,0.870123,Female,White
0,0,0.433475,Male,White
0,1,0.628574,Male,White
1,1,0.527900,Male,White
1,1,0.968143,Male,NHPI
1,1,0.715531,Male,White
0,0,0.055867,Female,White
1,0,0.474840,Female,White
1,1,0.740984,Male,White
0,1,0.799554,Female,White
1,0,0.470702,Male,White
0,0,0.027012,Female,White
0,0,0.320121,Male,White
0,0,0.269550,Male,White
1,1,0.711952,Male,White
0,1,0.585979,Female,White
0,0,0.296795,Male,White
0,0,0.113274,Female,White
0,0,0.030545,Male,Other
1,0,0.381088,Female,Black
1,0,0.267437,Female,Two or more
1,0,0.366727,Male,White
1,1,0.508965,Female,White
1,1,0.773206,Male,White
0,0,0.077065,Male,Two or more
0,0,0.337181,Female,White
0,1,0.550864,Male,White
1,0,0.236801,Female,White
1,1,0.529558,Male,White
1,0,0.458635,Male,White
0,0,0.029227,Female,White
1,1,0.874813,Male,White
0,0,0.007677,Female,White
1,1,0.584585,Male,White
0,0,0.190957,Female,White
1,0,0.188102,Female,White
1,1,0.965193,Male,White
0,0,0.013228,Female,White
0,1,0.509700,Male,White
1,1,0.941691,Female,White
0,0,0.246297,Male,White
0,0,0.201555,Female,White
1,1,0.591731,Female,White
0,0,0.089476,Female,White
0,0,0.026692,Female,White
0,1,0.597325,Male,White
0,0,0.119888,Male,White
1,0,0.467020,Male,White
0,0,0.338270,Male,White
1,1,0.577857,Male,White
1,0,0.324737,Female,Asian
1,1,0.745164,Male,Asian
0,0,0.077020,Female,Other
0,0,0.113330,Male,Other
0,0,0.249619,Female,White
1,1,0.764534,Male,White
0,0,0.099175,Female,White
1,0,0.470474,Female,White
0,0,0.016394,Male,Two or more
0,0,0.409880,Male,White
0,0,0.058799,Female,White
0,0,0.135181,Female,White
1,1,0.710824,Female,White
0,0,0.383844,Female,White
0,1,0.624530,Male,Black
0,0,0.177292,Male,Black
1,0,0.417579,Female,White
1,1,0.766363,Male,Asian
0,1,0.549721,Female,White
0,0,0.174466,Male,White
0,0,0.005674,Female,White
1,1,0.646087,Female,Asian
0,0,0.370050,Female,Asian
0,1,0.539650,Female,White
0,1,0.540860,Male,White
0,1,0.676057,Female,White
1,0,0.481400,Male,White
1,1,0.708355,Male,White
0,0,0.260297,Female,White
1,1,0.800042,Male,White
0,1,0.592992,Male,White
0,0,0.028174,Male,White
1,1,0.619543,Male,Black
0,0,0.187888,Female,Other
0,0,0.011234,Female,NHPI
0,0,0.259408,Female,White
1,1,0.555974,Male,White
1,0,0.226417,Male,White
0,0,0.394039,Female,White
1,0,0.376530,Female,White
1,1,0.686977,Male,White
0,0,0.316904,Male,White
0,0,0.025991,Male,Other
1,0,0.481400,Male,White
0,1,0.774946,Male,Other
0,1,0.974342,Male,White
1,1,0.829113,Male,White
0,0,0.103888,Female,White
0,0,0.108096,Male,Black
0,1,0.651334,Female,Two or more
0,0,0.240903,Female,White
0,1,0.556787,Male,Asian
0,0,0.372557,Male,White
0,0,0.339558,Male,White
0,0,0.420162,Female,White
0,0,0.138988,Female,White
1,1,0.906705,Male,Asian
1,1,0.964268,Male,White
0,0,0.024284,Female,White
1,0,0.291035,Female,White
0,0,0.025464,Female,Two or more
1,1,0.525291,Male,Two or more
1,1,0.611790,Female,White
1,1,0.553065,Female,White
0,0,0.229456,Male,White
1,1,0.714116,Female,White
0,0,0.196105,Male,Two or more
1,1,0.857396,Male,White
1,1,0.953760,Male,White
1,1,0.589074,Male,White
1,1,0.797215,Male,Two or more
0,0,0.112504,Male,Other
0,0,0.025083,Female,Other
0,0,0.108282,Male,White
0,1,0.564993,Male,White
0,0,0.414698,Female,White
0,1,0.562261,Female,White
0,0,0.139524,Male,American Indian
0,1,0.558864,Female,White
1,1,0.694933,Male,White
0,0,0.229456,Male,White
0,0,0.008383,Female,White
0,1,0.603158,Male,White
1,0,0.451929,Male,White
0,0,0.133716,Male,White
0,0,0.384997,Male,White
0,0,0.249366,Male,White
1,1,0.646987,Male,Other
1,0,0.270805,Female,White
1,1,0.901282,Male,White
0,0,0.210932,Female,White
0,0,0.066382,Female,White
0,0,0.296951,Female,White
1,1,0.816612,Male,White
1,1,0.728681,Female,Asian
0,0,0.100506,Female,White
0,0,0.088046,Male,Other
0,0,0.111938,Female,Two or more
1,0,0.194936,Female,White
1,0,0.269550,Male,White
1,1,0.603943,Female,White
0,0,0.176907,Male,White
0,0,0.024931,Female,Two or more
1,1,0.972150,Male,White
0,1,0.956100,Female,White
0,0,0.169918,Male,White
0,0,0.380118,Male,Two or more
0,0,0.450115,Male,American Indian
1,0,0.306655,Female,White
0,0,0.376530,Female,White
1,0,0.252996,Male,White
1,1,0.548842,Male,White
0,1,0.679357,Male,White
1,1,0.615487,Female,White
1,1,0.574162,Female,White
1,1,0.715996,Male,White
0,1,0.969893,Male,White
0,0,0.328768,Male,Two or more
1,1,0.785325,Male,White
0,0,0.069465,Female,White
0,0,0.045972,Female,White
0,0,0.478213,Female,White
0,1,0.795844,Male,White
0,0,0.014933,Female,Asian
0,0,0.007909,Male,White
1,1,0.609434,Male,White
0,0,0.197680,Male,White
0,0,0.035591,Female,Black
0,1,0.606568,Male,Asian
1,1,0.566781,Male,White
1,1,0.594993,Female,White
1,1,0.765868,Male,White
1,1,0.607598,Male,White
1,1,0.846582,Male,White
0,1,0.525100,Male,White
0,0,0.258331,Female,White
1,0,0.186113,Female,White
1,1,0.828384,Male,Asian
1,1,0.715531,Male,White
1,1,0.745824,Male,White
1,1,0.562077,Male,White
1,1,0.638594,Male,White
0,0,0.297969,Male,White
0,0,0.359100,Female,Asian
0,0,0.148422,Male,Two or more
0,1,0.576907,Female,White
0,0,0.282870,Male,White
0,1,0.820775,Female,White
0,0,0.285306,Female,White
0,0,0.021115,Female,White
0,1,0.915803,Female,Asian
0,0,0.370965,Female,Black
1,1,0.926230,Male,Asian
0,1,0.900320,Female,White
0,1,0.572606,Male,White
1,0,0.476811,Female,White
1,1,0.613980,Male,White
1,1,0.939799,Male,White
0,1,0.638115,Female,White
0,1,0.529558,Male,White
1,1,0.771179,Male,White
0,0,0.325364,Male,White
0,0,0.057818,Female,White
1,1,0.688674,Male,Asian
0,0,0.237128,Male,White
0,0,0.030590,Female,White
1,1,0.508965,Female,White
0,1,0.607286,Female,Asian
1,1,0.890049,Male,Asian
0,0,0.094093,Female,White
0,0,0.042135,Female,White
1,1,0.856093,Male,White
0,0,0.148266,Female,White
1,1,0.863883,Female,White
0,0,0.151888,Female,White
1,0,0.476811,Female,White
0,0,0.196548,Female,White
0,0,0.081173,Female,White
1,0,0.451839,Male,White
1,1,0.789511,Male,White
1,0,0.161742,Female,White
0,0,0.177440,Female,White
0,0,0.256384,Female,White
1,0,0.464157,Female,White
1,0,0.346833,Female,White
1,0,0.402184,Male,White
0,0,0.062062,Female,White
0,1,0.700595,Male,White
0,1,0.516118,Male,White
0,1,0.893501,Male,White
0,0,0.187337,Female,White
1,1,0.551492,Male,White
0,1,0.568492,Female,Black
1,1,0.952853,Male,White
0,0,0.030956,Female,White
1,1,0.865619,Male,White
0,0,0.456859,Female,White
0,0,0.289724,Male,White
0,0,0.139954,Female,White
1,1,0.926508,Female,White
0,0,0.327662,Female,White
0,0,0.329268,Female,White
