y_true,y_pred,score,sex,race
0,0,0.053806,Female,White
1,1,0.732642,Male,Asian-Pac-Islander
0,0,0.017327,Male,White
0,0,0.389318,Male,White
0,0,0.048996,Female,White
1,1,0.577470,Male,White
0,0,0.058854,Male,White
0,0,0.374602,Male,White
0,0,0.027597,Male,White
0,0,0.027961,Female,White
0,0,0.083851,Male,Black
0,0,0.073543,Female,White
0,0,0.034567,Male,Black
0,0,0.081478,Male,White
0,0,0.132821,Female,White
0,0,0.117195,Male,White
0,0,0.022160,Female,Black
1,1,0.748865,Male,White
0,0,0.297902,Male,Black
0,0,0.037504,Male,Black
0,0,0.041465,Female,White
0,1,0.631149,Male,White
0,0,0.017086,Female,Asian-Pac-Islander
0,0,0.047601,Male,Black
0,0,0.108233,Male,White
0,0,0.228494,Male,White
0,0,0.132386,Female,White
1,1,0.555529,Male,White
0,0,0.075095,Female,Black
0,1,0.701656,Male,White
0,0,0.067551,Female,White
0,0,0.468403,Male,White
0,0,0.111572,Male,White
1,0,0.135903,Male,White
0,0,0.289361,Male,White
0,0,0.355849,Male,White
0,0,0.131842,Male,White
0,0,0.472617,Male,White
0,0,0.362868,Male,Black
0,1,0.794695,Male,White
1,0,0.151356,Male,White
0,1,0.614728,Male,White
1,0,0.254779,Male,White
0,0,0.199418,Male,Black
0,0,0.148470,Male,Black
1,0,0.296835,Male,White
0,0,0.087271,Male,Black
0,0,0.103981,Male,White
0,0,0.036278,Female,White
0,0,0.310235,Male,White
0,1,0.653751,Male,White
0,0,0.032529,Male,White
1,1,0.598238,Male,White
1,0,0.421727,Male,White
1,0,0.116154,Male,White
1,0,0.027925,Female,White
1,0,0.425133,Male,White
0,0,0.445036,Male,White
0,1,0.591924,Male,White
0,0,0.132386,Female,White
1,0,0.351689,Male,White
0,0,0.114858,Male,White
0,0,0.099398,Male,White
0,0,0.207172,Female,White
0,0,0.108233,Male,White
0,0,0.141382,Male,White
0,0,0.348821,Male,White
0,0,0.021832,Female,Black
0,0,0.012611,Female,Black
0,1,0.778068,Male,White
1,0,0.466149,Male,White
0,0,0.042236,Male,White
0,0,0.262507,Male,White
0,0,0.158468,Male,White
1,1,0.555602,Male,White
0,1,0.598910,Female,White
0,0,0.036419,Male,White
0,0,0.110210,Female,White
0,0,0.192094,Male,White
0,0,0.304420,Male,White
0,0,0.252743,Male,White
0,1,0.564359,Female,White
0,0,0.212366,Male,White
1,0,0.303335,Male,White
0,0,0.112636,Male,White
0,0,0.196953,Female,White
0,0,0.089387,Male,Black
1,1,0.510926,Male,White
0,0,0.267830,Male,White
1,0,0.258981,Male,Asian-Pac-Islander
1,1,0.601427,Male,White
0,0,0.050437,Female,Black
1,0,0.423088,Male,White
0,0,0.245907,Male,White
1,0,0.166341,Male,White
0,0,0.350051,Male,White
0,1,0.519711,Male,White
1,0,0.095919,Male,White
1,0,0.199905,Female,White
1,0,0.378890,Male,White
0,0,0.086243,Male,White
0,1,0.524380,Male,White
0,0,0.057527,Female,Black
0,0,0.141831,Female,White
0,0,0.471563,Male,White
0,1,0.755600,Male,White
0,0,0.242237,Male,White
0,0,0.013414,Male,White
0,0,0.014516,Female,Black
0,0,0.094683,Male,Black
1,0,0.498399,Male,Black
0,0,0.015950,Female,Asian-Pac-Islander
0,0,0.022160,Female,Black
0,0,0.068681,Female,White
0,0,0.104800,Male,White
0,0,0.349275,Male,White
0,0,0.295363,Male,Black
0,0,0.224487,Female,White
0,0,0.024856,Female,White
0,0,0.136026,Male,White
0,0,0.035335,Female,White
0,0,0.108233,Male,White
1,1,0.831908,Male,White
1,0,0.285712,Male,White
0,0,0.493448,Male,White
0,0,0.143558,Male,White
0,0,0.141243,Female,Black
1,0,0.192831,Female,White
0,0,0.116293,Male,White
0,0,0.039208,Female,Asian-Pac-Islander
0,1,0.675778,Male,White
1,0,0.435106,Male,White
1,0,0.297023,Male,White
0,0,0.249237,Female,White
0,0,0.093261,Female,White
1,0,0.355779,Male,Black
0,0,0.261427,Male,Black
1,0,0.368225,Male,White
0,0,0.237312,Male,White
1,0,0.241462,Male,White
0,0,0.076158,Female,Black
1,0,0.443918,Male,White
0,0,0.484102,Male,White
0,0,0.053535,Male,White
0,0,0.068681,Female,White
0,0,0.276652,Male,White
0,0,0.218231,Male,Black
1,0,0.284574,Male,Black
0,0,0.072549,Male,White
0,1,0.847090,Male,White
0,0,0.019021,Female,White
0,0,0.296432,Male,White
0,0,0.017902,Female,White
0,0,0.154761,Female,White
0,0,0.099423,Female,White
0,0,0.023152,Female,Black
0,0,0.170837,Male,White
0,0,0.054499,Male,White
1,0,0.353707,Male,White
1,1,0.595005,Male,White
0,0,0.030371,Female,White
1,0,0.370509,Male,White
1,0,0.227750,Male,White
0,0,0.015456,Female,White
1,0,0.058808,Female,White
0,0,0.107390,Male,White
0,0,0.097866,Female,White
1,1,0.622712,Male,White
0,0,0.044609,Female,White
1,0,0.185233,Male,White
0,0,0.028834,Male,White
0,1,0.623686,Male,White
1,0,0.171361,Female,White
0,0,0.040413,Male,White
0,0,0.058235,Female,Black
0,0,0.088771,Male,Asian-Pac-Islander
0,0,0.025946,Female,White
1,1,0.586319,Male,White
0,0,0.204964,Male,White
0,1,0.612080,Male,Asian-Pac-Islander
0,0,0.153098,Female,White
1,0,0.175199,Male,Black
1,0,0.057327,Male,White
0,0,0.056903,Female,White
0,0,0.006561,Female,White
1,1,0.671830,Male,White
0,0,0.116293,Male,White
0,0,0.024638,Female,White
0,0,0.233292,Male,White
1,1,0.758957,Male,White
0,0,0.267771,Male,White
0,0,0.089114,Male,Asian-Pac-Islander
1,1,0.633185,Male,White
0,0,0.014447,Female,White
0,0,0.253920,Male,White
0,0,0.092101,Male,White
0,0,0.252265,Male,White
1,0,0.267712,Male,White
0,0,0.101842,Female,White
1,1,0.503041,Male,White
0,0,0.375593,Male,White
1,0,0.490777,Male,White
1,0,0.407623,Male,White
0,0,0.111292,Male,Black
0,0,0.040940,Female,White
0,0,0.113514,Male,White
0,0,0.455085,Male,White
0,0,0.219961,Male,White
1,0,0.474949,Male,White
0,0,0.015660,Female,Black
0,0,0.030504,Female,White
0,0,0.274903,Male,White
0,0,0.159002,Female,White
0,0,0.135372,Male,Black
0,0,0.286422,Male,Black
0,0,0.057584,Female,White
1,1,0.511221,Male,White
1,0,0.078088,Male,White
0,0,0.355849,Male,White
0,0,0.383548,Male,White
0,0,0.189345,Male,White
0,0,0.148012,Male,White
0,0,0.325651,Male,White
0,0,0.031858,Female,White
0,0,0.212316,Male,White
0,0,0.055199,Female,White
1,0,0.413210,Male,White
0,0,0.101463,Male,White
1,1,0.704429,Male,White
1,0,0.305425,Female,White
0,0,0.115877,Male,Amer-Indian-Eskimo
0,0,0.023773,Male,White
0,0,0.413210,Male,White
0,0,0.088420,Male,White
1,1,0.661804,Male,White
0,0,0.205654,Male,White
0,0,0.287501,Male,Black
0,1,0.561185,Male,White
0,0,0.004671,Male,White
0,0,0.353776,Male,White
1,0,0.112636,Male,White
0,0,0.159680,Male,White
0,1,0.506212,Male,White
0,0,0.137059,Male,White
0,0,0.076396,Male,White
0,0,0.018208,Female,White
0,0,0.034293,Male,White
0,0,0.101896,Female,White
0,0,0.090488,Male,White
0,0,0.148612,Female,White
0,0,0.025599,Female,White
1,0,0.221467,Male,White
0,0,0.107779,Male,Asian-Pac-Islander
0,0,0.087313,Female,White
0,0,0.337527,Male,White
0,0,0.053576,Female,Black
0,0,0.129280,Female,White
0,0,0.300724,Male,White
0,0,0.023590,Female,White
0,0,0.132386,Female,White
0,0,0.116620,Male,White
1,0,0.243903,Male,White
1,0,0.305092,Male,Black
0,0,0.021422,Male,White
0,0,0.086953,Female,White
0,0,0.032851,Female,Amer-Indian-Eskimo
0,0,0.155520,Female,White
1,0,0.483877,Male,White
0,0,0.011237,Male,White
0,1,0.724531,Male,White
0,0,0.039215,Female,White
1,1,0.751395,Male,White
0,0,0.065318,Male,Black
0,0,0.033270,Female,White
0,0,0.342521,Female,White
1,1,0.501984,Male,White
0,0,0.248808,Male,White
0,0,0.080763,Female,White
0,0,0.083806,Female,White
0,0,0.227735,Female,White
0,0,0.050076,Female,White
0,0,0.283990,Male,White
0,0,0.131325,Male,White
1,1,0.653751,Male,White
0,0,0.389369,Female,White
1,1,0.759730,Male,White
0,0,0.095481,Female,White
0,0,0.004356,Female,White
0,0,0.255681,Female,White
0,0,0.016817,Female,White
0,0,0.126795,Male,White
0,0,0.041793,Female,White
1,0,0.219961,Male,White
0,0,0.065869,Female,White
1,0,0.064342,Female,White
0,0,0.286409,Male,White
0,0,0.066761,Male,White
0,0,0.125249,Male,White
0,0,0.022661,Male,White
0,0,0.016874,Female,White
0,0,0.125829,Male,White
1,0,0.115720,Male,Black
0,0,0.078735,Female,Black
0,0,0.011704,Female,Black
1,1,0.626471,Male,White
1,0,0.400164,Male,Asian-Pac-Islander
0,0,0.153756,Male,White
0,0,0.087289,Female,White
1,1,0.736914,Male,White
0,0,0.022679,Female,White
0,0,0.039215,Female,White
1,0,0.230133,Female,White
1,0,0.347623,Male,White
0,0,0.329740,Male,White
0,0,0.333489,Male,White
0,0,0.157905,Male,White
0,0,0.175147,Male,White
0,0,0.116293,Male,White
0,0,0.059751,Female,Black
0,0,0.412919,Male,White
1,0,0.337527,Male,White
0,0,0.013729,Female,Amer-Indian-Eskimo
1,1,0.768677,Male,White
0,0,0.295891,Male,White
0,0,0.009785,Female,White
0,0,0.070508,Female,White
0,0,0.413210,Male,White
0,0,0.271278,Male,White
0,0,0.156977,Male,Black
0,0,0.058061,Female,White
0,0,0.053294,Female,White
1,0,0.299661,Female,White
1,0,0.443918,Male,White
1,1,0.882726,Male,White
0,0,0.011704,Male,White
0,0,0.172758,Female,White
1,0,0.365101,Female,White
1,1,0.568791,Male,White
0,0,0.037049,Male,Black
0,0,0.035819,Male,White
0,0,0.116293,Male,White
0,0,0.063163,Female,White
0,0,0.224643,Female,White
1,0,0.432881,Male,White
0,0,0.137868,Female,White
0,0,0.062170,Female,White
0,0,0.044983,Female,White
0,0,0.010551,Male,White
0,0,0.135372,Male,Black
0,0,0.212316,Male,White
0,0,0.088420,Male,White
0,1,0.530927,Male,White
0,0,0.185233,Male,White
1,0,0.435106,Male,White
0,0,0.141382,Male,White
1,0,0.212366,Male,White
1,0,0.488514,Male,White
1,0,0.379169,Male,White
0,0,0.125829,Male,White
0,0,0.170794,Male,White
0,0,0.007341,Female,White
1,1,0.617064,Male,White
0,0,0.136062,Male,White
0,0,0.004890,Female,Amer-Indian-Eskimo
0,0,0.051128,Female,White
1,1,0.722809,Male,White
1,1,0.586247,Male,White
0,0,0.055657,Female,White
0,0,0.353319,Male,White
1,1,0.703548,Male,White
0,0,0.153756,Male,White
0,0,0.100695,Male,White
1,1,0.775714,Male,White
1,0,0.401295,Male,White
0,0,0.124260,Male,Black
0,0,0.037725,Female,White
0,0,0.159680,Male,White
0,0,0.075645,Male,White
1,1,0.532167,Male,White
1,0,0.221467,Male,White
0,0,0.039215,Female,White
0,0,0.003660,Female,White
0,0,0.266116,Male,White
0,0,0.037359,Female,Black
0,0,0.172081,Male,White
0,0,0.088444,Male,White
0,0,0.108262,Male,White
0,0,0.435106,Male,White
0,0,0.298666,Male,White
1,0,0.017181,Male,White
1,0,0.194827,Male,White
0,0,0.177281,Male,White
0,0,0.043713,Male,White
0,0,0.297826,Female,White
0,0,0.015800,Female,White
0,0,0.027969,Female,White
1,1,0.880635,Male,White
0,0,0.028239,Female,White
0,0,0.277347,Male,Black
0,0,0.269550,Male,White
0,0,0.123494,Female,White
0,0,0.476004,Male,White
0,0,0.354743,Male,White
0,0,0.093576,Male,White
0,0,0.133885,Female,White
0,1,0.902235,Male,White
0,0,0.185233,Male,White
0,0,0.084873,Male,White
0,0,0.139193,Male,Asian-Pac-Islander
0,0,0.021593,Male,White
1,1,0.607885,Male,White
0,0,0.222286,Female,White
0,0,0.177821,Female,White
0,0,0.033270,Female,White
0,0,0.216830,Female,White
1,0,0.200858,Male,White
0,0,0.066116,Male,White
0,0,0.437259,Male,White
1,0,0.059465,Female,White
1,0,0.443918,Male,White
1,0,0.449345,Female,White
0,0,0.028804,Female,Asian-Pac-Islander
1,0,0.183825,Male,White
0,0,0.469937,Male,White
0,0,0.009187,Male,White
0,0,0.044587,Male,White
0,0,0.109583,Female,Asian-Pac-Islander
0,0,0.323666,Male,White
0,0,0.037046,Female,Black
1,0,0.328623,Female,White
0,0,0.131264,Female,White
0,1,0.535547,Male,White
0,0,0.203444,Male,White
1,0,0.435106,Male,White
0,0,0.021689,Male,White
1,1,0.564344,Male,White
0,0,0.120980,Male,White
0,0,0.045926,Female,Black
0,0,0.375121,Female,White
0,0,0.088420,Male,White
1,1,0.663828,Male,White
0,0,0.028904,Female,White
0,0,0.033270,Female,White
1,0,0.201310,Female,White
0,0,0.048590,Female,White
0,0,0.143484,Male,White
0,0,0.037878,Female,White
0,0,0.452362,Male,White
0,1,0.564344,Male,White
1,0,0.344617,Male,White
0,0,0.122063,Female,White
0,0,0.014209,Female,White
0,0,0.152620,Male,White
0,0,0.153098,Female,White
1,0,0.345640,Male,White
0,0,0.192094,Male,White
0,0,0.385021,Male,White
1,0,0.305316,Male,White
0,0,0.198427,Male,White
0,0,0.212141,Male,White
0,0,0.424120,Male,White
0,0,0.216690,Male,Black
1,0,0.446110,Male,Asian-Pac-Islander
0,0,0.026886,Female,White
0,0,0.052249,Male,White
0,0,0.137059,Male,White
1,1,0.686447,Female,White
0,0,0.322675,Male,White
0,0,0.210905,Male,White
0,0,0.056649,Male,White
0,0,0.167621,Female,White
1,0,0.243903,Male,White
0,0,0.019027,Female,White
1,0,0.347623,Male,White
0,0,0.006036,Female,White
0,0,0.021600,Male,White
0,0,0.072209,Female,White
0,0,0.051835,Male,Black
0,1,0.569481,Male,White
0,0,0.283070,Male,White
1,1,0.642426,Male,White
0,0,0.037915,Male,Amer-Indian-Eskimo
0,0,0.034743,Female,White
0,0,0.051476,Male,White
0,0,0.084481,Female,White
0,0,0.345373,Male,White
0,0,0.086535,Female,White
0,0,0.128340,Male,White
0,0,0.172758,Female,White
0,0,0.227007,Male,White
0,0,0.125111,Female,White
0,0,0.214983,Female,White
0,0,0.107796,Male,White
0,0,0.133343,Female,White
0,0,0.033110,Female,Black
0,1,0.509794,Male,White
0,0,0.212366,Male,White
1,0,0.287564,Male,White
1,1,0.733446,Male,White
0,0,0.310235,Male,White
0,0,0.037554,Female,Asian-Pac-Islander
0,0,0.054121,Female,White
0,0,0.077062,Male,Black
0,0,0.097200,Female,White
0,0,0.262507,Male,White
0,0,0.163958,Male,White
0,0,0.088013,Female,Black
0,0,0.051984,Female,White
0,0,0.196464,Male,White
0,0,0.080389,Male,Black
0,0,0.037668,Female,White
1,1,0.736914,Male,White
0,0,0.199148,Male,White
0,0,0.317779,Male,White
0,0,0.343343,Male,White
0,0,0.040436,Male,White
0,0,0.087650,Female,Black
0,0,0.082387,Male,White
0,0,0.382022,Male,White
1,1,0.753924,Male,White
0,0,0.387238,Male,White
1,1,0.555529,Male,White
0,1,0.673560,Male,White
0,0,0.329740,Male,White
0,0,0.090289,Male,Amer-Indian-Eskimo
0,0,0.018356,Male,White
1,0,0.368225,Male,White
0,0,0.078146,Female,Black
0,0,0.169452,Male,White
1,0,0.424120,Male,White
1,0,0.087313,Female,White
0,0,0.019111,Female,White
0,0,0.057054,Female,White
0,0,0.053347,Female,White
0,0,0.125351,Male,Amer-Indian-Eskimo
0,0,0.019882,Female,White
0,1,0.535547,Male,White
1,0,0.244640,Female,White
0,0,0.014376,Female,White
1,1,0.785713,Male,White
1,1,0.708217,Male,White
1,0,0.320101,Male,White
0,0,0.008979,Male,Black
1,1,0.526279,Female,Black
0,0,0.074935,Female,Black
1,1,0.744710,Male,White
0,0,0.411500,Male,White
0,0,0.051143,Female,White
1,1,0.726394,Male,White
0,0,0.237312,Male,White
0,0,0.041106,Female,White
0,0,0.197708,Male,White
0,0,0.260815,Male,White
0,1,0.519861,Male,White
0,0,0.086248,Female,White
0,0,0.249032,Male,White
0,0,0.088444,Male,White
0,0,0.389318,Male,White
0,0,0.170719,Female,White
0,0,0.252231,Male,Asian-Pac-Islander
1,0,0.342642,Male,White
1,0,0.218463,Male,White
0,0,0.077136,Male,Black
0,1,0.641454,Male,White
0,0,0.376656,Male,White
1,0,0.291227,Male,White
0,0,0.093576,Male,White
1,0,0.170837,Male,White
0,0,0.038679,Female,Black
0,0,0.050530,Female,White
0,0,0.060305,Female,White
0,0,0.014452,Female,White
0,0,0.149090,Female,White
0,0,0.232644,Male,White
0,0,0.087271,Male,Black
0,0,0.236547,Male,White
0,0,0.007078,Female,White
0,0,0.016774,Male,Other
0,0,0.156605,Male,Black
0,0,0.031868,Female,White
0,0,0.153098,Female,White
0,0,0.050019,Female,Black
0,0,0.108539,Male,Black
0,0,0.148012,Male,White
0,0,0.017482,Male,White
0,0,0.146912,Male,White
0,0,0.159680,Male,White
0,0,0.028778,Female,White
0,0,0.116673,Female,White
0,0,0.044228,Male,White
0,0,0.034743,Female,White
0,0,0.094727,Female,White
0,1,0.528746,Male,White
0,0,0.012611,Female,Black
1,0,0.178562,Male,White
0,0,0.028826,Male,White
0,0,0.171437,Male,White
0,0,0.317779,Male,White
0,0,0.035847,Female,Black
0,0,0.064022,Male,White
1,0,0.023799,Female,White
1,0,0.150774,Male,Black
0,0,0.027969,Female,White
0,0,0.432697,Male,White
0,0,0.142448,Male,White
0,0,0.185950,Female,White
0,0,0.077136,Male,Black
0,1,0.515226,Male,White
0,0,0.212366,Male,White
0,0,0.088676,Male,Black
0,0,0.088406,Male,Asian-Pac-Islander
0,0,0.144553,Female,White
0,0,0.175964,Male,White
0,0,0.110348,Male,Black
1,0,0.313866,Male,White
1,1,0.681572,Male,White
1,0,0.195481,Male,White
0,0,0.015869,Female,White
1,0,0.322075,Male,White
0,0,0.141382,Male,White
1,1,0.752240,Male,White
0,1,0.752408,Male,White
0,0,0.150235,Male,White
1,0,0.212336,Male,Asian-Pac-Islander
0,0,0.039215,Female,White
0,0,0.084896,Male,White
0,0,0.117177,Male,Asian-Pac-Islander
0,0,0.072265,Male,White
0,0,0.137059,Male,White
1,0,0.440457,Male,White
1,0,0.280230,Male,White
0,0,0.103981,Male,White
0,0,0.421910,Male,White
0,0,0.318650,Male,White
0,0,0.095481,Female,White
0,0,0.165787,Male,White
0,0,0.080311,Male,Black
0,0,0.031868,Female,White
1,1,0.893261,Male,White
1,0,0.417317,Male,White
0,0,0.099837,Male,White
1,0,0.121349,Male,Black
1,0,0.179259,Female,White
0,0,0.149232,Male,White
0,0,0.051348,Female,White
0,0,0.048996,Female,White
0,0,0.056420,Male,White
0,0,0.077561,Female,White
0,0,0.034743,Female,White
0,0,0.035809,Male,White
1,1,0.607885,Male,White
0,0,0.027312,Female,Black
1,0,0.306277,Male,White
1,1,0.743848,Male,White
1,0,0.417390,Male,White
1,1,0.525916,Male,White
1,1,0.765441,Male,White
0,0,0.037359,Female,Black
0,0,0.152620,Male,White
0,0,0.034265,Female,Black
0,1,0.742061,Male,White
0,0,0.025647,Female,Black
0,0,0.232590,Male,White
1,1,0.509661,Female,White
0,0,0.242971,Female,White
0,0,0.018365,Female,White
1,1,0.573554,Male,White
0,0,0.068681,Female,White
0,0,0.269668,Male,White
0,0,0.224580,Male,White
0,0,0.229294,Male,White
0,0,0.125273,Female,White
0,0,0.042737,Female,White
0,0,0.078088,Male,White
0,1,0.533294,Male,White
0,0,0.103703,Female,White
0,0,0.062117,Female,White
0,0,0.030749,Male,Black
0,0,0.185233,Male,White
0,0,0.186385,Female,Black
1,1,0.631633,Male,White
0,0,0.237662,Male,White
0,0,0.153098,Female,White
1,1,0.731613,Male,White
0,0,0.476132,Female,White
1,0,0.255640,Male,White
0,0,0.231688,Female,White
0,0,0.044002,Female,Black
0,0,0.030504,Female,White
0,0,0.298711,Female,White
0,0,0.088420,Male,White
1,1,0.607814,Male,White
1,0,0.137059,Male,White
0,0,0.199905,Female,White
0,0,0.059573,Female,White
0,0,0.490777,Male,White
0,0,0.024579,Male,White
0,0,0.329740,Male,White
1,0,0.356291,Male,White
0,0,0.030623,Male,White
0,0,0.100313,Male,White
0,0,0.052770,Male,White
0,0,0.140768,Female,White
0,0,0.113200,Female,White
0,0,0.007522,Female,Black
0,0,0.117687,Female,White
0,0,0.225538,Male,White
0,0,0.130843,Male,White
0,0,0.159680,Male,White
0,0,0.184005,Male,White
0,1,0.686562,Male,White
0,0,0.095429,Female,White
0,0,0.088420,Male,White
0,0,0.014602,Male,White
0,0,0.172081,Male,White
0,0,0.233649,Female,White
0,0,0.136559,Male,White
0,0,0.223316,Male,White
0,0,0.146874,Male,White
0,0,0.233250,Female,White
0,0,0.255510,Female,White
0,0,0.227410,Male,White
0,0,0.443770,Male,White
0,0,0.313995,Male,White
0,0,0.184211,Female,Black
0,0,0.014809,Female,White
0,0,0.036946,Female,White
1,1,0.567680,Male,White
1,0,0.432881,Male,White
0,0,0.006450,Female,White
0,0,0.132716,Female,Black
0,0,0.144115,Male,White
0,0,0.099423,Female,White
0,0,0.131842,Male,White
0,0,0.003296,Female,White
0,0,0.003789,Female,White
0,0,0.177930,Female,White
0,0,0.137059,Male,White
0,0,0.178845,Male,White
1,0,0.488514,Male,White
0,0,0.225433,Female,White
1,0,0.251412,Male,White
0,0,0.080022,Male,White
0,0,0.492920,Male,Asian-Pac-Islander
0,0,0.229332,Female,White
0,0,0.219910,Male,White
0,0,0.032574,Female,Amer-Indian-Eskimo
1,0,0.310547,Female,Black
0,0,0.087999,Female,Asian-Pac-Islander
0,0,0.489646,Male,White
0,0,0.062647,Female,White
0,0,0.335572,Male,White
0,0,0.126795,Male,White
1,0,0.095465,Female,Asian-Pac-Islander
0,0,0.184550,Male,White
0,0,0.026305,Male,White
0,0,0.124778,Female,White
1,1,0.602583,Male,White
0,0,0.153756,Male,White
0,0,0.022568,Male,White
0,0,0.156634,Female,White
0,0,0.100667,Female,White
0,0,0.040448,Male,White
0,0,0.047922,Male,White
1,1,0.888863,Male,Asian-Pac-Islander
0,0,0.015397,Female,White
0,0,0.266838,Female,White
0,0,0.007537,Female,Amer-Indian-Eskimo
0,0,0.143864,Male,Other
1,0,0.355780,Male,White
0,0,0.040940,Female,White
1,1,0.610042,Male,White
0,1,0.621648,Male,White
0,0,0.015397,Female,White
0,0,0.020264,Female,White
1,0,0.393740,Male,White
0,0,0.310235,Male,White
1,0,0.344549,Male,White
0,0,0.132907,Female,White
0,1,0.639369,Male,White
0,0,0.077136,Male,Black
0,0,0.044146,Female,White
0,0,0.059308,Male,White
0,0,0.306259,Female,White
0,0,0.067770,Female,Black
0,0,0.022469,Female,Asian-Pac-Islander
0,0,0.118398,Female,White
1,0,0.472541,Female,White
1,0,0.057786,Male,White
0,0,0.092013,Male,White
1,0,0.311983,Male,White
0,0,0.100493,Male,White
0,0,0.177119,Male,White
0,0,0.261730,Female,White
0,0,0.326579,Male,Black
1,1,0.554484,Male,White
1,0,0.065332,Female,White
0,0,0.027969,Female,White
1,1,0.778402,Male,White
0,0,0.078142,Male,White
0,0,0.429366,Male,White
0,0,0.057535,Female,White
0,0,0.317765,Male,White
0,0,0.039215,Female,White
1,0,0.062647,Female,White
0,1,0.660674,Male,White
0,0,0.082471,Female,White
0,0,0.015105,Female,White
0,0,0.066743,Male,White
1,0,0.358691,Male,Black
0,0,0.031017,Male,Other
1,1,0.576438,Male,White
0,0,0.157204,Male,Black
0,0,0.252265,Male,White
0,0,0.012905,Female,White
0,0,0.039283,Male,White
0,0,0.190554,Male,White
0,1,0.501984,Male,White
0,1,0.612123,Male,White
0,1,0.679603,Male,White
0,0,0.176468,Male,Black
0,0,0.038281,Female,White
0,0,0.271278,Male,White
1,1,0.513143,Male,Asian-Pac-Islander
0,0,0.043626,Female,White
0,0,0.192670,Male,Black
0,0,0.271337,Male,White
0,0,0.106073,Female,White
0,0,0.067271,Male,White
1,0,0.261631,Male,White
0,0,0.409863,Female,White
0,0,0.387238,Male,White
1,1,0.676102,Male,White
0,0,0.172758,Female,White
1,0,0.122734,Female,White
1,1,0.649708,Male,White
1,0,0.243903,Male,White
1,1,0.515525,Male,White
0,0,0.432881,Male,White
0,0,0.112131,Female,White
0,0,0.065714,Male,White
1,1,0.521934,Male,White
0,0,0.028660,Female,White
0,0,0.093236,Female,White
0,0,0.283990,Male,White
0,0,0.112214,Male,White
0,0,0.226213,Male,White
0,0,0.127452,Female,White
0,0,0.029464,Female,White
0,0,0.044983,Female,White
1,0,0.260815,Male,White
0,0,0.098596,Male,Black
1,0,0.243903,Male,White
0,0,0.139043,Female,Black
1,0,0.117195,Male,White
0,0,0.147515,Female,White
0,0,0.174534,Female,Black
0,0,0.311931,Female,Black
0,1,0.520085,Male,White
0,0,0.252265,Male,White
0,0,0.118552,Female,White
1,0,0.204056,Male,Black
1,0,0.479580,Male,White
1,0,0.289361,Male,White
0,0,0.407675,Female,White
0,0,0.248612,Male,White
0,0,0.212366,Male,White
0,0,0.305789,Male,White
0,0,0.274963,Male,White
0,0,0.026776,Female,White
0,0,0.043552,Female,White
1,1,0.769428,Male,White
0,0,0.041633,Female,White
0,0,0.458307,Male,White
1,0,0.204178,Male,White
0,0,0.079434,Male,White
0,0,0.262507,Male,White
0,0,0.006169,Female,White
1,1,0.656125,Male,Asian-Pac-Islander
1,0,0.060066,Female,White
1,0,0.193758,Male,White
1,1,0.599326,Male,White
0,0,0.158468,Male,White
0,0,0.035479,Female,Black
0,0,0.122422,Female,White
1,0,0.154374,Female,White
0,0,0.031858,Female,White
0,0,0.091302,Female,Black
1,1,0.585039,Male,White
0,1,0.535796,Male,Asian-Pac-Islander
1,0,0.159680,Male,White
0,0,0.083136,Female,White
0,0,0.145015,Male,White
1,0,0.264305,Female,White
0,0,0.165162,Male,White
0,0,0.208516,Female,White
1,0,0.179259,Female,White
1,0,0.213834,Male,White
0,0,0.043133,Female,White
0,0,0.245521,Male,White
0,0,0.413282,Male,White
0,0,0.024863,Female,White
0,0,0.349850,Male,White
0,0,0.055180,Male,White
0,0,0.148612,Female,White
0,1,0.749603,Male,White
1,0,0.327577,Male,White
0,0,0.069031,Female,Amer-Indian-Eskimo
0,0,0.115773,Female,White
0,0,0.016024,Female,White
1,1,0.897433,Male,White
0,0,0.337527,Male,White
0,0,0.084873,Male,White
0,0,0.075328,Female,White
0,0,0.049421,Male,White
0,0,0.044622,Female,White
1,1,0.737791,Male,White
1,1,0.784899,Male,White
1,0,0.107745,Female,White
0,0,0.349748,Male,White
0,0,0.242292,Male,White
1,1,0.631079,Male,White
0,0,0.146912,Male,White
0,1,0.501984,Male,White
1,0,0.372343,Male,White
0,0,0.212316,Male,White
0,0,0.226161,Male,White
0,0,0.044983,Female,White
0,0,0.044609,Female,White
0,0,0.326694,Female,White
0,0,0.010989,Female,White
0,0,0.149137,Female,White
0,0,0.192094,Male,White
1,1,0.650670,Male,White
0,0,0.202875,Male,Asian-Pac-Islander
0,0,0.274796,Female,White
0,0,0.055187,Male,Black
0,0,0.452362,Male,White
0,0,0.003789,Female,White
0,0,0.403401,Male,White
0,0,0.374462,Male,White
0,0,0.064512,Male,White
1,1,0.540950,Male,White
0,0,0.198461,Female,White
0,0,0.376656,Male,White
0,0,0.017874,Male,White
0,1,0.566569,Male,White
1,0,0.034878,Male,Black
0,0,0.227750,Male,White
1,0,0.184568,Male,Asian-Pac-Islander
0,0,0.021604,Female,White
0,0,0.072154,Male,Black
0,0,0.077136,Male,Black
0,0,0.095919,Male,White
0,0,0.378714,Male,White
0,0,0.285712,Male,White
0,0,0.157905,Male,White
0,0,0.013159,Female,White
0,0,0.140768,Female,White
1,0,0.136935,Male,White
0,0,0.005755,Female,White
0,0,0.033135,Female,White
0,0,0.029206,Female,White
1,0,0.270485,Female,White
1,1,0.599326,Male,White
0,0,0.253920,Male,White
0,0,0.171965,Male,White
0,0,0.229294,Male,White
1,0,0.406530,Male,White
0,0,0.219005,Male,Black
0,0,0.122422,Female,White
0,0,0.008146,Female,White
0,0,0.010381,Female,White
0,0,0.007047,Female,White
0,0,0.007200,Female,Black
0,0,0.043918,Female,White
1,0,0.416487,Female,White
0,0,0.164464,Female,Black
0,0,0.284782,Male,Asian-Pac-Islander
0,0,0.081754,Female,White
1,1,0.717455,Male,White
0,0,0.311044,Male,White
0,0,0.164580,Male,White
0,0,0.193550,Male,White
0,0,0.031826,Female,White
0,0,0.132872,Female,White
0,0,0.317779,Male,White
1,0,0.450486,Male,White
0,0,0.185233,Male,White
0,0,0.039547,Female,White
0,0,0.190069,Male,Amer-Indian-Eskimo
0,0,0.250459,Female,Black
0,0,0.026768,Female,White
0,0,0.321817,Male,White
0,0,0.162003,Male,White
0,1,0.585633,Male,White
0,0,0.073310,Male,Other
1,1,0.758979,Male,Asian-Pac-Islander
0,0,0.186041,Male,White
1,0,0.137059,Male,White
1,0,0.350881,Male,White
0,0,0.247997,Female,Asian-Pac-Islander
0,1,0.536321,Male,White
0,0,0.015387,Female,White
0,0,0.078125,Female,White
1,0,0.121373,Female,White
1,1,0.966190,Male,White
0,0,0.101387,Female,Black
0,0,0.133343,Female,White
0,0,0.125829,Male,White
1,1,0.631079,Male,White
0,1,0.544285,Male,White
1,1,0.579751,Male,White
0,0,0.146912,Male,White
1,0,0.117195,Male,White
0,0,0.235731,Male,White
0,0,0.334495,Male,Black
0,0,0.274031,Male,White
0,0,0.179364,Male,Amer-Indian-Eskimo
0,0,0.329740,Male,White
0,0,0.158468,Male,White
0,0,0.090952,Female,White
0,0,0.172081,Male,White
0,0,0.055657,Female,White
0,0,0.206306,Male,Black
1,0,0.441573,Male,White
0,0,0.307062,Female,White
0,0,0.108233,Male,White
0,0,0.252209,Male,White
0,0,0.174259,Male,White
1,0,0.037889,Female,White
0,0,0.019882,Female,White
0,0,0.054908,Female,Black
0,0,0.157264,Male,White
0,0,0.005006,Female,White
0,0,0.048385,Male,White
0,0,0.074643,Female,White
1,1,0.717394,Male,White
1,0,0.227750,Male,White
0,0,0.007088,Female,White
0,0,0.162618,Male,Black
1,0,0.448320,Male,White
0,0,0.075544,Female,Black
0,0,0.158508,Male,White
0,0,0.022572,Female,White
0,0,0.227750,Male,White
1,1,0.669830,Male,White
1,0,0.305252,Male,White
0,0,0.148012,Male,White
0,0,0.162423,Male,Other
0,0,0.157810,Female,Asian-Pac-Islander
0,1,0.720750,Male,White
0,1,0.519637,Male,White
0,0,0.189138,Male,White
1,0,0.443992,Male,White
1,0,0.127301,Female,Asian-Pac-Islander
0,0,0.153395,Female,Black
0,0,0.213834,Male,White
0,0,0.238138,Female,Asian-Pac-Islander
1,0,0.206394,Male,White
0,0,0.185233,Male,White
1,1,0.641079,Male,White
0,0,0.055172,Male,Black
1,0,0.187324,Female,White
1,1,0.900228,Male,White
1,0,0.027825,Male,White
0,0,0.021409,Male,White
1,0,0.253920,Male,White
1,0,0.102152,Female,Other
0,0,0.021706,Female,White
0,0,0.015220,Female,White
0,1,0.527617,Male,White
0,0,0.052670,Male,White
0,0,0.320666,Male,White
1,0,0.060066,Female,White
1,0,0.116185,Male,White
0,0,0.115199,Male,White
0,0,0.095919,Male,White
0,0,0.397430,Male,White
1,0,0.440103,Male,Other
0,0,0.004257,Female,Black
0,0,0.004718,Female,Black
0,0,0.123063,Male,White
0,0,0.353707,Male,White
1,0,0.368225,Male,White
1,0,0.397928,Male,White
0,0,0.141345,Male,White
0,0,0.283959,Male,White
1,1,0.655865,Male,White
0,0,0.271278,Male,White
0,0,0.117226,Male,White
0,0,0.086243,Male,White
0,0,0.200583,Female,White
0,0,0.028217,Female,White
0,1,0.710085,Male,White
0,0,0.366190,Male,White
0,0,0.190693,Male,White
0,0,0.039344,Female,White
0,0,0.036996,Female,White
0,0,0.483582,Male,White
0,0,0.067084,Male,Asian-Pac-Islander
0,0,0.060271,Female,White
0,1,0.557911,Male,White
0,0,0.138663,Female,White
0,0,0.185917,Male,White
0,0,0.126795,Male,White
1,0,0.180135,Male,White
1,0,0.489600,Male,Asian-Pac-Islander
0,0,0.018178,Female,White
0,0,0.146874,Male,White
0,0,0.345621,Female,White
0,0,0.158508,Male,White
0,1,0.555529,Male,White
1,0,0.205654,Male,White
1,1,0.851113,Male,White
0,0,0.013233,Female,White
0,0,0.050491,Male,White
0,0,0.071025,Female,White
0,0,0.209782,Male,White
1,0,0.325585,Male,White
1,0,0.266565,Male,White
1,0,0.289361,Male,White
0,0,0.034743,Female,White
0,0,0.280230,Male,White
1,0,0.222981,Male,White
0,0,0.037878,Female,White
1,0,0.364160,Male,White
1,1,0.899894,Male,White
0,1,0.681409,Male,White
0,0,0.039547,Female,White
1,0,0.219961,Male,White
0,0,0.016526,Female,Black
0,0,0.272216,Female,White
0,1,0.609971,Male,White
0,1,0.535547,Male,White
0,0,0.059485,Male,Black
0,0,0.141767,Male,Black
1,0,0.336563,Female,White
0,0,0.116673,Female,White
0,0,0.009788,Female,White
0,0,0.041722,Female,White
0,0,0.035075,Female,White
0,0,0.240655,Male,Asian-Pac-Islander
0,0,0.182694,Male,White
0,0,0.215636,Female,White
0,0,0.132386,Female,White
0,0,0.243903,Male,White
0,0,0.325585,Male,White
0,0,0.351640,Male,White
0,0,0.069297,Male,White
0,0,0.185950,Female,White
1,0,0.365120,Female,White
1,0,0.296835,Male,White
1,1,0.621648,Male,White
0,0,0.332550,Male,White
0,1,0.639369,Male,White
0,0,0.065869,Female,White
0,0,0.039005,Female,Black
0,0,0.165079,Female,White
0,0,0.039547,Female,White
0,0,0.054006,Female,Black
1,0,0.421939,Male,Asian-Pac-Islander
1,1,0.626993,Male,White
1,0,0.243014,Male,White
0,0,0.035819,Male,White
0,0,0.121914,Male,White
1,0,0.427148,Male,White
0,0,0.126795,Male,White
0,0,0.280230,Male,White
0,0,0.189345,Male,White
0,0,0.183246,Female,White
0,0,0.441499,Male,White
0,0,0.063163,Female,White
0,0,0.048590,Female,White
0,0,0.095488,Male,White
0,0,0.120980,Male,White
0,0,0.107825,Male,White
0,0,0.304293,Male,White
1,0,0.255469,Male,White
1,0,0.341690,Male,White
1,0,0.472766,Male,White
0,0,0.213834,Male,White
1,0,0.478205,Female,White
1,0,0.342323,Male,White
0,0,0.161119,Male,White
0,0,0.366120,Male,White
1,1,0.708155,Male,White
0,0,0.287564,Male,White
0,0,0.101842,Female,White
1,0,0.470435,Male,White
0,0,0.026851,Female,Black
0,0,0.055657,Female,White
0,0,0.023235,Female,White
0,0,0.197755,Male,White
0,0,0.088420,Male,White
1,1,0.879184,Male,White
0,0,0.056404,Male,White
0,0,0.083806,Female,White
1,1,0.615058,Male,Black
0,0,0.138399,Male,White
1,0,0.192094,Male,White
0,0,0.090188,Male,Black
0,0,0.334119,Male,White
0,0,0.061810,Female,Black
1,1,0.576438,Male,White
0,0,0.136026,Male,White
0,0,0.108233,Male,White
0,0,0.021706,Female,White
0,0,0.124260,Male,Black
0,0,0.099878,Male,White
0,0,0.011951,Male,White
0,1,0.550867,Male,White
0,0,0.044983,Female,White
1,0,0.197755,Male,White
0,0,0.116207,Female,White
0,0,0.253064,Male,White
1,0,0.162993,Female,White
0,0,0.065043,Male,White
0,0,0.025852,Female,White
0,0,0.072314,Male,White
0,0,0.159102,Female,White
0,0,0.125829,Male,White
0,0,0.282000,Male,White
0,0,0.030513,Female,White
0,0,0.056811,Female,Black
0,0,0.105245,Female,White
0,0,0.118599,Female,White
0,0,0.103090,Female,Black
0,0,0.104382,Female,White
0,0,0.154374,Female,White
1,0,0.199148,Male,White
0,0,0.339656,Male,White
1,0,0.457257,Male,White
1,0,0.325633,Female,White
0,0,0.067340,Female,Black
0,0,0.112214,Male,White
1,0,0.325651,Male,White
0,0,0.103981,Male,White
0,0,0.200132,Male,White
0,0,0.068681,Female,White
0,0,0.020502,Male,White
0,0,0.117687,Female,White
1,0,0.476190,Male,White
0,0,0.108502,Male,Other
0,0,0.271278,Male,White
0,0,0.053822,Female,White
0,0,0.315884,Male,White
0,0,0.058854,Male,White
0,0,0.107825,Male,White
0,0,0.227750,Male,White
0,0,0.118306,Male,White
1,0,0.483952,Male,White
0,0,0.016728,Male,White
1,0,0.244723,Female,White
0,0,0.148612,Female,White
1,0,0.296835,Male,White
0,0,0.162274,Female,White
0,0,0.124625,Male,White
1,0,0.235731,Male,White
0,0,0.083806,Female,White
1,0,0.294886,Male,White
1,0,0.130268,Female,White
0,0,0.185233,Male,White
0,0,0.120891,Female,White
0,0,0.177974,Female,White
1,1,0.741106,Male,Black
0,0,0.028834,Male,White
0,0,0.189391,Male,White
1,0,0.107745,Female,White
0,1,0.706404,Male,White
0,0,0.199148,Male,White
1,0,0.245521,Male,White
0,0,0.276712,Male,White
0,0,0.019620,Male,White
0,0,0.121914,Male,White
0,0,0.033270,Female,White
0,0,0.111572,Male,White
0,0,0.047223,Male,White
0,0,0.120065,Female,White
0,0,0.068681,Female,White
0,0,0.093198,Female,White
0,0,0.131273,Male,White
0,0,0.023978,Male,White
0,0,0.118306,Male,White
0,0,0.072245,Male,White
0,0,0.442690,Male,White
0,0,0.059820,Female,Amer-Indian-Eskimo
0,0,0.142448,Male,White
1,1,0.599254,Male,White
0,0,0.028071,Male,White
1,0,0.199148,Male,White
0,1,0.524380,Male,White
0,0,0.056375,Female,White
0,0,0.029464,Female,White
0,0,0.065855,Male,Black
1,1,0.818411,Male,White
0,0,0.030513,Female,White
0,0,0.060562,Female,White
0,0,0.091679,Female,White
1,0,0.260815,Male,White
0,0,0.250198,Male,White
0,0,0.046525,Female,Black
0,0,0.231241,Male,White
0,1,0.637416,Male,White
0,0,0.472617,Male,White
0,0,0.082775,Male,White
1,1,0.816862,Male,White
0,0,0.032255,Male,White
0,0,0.152581,Male,White
1,0,0.170837,Male,White
1,1,0.790128,Male,White
1,0,0.221467,Male,White
1,1,0.768677,Male,White
0,0,0.110458,Female,White
0,1,0.546678,Male,White
0,0,0.112636,Male,White
0,0,0.080740,Female,White
0,1,0.673494,Male,White
0,0,0.111764,Male,White
0,0,0.470360,Male,White
0,1,0.566642,Male,White
0,0,0.158508,Male,White
0,0,0.449440,Male,White
0,0,0.023590,Female,White
1,1,0.638324,Male,White
0,0,0.130843,Male,White
1,0,0.097096,Female,White
0,0,0.202052,Male,White
0,0,0.356819,Male,White
1,0,0.466625,Female,White
0,0,0.347623,Male,White
0,0,0.391652,Male,White
0,0,0.074040,Female,White
0,0,0.086594,Female,White
0,0,0.326579,Male,Black
0,0,0.061958,Female,White
0,0,0.153756,Male,White
0,1,0.738666,Male,White
1,1,0.782699,Male,White
0,0,0.063414,Female,Black
0,0,0.073716,Male,White
0,1,0.894521,Male,White
0,0,0.046472,Male,Other
1,0,0.262507,Male,White
0,0,0.007705,Female,White
1,0,0.155520,Female,White
0,0,0.271278,Male,White
0,0,0.139215,Male,White
0,0,0.331612,Male,White
0,0,0.222286,Female,White
0,0,0.141831,Female,White
0,0,0.085840,Female,White
0,0,0.152058,Male,Amer-Indian-Eskimo
0,0,0.318598,Male,Black
0,0,0.129280,Female,White
1,1,0.606948,Male,White
0,0,0.242072,Male,White
0,0,0.060820,Female,White
1,1,0.760555,Male,White
0,0,0.027005,Female,White
1,0,0.448171,Male,White
0,0,0.109852,Female,Black
1,0,0.443918,Male,White
0,0,0.111681,Female,Black
0,0,0.059106,Male,White
1,1,0.853375,Male,White
0,0,0.038775,Male,Other
0,0,0.192831,Female,White
0,0,0.465962,Male,White
0,0,0.121914,Male,White
0,0,0.023590,Female,White
0,0,0.243903,Male,White
0,0,0.390574,Male,White
0,0,0.065855,Male,Black
0,0,0.213834,Male,White
0,0,0.304732,Male,Black
0,0,0.099878,Male,White
0,0,0.289361,Male,White
0,0,0.437185,Male,White
1,0,0.493652,Male,White
1,0,0.317779,Male,White
0,0,0.044983,Female,White
0,0,0.023057,Female,Black
0,0,0.065332,Female,White
0,0,0.092836,Male,White
0,0,0.039955,Female,White
1,0,0.428330,Male,White
0,0,0.146345,Male,White
0,0,0.119197,Female,White
0,0,0.180442,Male,White
1,1,0.697914,Male,White
0,0,0.012105,Female,Black
1,1,0.909193,Male,White
0,0,0.060049,Female,White
0,0,0.116293,Male,White
0,0,0.019658,Female,Black
0,0,0.190179,Male,White
1,1,0.699757,Male,White
1,1,0.554410,Male,White
0,0,0.114459,Male,White
0,0,0.289361,Male,White
0,0,0.131325,Male,White
0,0,0.197038,Male,White
0,0,0.289759,Male,White
0,0,0.142448,Male,White
0,0,0.192094,Male,White
1,0,0.269550,Male,White
0,0,0.177281,Male,White
0,0,0.080389,Male,Black
1,0,0.159680,Male,White
1,1,0.564491,Male,White
1,1,0.847090,Male,White
0,0,0.030504,Female,White
0,0,0.032956,Female,Black
0,0,0.425568,Female,White
0,0,0.048590,Female,White
0,0,0.039238,Female,White
0,0,0.211520,Female,White
0,0,0.257644,Male,Asian-Pac-Islander
0,0,0.312956,Male,White
0,0,0.042737,Female,White
0,0,0.189959,Female,White
0,0,0.488514,Male,White
0,0,0.202905,Male,White
0,0,0.096338,Male,White
0,0,0.130843,Male,White
1,0,0.079373,Female,Black
0,0,0.169684,Male,White
0,0,0.164427,Male,White
1,0,0.349850,Male,White
0,0,0.177238,Male,White
0,0,0.077173,Female,White
0,0,0.245521,Male,White
0,0,0.044609,Female,White
0,0,0.022068,Female,White
0,0,0.077460,Male,White
0,0,0.137059,Male,White
1,1,0.778068,Male,White
0,1,0.669830,Male,White
1,1,0.730972,Male,White
1,0,0.490732,Male,Asian-Pac-Islander
0,0,0.039485,Male,White
0,0,0.237312,Male,White
1,0,0.131842,Male,White
1,0,0.306022,Female,White
0,0,0.325467,Female,Black
0,0,0.232644,Male,White
0,0,0.325585,Male,White
0,0,0.019021,Female,White
0,0,0.388033,Male,White
0,0,0.029214,Female,White
0,0,0.047931,Female,Black
0,0,0.044416,Female,White
0,0,0.083806,Female,White
0,0,0.136026,Male,White
0,0,0.201956,Male,White
0,0,0.025620,Female,Asian-Pac-Islander
0,0,0.034601,Female,White
0,0,0.060249,Male,Asian-Pac-Islander
1,0,0.115311,Female,White
1,0,0.178562,Male,White
0,0,0.186851,Male,White
0,0,0.408717,Male,White
0,0,0.008731,Female,White
0,0,0.125796,Male,White
0,0,0.095919,Male,White
0,1,0.651487,Male,Asian-Pac-Islander
0,0,0.012375,Female,White
1,0,0.190739,Male,White
1,0,0.416289,Male,White
0,0,0.153756,Male,White
0,0,0.039215,Female,White
0,0,0.229635,Male,White
0,0,0.295891,Male,White
1,0,0.370714,Male,White
1,0,0.213160,Female,White
0,0,0.104800,Male,White
0,1,0.513338,Male,White
0,0,0.054952,Male,White
0,0,0.076552,Female,White
0,0,0.225381,Female,White
0,0,0.006017,Female,White
0,0,0.261631,Male,White
0,0,0.111764,Male,White
1,0,0.413101,Male,White
0,0,0.079287,Female,White
0,0,0.103981,Male,White
0,0,0.009034,Female,White
0,0,0.157399,Male,Asian-Pac-Islander
0,0,0.305694,Male,White
0,1,0.631079,Male,White
0,0,0.177238,Male,White
0,0,0.087370,Male,Amer-Indian-Eskimo
0,0,0.062187,Female,White
0,0,0.026741,Female,White
0,0,0.042145,Male,White
1,1,0.647644,Male,White
0,0,0.300724,Male,White
0,0,0.351067,Male,White
0,0,0.264205,Male,White
1,0,0.077173,Female,White
0,0,0.084527,Female,White
0,1,0.654256,Male,White
0,0,0.044403,Female,White
0,0,0.327577,Male,White
0,0,0.065314,Female,White
1,0,0.321330,Male,White
1,0,0.375644,Female,White
0,0,0.212226,Female,White
0,0,0.035164,Male,White
0,0,0.373417,Female,White
0,0,0.094945,Male,White
0,0,0.457476,Male,White
0,0,0.442690,Male,White
0,0,0.078103,Female,Black
1,0,0.432881,Male,White
0,0,0.199148,Male,White
0,0,0.010648,Female,Black
0,0,0.140053,Male,White
0,0,0.041457,Female,Asian-Pac-Islander
0,0,0.032984,Female,Asian-Pac-Islander
1,1,0.592705,Male,Asian-Pac-Islander
0,0,0.250617,Male,White
0,0,0.372483,Male,White
1,0,0.443918,Male,White
1,1,0.527045,Male,White
1,1,0.850462,Male,White
0,0,0.349850,Male,White
1,0,0.224502,Male,White
1,1,0.798924,Male,White
0,0,0.246565,Female,White
0,0,0.192925,Male,White
0,0,0.163814,Male,Black
0,0,0.056332,Male,White
1,0,0.227697,Male,White
0,0,0.039386,Female,White
0,0,0.153167,Male,White
0,0,0.098642,Female,White
0,0,0.258003,Male,Black
0,0,0.081772,Male,White
1,0,0.317779,Male,White
1,0,0.165787,Male,White
0,0,0.237351,Female,White
0,0,0.084873,Male,White
1,0,0.465946,Male,White
1,1,0.513188,Male,White
0,0,0.031017,Female,White
0,0,0.163339,Male,White
1,0,0.480357,Male,White
0,0,0.343730,Male,White
0,1,0.723939,Male,White
0,0,0.022717,Male,White
0,0,0.253920,Male,White
0,0,0.360115,Male,White
0,0,0.378714,Male,White
0,0,0.480486,Male,White
1,0,0.397857,Male,White
0,0,0.011347,Female,White
0,0,0.076839,Female,Asian-Pac-Islander
1,0,0.402384,Male,White
1,1,0.540896,Male,White
0,0,0.004357,Female,White
0,0,0.275687,Male,White
0,0,0.356868,Female,White
1,1,0.896624,Male,White
0,0,0.190084,Female,White
1,0,0.153756,Male,White
0,0,0.079744,Male,Black
1,1,0.857205,Male,White
1,0,0.376656,Male,White
0,0,0.037878,Female,White
0,0,0.110348,Male,Black
0,0,0.109081,Male,White
1,0,0.360115,Male,White
1,0,0.206394,Male,White
1,0,0.057863,Female,White
0,1,0.538879,Male,Asian-Pac-Islander
0,0,0.054034,Male,White
0,0,0.076777,Female,Black
0,1,0.546678,Male,White
0,0,0.394822,Male,White
0,0,0.212366,Male,White
1,0,0.374602,Male,White
1,1,0.753924,Male,White
0,0,0.432881,Male,White
1,1,0.644435,Male,White
0,0,0.002169,Female,White
1,0,0.156674,Female,White
0,0,0.100657,Female,Asian-Pac-Islander
0,0,0.195572,Female,White
0,0,0.333622,Male,White
0,0,0.140670,Male,White
1,0,0.178562,Male,White
0,0,0.084873,Male,White
0,0,0.174461,Male,White
0,0,0.104009,Male,White
1,1,0.724650,Male,White
0,0,0.142448,Male,White
1,0,0.248948,Male,White
0,0,0.334571,Female,Asian-Pac-Islander
0,0,0.042737,Female,White
0,1,0.501984,Male,White
0,0,0.122910,Female,White
1,0,0.055199,Female,White
1,1,0.760610,Male,White
0,0,0.078163,Male,White
0,0,0.014396,Female,Black
1,0,0.226182,Male,Asian-Pac-Islander
0,0,0.157205,Male,White
0,0,0.054952,Male,White
0,0,0.125736,Female,Black
0,0,0.146845,Female,White
0,0,0.298666,Male,White
1,0,0.473820,Male,White
1,1,0.752240,Male,White
0,0,0.011632,Female,White
0,0,0.252362,Female,White
0,0,0.271278,Male,White
0,0,0.165787,Male,White
0,0,0.227750,Male,White
1,1,0.788722,Male,White
1,1,0.603986,Male,White
0,1,0.669632,Male,White
1,1,0.672722,Male,Asian-Pac-Islander
1,0,0.381024,Male,White
1,1,0.760555,Male,White
0,0,0.090909,Male,Black
0,0,0.182649,Male,White
0,0,0.178562,Male,White
0,0,0.257453,Male,White
0,0,0.086243,Male,White
0,0,0.183915,Male,White
0,0,0.396597,Male,White
1,0,0.343456,Female,White
1,0,0.441902,Male,White
0,0,0.355780,Male,White
0,0,0.032487,Male,White
0,0,0.219185,Male,White
0,0,0.192094,Male,White
1,1,0.654188,Male,White
0,0,0.107390,Male,White
1,0,0.402340,Male,Asian-Pac-Islander
1,0,0.417390,Male,White
0,0,0.181234,Male,White
1,0,0.395832,Male,White
0,0,0.242087,Male,White
1,1,0.633185,Male,White
0,0,0.103566,Male,White
0,0,0.239372,Female,White
0,0,0.172081,Male,White
0,0,0.235677,Male,White
0,0,0.210905,Male,White
0,0,0.165787,Male,White
0,0,0.053561,Female,Black
1,1,0.633185,Male,White
0,0,0.079744,Male,Black
1,0,0.466149,Male,White
0,0,0.172081,Male,White
0,0,0.006135,Female,Black
0,0,0.165713,Female,White
0,0,0.018436,Female,White
0,0,0.153167,Male,White
1,0,0.212366,Male,White
0,0,0.360115,Male,White
0,0,0.099878,Male,White
0,0,0.125809,Male,Asian-Pac-Islander
0,0,0.431712,Female,White
0,0,0.054297,Male,White
0,1,0.542186,Male,White
0,0,0.243164,Female,White
0,0,0.177281,Male,White
0,0,0.226109,Male,White
0,0,0.131264,Female,White
0,0,0.082764,Male,White
0,0,0.439964,Male,White
1,1,0.727293,Male,White
0,0,0.081017,Male,White
0,0,0.054936,Male,White
0,0,0.443733,Male,White
0,0,0.159680,Male,White
0,0,0.156753,Female,White
0,0,0.146243,Male,White
0,0,0.135833,Female,White
0,0,0.353403,Male,White
0,0,0.182604,Male,White
0,0,0.283990,Male,White
0,1,0.741163,Male,Black
1,0,0.134878,Male,White
0,0,0.038522,Female,White
0,0,0.158468,Male,White
1,0,0.102653,Male,Black
1,0,0.389318,Male,White
1,0,0.269550,Male,White
0,1,0.544433,Male,White
1,0,0.498625,Male,White
1,0,0.249503,Male,White
0,0,0.199148,Male,White
0,0,0.203492,Male,White
1,0,0.056661,Male,White
0,0,0.192094,Male,White
0,0,0.125809,Male,Asian-Pac-Islander
0,0,0.043250,Male,White
0,0,0.095553,Male,White
0,0,0.116759,Male,White
0,0,0.185233,Male,White
0,1,0.609971,Male,White
0,1,0.530852,Male,White
0,0,0.486064,Male,White
0,0,0.319811,Male,White
1,1,0.534143,Male,White
0,0,0.027081,Female,Black
0,0,0.252265,Male,White
1,1,0.758957,Male,White
0,1,0.598166,Male,White
1,0,0.375644,Female,White
1,0,0.131842,Male,White
0,0,0.081478,Male,White
0,0,0.144601,Male,White
1,0,0.045178,Female,White
0,0,0.422957,Female,White
0,0,0.274458,Male,White
0,0,0.066480,Male,White
0,0,0.082285,Male,Black
0,0,0.227750,Male,White
1,0,0.052907,Female,White
0,0,0.145465,Female,White
0,0,0.026397,Female,Black
0,0,0.091636,Male,White
0,0,0.102701,Female,White
0,0,0.049777,Female,White
1,0,0.252265,Male,White
0,0,0.126295,Male,White
0,0,0.067131,Male,Black
1,0,0.405438,Male,White
0,0,0.044037,Male,White
0,0,0.038036,Male,White
1,0,0.468403,Male,White
0,0,0.115227,Female,White
0,0,0.057802,Male,Black
0,0,0.187155,Male,White
0,1,0.655528,Male,White
1,0,0.136524,Male,White
0,0,0.159680,Male,White
0,0,0.107745,Female,White
0,0,0.044609,Female,White
0,0,0.016554,Female,White
0,0,0.467276,Male,White
1,0,0.229294,Male,White
0,0,0.276592,Male,White
0,0,0.190726,Female,White
0,0,0.083731,Male,Black
0,0,0.086196,Male,White
0,0,0.443844,Male,White
1,1,0.759730,Male,White
0,0,0.245521,Male,White
1,0,0.435106,Male,White
0,0,0.086869,Female,Black
0,0,0.192128,Female,White
0,0,0.074020,Female,White
0,0,0.069263,Female,White
0,0,0.122151,Female,White
0,0,0.236586,Female,White
0,0,0.015228,Female,Amer-Indian-Eskimo
0,1,0.569808,Male,White
0,0,0.064462,Female,Black
0,0,0.095090,Female,Black
0,0,0.153732,Male,Asian-Pac-Islander
0,1,0.567680,Male,White
0,0,0.469307,Male,White
1,0,0.245879,Male,White
0,0,0.121914,Male,White
0,0,0.049406,Female,Black
1,0,0.479580,Male,White
1,1,0.747227,Male,White
0,0,0.115773,Female,White
0,1,0.519936,Male,White
0,0,0.084859,Male,Asian-Pac-Islander
0,0,0.228585,Female,White
1,0,0.397928,Male,White
1,0,0.051119,Female,Asian-Pac-Islander
0,0,0.217526,Male,White
0,0,0.343527,Male,White
0,0,0.441499,Male,White
0,0,0.070139,Male,White
1,0,0.080427,Female,White
1,1,0.640412,Male,White
0,0,0.324705,Female,White
0,0,0.131842,Male,White
0,0,0.119852,Female,Black
1,0,0.315884,Male,White
1,0,0.448320,Male,White
0,0,0.245521,Male,White
0,0,0.262507,Male,White
0,0,0.045926,Female,Black
0,0,0.214210,Male,White
0,0,0.050088,Male,White
0,0,0.238171,Female,White
0,0,0.073155,Female,White
0,0,0.307438,Male,Amer-Indian-Eskimo
0,0,0.112131,Female,White
0,0,0.202624,Female,White
0,0,0.011520,Female,Asian-Pac-Islander
0,0,0.029934,Female,White
1,1,0.562005,Male,White
0,0,0.012266,Female,Black
0,1,0.666886,Male,White
0,0,0.269491,Male,White
0,0,0.067607,Female,White
0,1,0.537575,Male,White
1,0,0.091840,Female,White
1,1,0.579751,Male,White
0,0,0.036278,Female,White
1,1,0.784235,Male,White
0,0,0.074921,Male,White
0,0,0.077460,Male,White
0,0,0.252209,Male,White
0,0,0.481541,Male,White
1,1,0.745440,Male,White
0,1,0.572099,Female,White
0,0,0.262507,Male,White
0,0,0.131842,Male,White
0,0,0.077173,Female,White
0,0,0.329740,Male,White
0,0,0.182604,Male,White
0,0,0.003660,Female,White
0,0,0.185233,Male,White
1,0,0.252265,Male,White
0,0,0.276712,Male,White
0,0,0.336582,Male,White
0,0,0.190693,Male,White
0,0,0.353319,Male,White
0,0,0.046312,Female,Black
0,0,0.088420,Male,White
0,0,0.206394,Male,White
0,0,0.090025,Male,White
1,0,0.306277,Male,White
0,0,0.025409,Male,White
0,0,0.016308,Female,Amer-Indian-Eskimo
1,0,0.368225,Male,White
0,0,0.251145,Female,White
1,1,0.594716,Male,White
0,0,0.170794,Male,White
0,0,0.329556,Female,White
0,0,0.388241,Male,Black
0,0,0.058758,Female,Black
0,0,0.159680,Male,White
0,0,0.199148,Male,White
1,0,0.197755,Male,White
1,0,0.497606,Male,White
0,0,0.241407,Male,White
0,0,0.136026,Male,White
0,0,0.300724,Male,White
1,1,0.546678,Male,White
0,1,0.889743,Male,White
0,0,0.037809,Male,White
0,0,0.088013,Female,White
0,0,0.148012,Male,White
1,0,0.172081,Male,White
0,0,0.013489,Female,White
0,0,0.014452,Female,White
0,0,0.035674,Male,White
0,0,0.215636,Male,White
1,1,0.950246,Male,White
0,0,0.153756,Male,White
0,0,0.025746,Female,White
0,0,0.042118,Female,White
0,0,0.037038,Male,White
0,0,0.044647,Female,White
0,0,0.226902,Male,White
0,0,0.381024,Male,White
1,0,0.214119,Male,Black
1,1,0.727985,Male,White
0,0,0.219248,Female,White
0,0,0.004884,Female,White
0,0,0.110153,Male,White
1,0,0.137059,Male,White
0,0,0.171995,Male,White
0,0,0.040556,Female,White
1,1,0.798924,Male,White
1,0,0.092816,Female,Black
0,0,0.018518,Female,White
0,0,0.130714,Female,Black
0,0,0.024188,Female,Black
0,0,0.305252,Male,White
0,0,0.421780,Female,White
1,0,0.158508,Male,White
1,0,0.467276,Male,White
1,0,0.388364,Female,White
0,0,0.226940,Female,White
0,0,0.088420,Male,White
0,0,0.081061,Male,Black
0,0,0.029934,Female,White
0,0,0.046559,Female,White
0,0,0.260815,Male,White
0,1,0.663066,Male,White
0,0,0.017874,Male,White
0,0,0.331679,Male,White
0,0,0.040940,Female,White
0,0,0.091679,Female,White
1,0,0.253920,Male,White
0,0,0.389440,Female,White
0,0,0.015397,Female,White
0,0,0.300724,Male,White
1,0,0.289361,Male,White
0,0,0.089872,Female,White
0,0,0.146278,Female,White
1,0,0.365742,Male,White
1,1,0.568747,Male,Asian-Pac-Islander
0,0,0.083806,Female,White
0,0,0.006450,Female,White
0,0,0.039487,Female,Black
0,0,0.065056,Female,White
0,0,0.248892,Male,White
0,0,0.243069,Male,White
0,1,0.681572,Male,White
0,0,0.022579,Female,White
1,0,0.197755,Male,White
0,0,0.126702,Female,Black
0,0,0.304733,Male,White
0,0,0.151938,Male,White
0,0,0.034153,Male,White
0,0,0.053351,Male,Black
0,0,0.110711,Female,Black
0,0,0.126795,Male,White
0,0,0.103510,Female,White
0,0,0.101849,Male,Black
0,0,0.229934,Male,Black
0,0,0.112636,Male,White
0,1,0.506212,Male,White
0,0,0.465742,Male,White
0,0,0.267771,Male,White
0,0,0.095919,Male,White
0,0,0.467126,Male,White
1,0,0.117195,Male,White
0,0,0.063150,Male,Black
0,0,0.121914,Male,White
0,0,0.053240,Female,Amer-Indian-Eskimo
1,0,0.366120,Male,White
1,0,0.183915,Male,White
0,0,0.042733,Female,Asian-Pac-Islander
0,0,0.098596,Male,Black
0,0,0.199456,Male,White
1,1,0.755600,Male,White
0,0,0.360115,Male,White
1,0,0.052234,Male,White
0,0,0.119852,Female,Black
0,0,0.165787,Male,White
1,1,0.847032,Male,White
0,0,0.182830,Male,Amer-Indian-Eskimo
1,0,0.243903,Male,White
0,0,0.052907,Female,White
1,1,0.516355,Male,Black
0,0,0.317779,Male,White
1,0,0.234862,Male,White
1,1,0.657839,Male,White
0,0,0.179259,Female,White
0,0,0.129222,Male,White
1,1,0.669565,Male,White
0,0,0.048590,Female,White
0,1,0.557763,Male,White
0,0,0.033280,Female,White
1,0,0.281188,Female,White
0,0,0.084481,Female,White
0,0,0.174504,Female,White
0,0,0.395689,Male,White
1,1,0.798972,Male,White
0,0,0.400028,Male,White
1,0,0.198461,Female,White
0,0,0.163917,Male,White
0,0,0.223700,Female,White
0,1,0.671764,Male,White
0,0,0.116262,Male,White
1,0,0.437185,Male,White
0,0,0.170837,Male,White
1,0,0.411302,Male,White
0,0,0.268660,Male,White
0,0,0.019111,Female,White
1,1,0.663828,Male,White
0,0,0.036239,Male,White
1,1,0.697046,Male,Asian-Pac-Islander
0,0,0.185233,Male,White
0,0,0.244684,Male,White
0,0,0.060579,Female,White
0,0,0.149647,Female,White
1,1,0.630094,Male,White
1,0,0.189391,Male,White
1,0,0.195245,Female,White
0,0,0.108367,Female,Black
0,0,0.250617,Male,White
1,1,0.663828,Male,White
0,1,0.655577,Male,White
1,0,0.046312,Female,Black
0,0,0.189662,Female,White
0,0,0.221467,Male,White
0,0,0.237312,Male,White
0,0,0.035973,Female,White
0,0,0.080724,Male,White
0,0,0.085602,Male,White
0,0,0.177128,Male,White
0,0,0.004667,Female,White
0,0,0.065332,Female,White
1,0,0.165787,Male,White
0,0,0.085269,Male,Other
1,0,0.377700,Female,White
1,0,0.253920,Male,White
0,1,0.545444,Male,White
1,0,0.235677,Male,White
0,0,0.231188,Male,White
0,0,0.191230,Male,White
0,1,0.659976,Male,White
0,0,0.100800,Female,Black
1,0,0.459431,Male,White
1,0,0.108670,Male,White
0,0,0.058838,Male,White
0,0,0.348904,Male,White
0,0,0.269550,Male,White
0,0,0.147375,Female,White
1,0,0.177281,Male,White
1,0,0.177899,Male,White
1,0,0.456134,Male,White
0,0,0.041285,Female,White
1,0,0.458307,Male,White
0,0,0.253062,Male,Black
1,0,0.229294,Male,White
0,0,0.109043,Female,White
0,0,0.296835,Male,White
0,1,0.615200,Male,Black
0,0,0.109926,Female,White
0,0,0.009151,Female,Black
0,0,0.130843,Male,White
0,0,0.071838,Male,White
0,0,0.095405,Female,White
0,0,0.070991,Male,Black
0,0,0.043471,Female,White
0,0,0.106073,Female,White
0,0,0.180595,Female,White
0,0,0.391652,Male,White
1,1,0.678682,Male,White
0,0,0.078275,Female,White
0,0,0.254722,Male,White
0,0,0.251412,Male,White
0,0,0.300504,Male,White
0,0,0.311076,Male,White
0,0,0.031560,Male,White
0,0,0.112636,Male,White
0,0,0.267624,Male,White
0,0,0.070713,Male,White
0,0,0.260757,Male,White
0,0,0.117687,Female,White
0,0,0.337527,Male,White
1,1,0.547705,Female,White
0,0,0.357858,Male,White
1,1,0.817106,Male,White
0,0,0.497456,Male,White
0,0,0.306277,Male,White
0,0,0.040940,Female,White
0,0,0.314679,Male,Black
0,0,0.044983,Female,White
1,0,0.347623,Male,White
0,0,0.202637,Male,Black
0,0,0.094996,Male,White
0,0,0.161548,Male,Black
0,0,0.463896,Male,White
0,0,0.026397,Female,Black
1,1,0.775029,Male,White
1,0,0.269550,Male,White
0,0,0.236532,Female,White
0,0,0.056092,Male,Black
1,0,0.482248,Male,White
0,0,0.054952,Male,White
1,1,0.500852,Male,White
0,0,0.324723,Male,White
0,0,0.243069,Male,White
0,0,0.276652,Male,White
0,0,0.333489,Male,White
0,0,0.037718,Female,Asian-Pac-Islander
0,0,0.068681,Female,White
1,1,0.681637,Male,White
0,0,0.182694,Male,White
0,0,0.081392,Female,Black
1,1,0.647781,Male,White
0,0,0.130843,Male,White
0,0,0.175489,Female,White
0,0,0.030504,Female,White
0,0,0.103510,Female,White
0,0,0.099878,Male,White
1,0,0.101455,Female,White
0,0,0.050705,Female,White
0,0,0.296835,Male,White
0,0,0.461586,Female,White
0,0,0.025811,Female,White
1,0,0.127321,Female,White
0,0,0.018518,Female,White
0,0,0.095090,Female,Black
0,0,0.033416,Female,White
0,0,0.057584,Female,White
0,0,0.027177,Female,White
0,0,0.448171,Male,White
0,0,0.004016,Female,White
1,1,0.778068,Male,White
0,0,0.280291,Male,White
0,0,0.396844,Male,White
0,0,0.048996,Female,White
0,0,0.017271,Male,White
0,0,0.082775,Male,White
0,0,0.257510,Male,White
1,0,0.315884,Male,White
0,0,0.048073,Female,Other
0,0,0.327624,Female,White
0,0,0.057110,Female,White
0,0,0.019197,Female,White
0,0,0.327577,Male,White
0,0,0.116673,Female,White
0,1,0.591056,Male,Asian-Pac-Islander
1,0,0.251412,Male,White
0,0,0.350827,Female,White
0,0,0.197755,Male,White
0,0,0.078163,Male,White
0,0,0.025269,Female,Black
0,1,0.568791,Male,White
0,0,0.022369,Male,White
1,1,0.795782,Male,White
0,0,0.029335,Female,White
0,0,0.224606,Male,White
0,0,0.359072,Male,White
1,1,0.724710,Male,White
0,0,0.037208,Female,White
1,1,0.600341,Male,White
0,1,0.526294,Male,Asian-Pac-Islander
0,0,0.410709,Male,White
1,0,0.213921,Female,White
1,0,0.156116,Female,White
0,0,0.235731,Male,White
0,0,0.019231,Male,Black
0,0,0.498979,Male,White
0,0,0.019876,Female,White
0,0,0.393740,Male,White
0,0,0.058513,Male,Black
0,0,0.160357,Female,White
0,0,0.019599,Female,Black
0,0,0.090561,Male,White
0,1,0.507267,Male,Black
0,0,0.130809,Male,White
0,0,0.154645,Female,White
0,1,0.523117,Female,White
0,0,0.053205,Male,White
1,0,0.204915,Male,White
0,0,0.019512,Female,Black
1,0,0.277499,Male,White
1,0,0.245521,Male,White
0,0,0.103071,Male,White
0,0,0.145124,Male,White
0,0,0.387238,Male,White
1,1,0.784511,Male,White
0,0,0.196511,Male,White
0,1,0.638150,Male,Black
0,0,0.458307,Male,White
1,0,0.317779,Male,White
0,0,0.051984,Female,White
1,0,0.163814,Male,Black
0,0,0.268452,Male,Black
0,0,0.095116,Female,White
0,0,0.030513,Female,White
0,0,0.446060,Female,White
0,0,0.412112,Male,White
1,0,0.490777,Male,White
0,0,0.102766,Male,Amer-Indian-Eskimo
0,0,0.045981,Female,Amer-Indian-Eskimo
0,0,0.227697,Male,White
0,0,0.116293,Male,White
1,0,0.126795,Male,White
0,0,0.243903,Male,White
0,0,0.271278,Male,White
0,0,0.032226,Female,Black
1,1,0.750683,Male,Asian-Pac-Islander
1,1,0.689349,Male,White
1,0,0.096408,Female,White
1,0,0.122922,Female,Asian-Pac-Islander
1,1,0.590633,Male,White
0,0,0.006169,Female,White
0,0,0.108233,Male,White
0,0,0.430549,Male,White
0,0,0.448097,Male,White
0,0,0.356868,Female,White
0,0,0.189391,Male,White
0,0,0.054936,Male,White
1,1,0.572935,Male,White
1,1,0.546678,Male,White
0,0,0.200596,Male,White
0,0,0.241203,Male,White
0,0,0.490777,Male,White
0,0,0.019620,Male,White
0,0,0.034743,Female,White
0,0,0.011184,Female,White
1,0,0.468403,Male,White
0,1,0.802584,Male,White
1,0,0.414308,Male,White
0,0,0.197755,Male,White
0,0,0.164580,Male,White
0,0,0.071025,Female,White
1,0,0.166444,Female,White
1,0,0.090952,Female,White
0,0,0.092749,Male,White
0,0,0.146845,Female,White
0,0,0.137621,Female,White
0,0,0.062647,Female,White
0,0,0.069297,Male,White
1,0,0.146912,Male,White
0,0,0.015722,Male,White
1,1,0.643218,Male,Asian-Pac-Islander
0,0,0.103981,Male,White
1,0,0.212366,Male,White
0,0,0.129212,Female,White
1,1,0.631079,Male,White
1,0,0.360115,Male,White
0,0,0.219961,Male,White
0,0,0.082605,Male,Black
0,0,0.088013,Female,White
1,0,0.131842,Male,White
0,0,0.427841,Male,White
0,0,0.234157,Male,White
0,0,0.262507,Male,White
0,0,0.159680,Male,White
0,0,0.241364,Female,White
0,0,0.059465,Female,White
0,0,0.152512,Female,White
1,1,0.708217,Male,White
0,0,0.495080,Male,White
1,0,0.269550,Male,White
0,0,0.038180,Male,Black
0,0,0.257396,Male,White
1,1,0.691285,Male,White
0,0,0.022450,Female,White
1,1,0.501984,Male,White
1,0,0.228547,Male,White
0,0,0.005661,Male,Black
0,0,0.037091,Male,Asian-Pac-Islander
1,0,0.065869,Female,White
0,0,0.333556,Male,White
1,1,0.504023,Male,White
0,0,0.012088,Male,Other
0,0,0.210805,Male,White
1,1,0.643534,Male,White
0,0,0.351776,Male,White
1,0,0.177238,Male,White
0,0,0.012545,Male,White
1,0,0.116673,Female,White
0,0,0.015252,Female,White
0,0,0.294886,Male,White
0,1,0.647678,Male,White
0,0,0.044647,Female,White
0,0,0.099477,Female,White
0,0,0.417515,Female,White
0,0,0.410834,Male,White
0,0,0.169516,Male,White
1,1,0.576040,Male,White
0,0,0.013773,Female,Black
0,0,0.105616,Female,White
1,0,0.083419,Male,White
1,1,0.620582,Male,White
0,0,0.446081,Male,White
0,0,0.338588,Female,White
1,1,0.620653,Male,White
0,0,0.058061,Female,White
1,0,0.364091,Male,White
0,0,0.047202,Female,White
0,0,0.226859,Female,Black
0,0,0.027461,Female,White
1,1,0.686497,Male,White
0,0,0.077173,Female,White
0,0,0.017984,Female,White
0,0,0.030513,Female,White
0,0,0.138062,Male,White
0,0,0.158396,Female,Black
0,0,0.172081,Male,White
0,0,0.395832,Male,White
0,0,0.131842,Male,White
0,1,0.519749,Male,White
1,0,0.370509,Male,White
1,0,0.271278,Male,White
0,0,0.226213,Male,White
1,0,0.266057,Male,White
0,0,0.122422,Female,White
1,0,0.013546,Female,White
0,0,0.294949,Male,White
0,0,0.053347,Female,White
0,0,0.383091,Male,White
1,0,0.249711,Male,White
0,1,0.531978,Male,Black
0,0,0.031858,Female,White
1,0,0.382493,Male,White
0,0,0.053347,Female,White
0,0,0.005421,Female,White
0,0,0.058077,Female,White
0,0,0.177281,Male,White
0,0,0.364160,Male,White
0,0,0.250505,Male,White
0,0,0.067817,Female,White
0,0,0.091956,Female,Black
1,1,0.631149,Male,White
0,0,0.031419,Female,Black
0,0,0.052040,Male,White
1,1,0.745569,Male,White
1,1,0.691285,Male,White
0,0,0.037491,Female,White
0,0,0.108233,Male,White
0,0,0.099878,Male,White
1,1,0.690564,Male,Asian-Pac-Islander
0,1,0.644485,Male,White
0,0,0.267830,Male,White
1,0,0.405510,Male,White
0,0,0.243903,Male,White
0,0,0.340672,Male,White
1,1,0.600341,Male,White
0,0,0.261672,Female,White
0,0,0.125273,Female,White
1,0,0.296773,Male,White
1,1,0.806736,Male,White
0,0,0.453686,Male,White
0,0,0.153756,Male,White
1,1,0.575405,Male,White
0,0,0.025625,Female,White
0,0,0.474858,Male,White
0,1,0.653710,Male,Asian-Pac-Islander
0,0,0.138804,Female,White
0,0,0.346442,Female,White
1,0,0.329001,Male,White
1,0,0.326580,Male,White
1,1,0.501909,Male,White
1,0,0.294949,Male,White
0,0,0.065869,Female,White
0,0,0.003660,Female,White
1,1,0.511001,Male,White
0,0,0.113111,Female,White
1,0,0.445036,Male,White
0,0,0.027332,Female,Black
0,0,0.159073,Male,White
0,0,0.011237,Female,White
0,0,0.160508,Male,White
0,0,0.304497,Female,White
1,1,0.673758,Male,White
1,0,0.453701,Male,Black
0,0,0.235221,Female,White
0,0,0.196322,Male,White
0,0,0.062535,Male,White
0,0,0.194117,Male,Black
1,0,0.246401,Female,White
0,0,0.468403,Male,White
0,1,0.537554,Female,White
1,0,0.164580,Male,White
0,0,0.023590,Female,White
0,0,0.319909,Male,White
1,0,0.077173,Female,White
0,0,0.046926,Female,White
0,0,0.080427,Female,White
1,1,0.612123,Male,White
0,0,0.232644,Male,White
0,0,0.065869,Female,White
0,0,0.263859,Male,White
1,0,0.252209,Male,White
0,0,0.063401,Male,White
0,0,0.083806,Female,White
1,0,0.304356,Male,White
0,1,0.612123,Male,White
0,0,0.028802,Female,Black
0,0,0.301863,Male,White
0,0,0.131243,Female,Asian-Pac-Islander
0,0,0.148012,Male,White
0,0,0.367291,Female,White
1,1,0.718251,Male,White
1,0,0.177238,Male,White
0,0,0.099878,Male,White
1,0,0.138430,Male,Other
0,0,0.070489,Female,White
1,1,0.524380,Male,White
0,0,0.468403,Male,White
0,0,0.032348,Female,Other
0,0,0.139107,Male,Black
0,0,0.226213,Male,White
1,1,0.661804,Male,White
0,0,0.216895,Male,White
0,0,0.048982,Female,White
0,0,0.023694,Female,White
0,0,0.192128,Female,White
0,0,0.136026,Male,White
1,0,0.375644,Female,White
1,1,0.671764,Male,White
0,0,0.308141,Male,White
0,0,0.116728,Male,White
0,0,0.117687,Female,White
0,0,0.092101,Male,White
0,0,0.017271,Male,White
0,1,0.613742,Male,White
0,1,0.566495,Male,White
1,1,0.629920,Male,White
1,0,0.165787,Male,White
0,0,0.050019,Female,Black
0,0,0.130809,Male,White
0,0,0.030504,Female,White
1,0,0.144078,Male,White
1,1,0.784184,Male,White
0,0,0.111262,Female,White
0,0,0.148012,Male,White
0,0,0.063163,Female,White
0,0,0.063683,Female,White
0,0,0.074921,Male,White
0,0,0.213935,Male,White
0,0,0.160476,Female,White
1,1,0.659774,Male,White
0,0,0.165192,Female,White
0,0,0.026168,Male,White
0,0,0.042962,Female,White
0,0,0.137621,Female,White
1,0,0.252265,Male,White
0,0,0.237312,Male,White
0,0,0.183236,Male,White
0,0,0.406458,Male,White
0,0,0.099851,Male,White
1,1,0.729687,Male,White
0,0,0.045374,Female,White
0,0,0.235731,Male,White
1,0,0.131842,Male,White
0,0,0.058281,Female,White
0,0,0.074643,Female,White
1,0,0.367291,Female,White
0,0,0.455011,Male,White
0,0,0.123703,Female,White
0,0,0.413028,Male,White
0,0,0.338588,Female,White
0,0,0.122399,Male,White
0,0,0.067304,Female,White
0,0,0.040556,Female,White
0,0,0.013347,Female,White
1,0,0.432187,Male,White
0,0,0.215636,Male,White
1,1,0.621648,Male,White
1,1,0.669764,Male,White
0,0,0.211434,Male,Black
0,0,0.047791,Male,White
1,1,0.661871,Male,White
1,0,0.457257,Male,White
0,0,0.022894,Female,White
1,1,0.700707,Male,White
0,0,0.234157,Male,White
0,0,0.012162,Female,White
0,0,0.020775,Female,White
1,0,0.267830,Male,White
0,0,0.139002,Male,White
0,0,0.207832,Male,White
0,0,0.148012,Male,White
0,0,0.078392,Male,Black
0,0,0.004400,Female,White
0,0,0.136026,Male,White
0,0,0.401252,Male,Asian-Pac-Islander
0,0,0.212316,Male,White
1,0,0.132352,Female,White
0,0,0.100285,Male,White
0,0,0.063432,Female,White
0,0,0.095020,Female,White
0,0,0.402187,Male,White
0,0,0.004357,Female,White
0,0,0.402384,Male,White
1,0,0.364091,Male,White
0,0,0.052055,Male,White
0,0,0.364160,Male,White
0,0,0.009752,Female,Black
1,0,0.434140,Male,White
1,0,0.329049,Female,White
0,0,0.010753,Female,White
0,0,0.319909,Male,White
1,0,0.435106,Male,White
1,0,0.084481,Female,White
1,0,0.192174,Male,White
0,0,0.025746,Female,White
0,0,0.237312,Male,White
0,0,0.261730,Female,White
1,0,0.371565,Male,White
0,0,0.192094,Male,White
0,0,0.145650,Male,White
0,0,0.110711,Female,Black
0,0,0.132386,Female,White
0,0,0.237312,Male,White
0,0,0.115773,Female,White
1,0,0.465051,Male,Asian-Pac-Islander
0,0,0.121914,Male,White
0,0,0.095919,Male,White
1,0,0.437259,Male,White
0,1,0.937421,Male,White
0,0,0.060242,Male,White
0,0,0.034743,Female,White
1,1,0.642495,Male,White
0,0,0.454532,Male,White
1,0,0.211434,Male,Black
1,1,0.544210,Male,White
1,0,0.433993,Male,White
0,0,0.088420,Male,White
0,0,0.178202,Male,Black
0,1,0.700770,Male,White
0,1,0.794258,Male,White
0,0,0.046546,Female,White
1,0,0.143521,Male,White
0,0,0.044371,Female,Black
0,0,0.058513,Male,Black
1,1,0.726394,Male,White
0,0,0.019170,Male,Black
0,0,0.202808,Male,White
0,0,0.030504,Female,White
1,1,0.753291,Male,White
0,0,0.286637,Male,White
0,0,0.121914,Male,White
0,0,0.023363,Female,White
1,1,0.752296,Male,White
0,0,0.003075,Female,White
0,0,0.067271,Male,White
0,0,0.098642,Female,White
0,0,0.267771,Male,White
0,0,0.167044,Male,White
0,0,0.025514,Male,White
0,1,0.700770,Male,White
0,0,0.145687,Male,White
1,0,0.321621,Male,White
0,0,0.397885,Male,Asian-Pac-Islander
0,0,0.039690,Female,Black
0,0,0.293946,Male,White
0,1,0.553106,Male,White
1,1,0.663828,Male,White
0,0,0.054445,Male,White
0,0,0.117687,Female,White
1,1,0.631149,Male,White
0,0,0.103981,Male,White
0,0,0.123889,Female,White
0,0,0.140705,Male,Black
0,0,0.058844,Male,Asian-Pac-Islander
0,0,0.048590,Female,White
0,0,0.219961,Male,White
0,0,0.019620,Male,White
1,0,0.139143,Female,White
0,0,0.015782,Male,Black
0,0,0.042320,Male,White
0,0,0.038180,Male,Black
0,0,0.019027,Female,White
0,0,0.029440,Male,Black
0,0,0.034718,Female,Black
0,1,0.506212,Male,White
0,0,0.495080,Male,White
1,1,0.829812,Male,White
0,0,0.427148,Male,White
1,1,0.711884,Male,White
0,0,0.030116,Male,White
0,0,0.165787,Male,White
0,0,0.099905,Male,White
0,0,0.285712,Male,White
1,0,0.089514,Female,White
0,0,0.003828,Female,White
0,0,0.239669,Male,Black
0,1,0.567680,Male,White
0,0,0.010206,Male,White
1,0,0.360387,Male,White
0,0,0.498692,Male,Asian-Pac-Islander
0,0,0.014654,Male,White
0,0,0.249514,Male,Black
0,0,0.113506,Female,White
0,0,0.008528,Female,Black
1,0,0.370509,Male,White
0,0,0.262507,Male,White
0,0,0.018197,Female,White
1,1,0.525285,Male,White
1,0,0.254555,Male,White
0,0,0.159680,Male,White
0,0,0.276712,Male,White
0,0,0.374532,Male,White
0,0,0.110348,Male,Black
1,0,0.166419,Female,Asian-Pac-Islander
1,0,0.381024,Male,White
0,0,0.151966,Female,White
0,0,0.177974,Female,White
0,0,0.006167,Female,White
1,0,0.297764,Female,White
0,0,0.219005,Male,Black
0,0,0.476913,Male,White
0,0,0.051984,Female,White
0,0,0.193952,Female,Black
1,0,0.192094,Male,White
0,1,0.559775,Male,White
0,0,0.229294,Male,White
0,0,0.212316,Male,White
0,1,0.601499,Male,White
0,0,0.027103,Male,White
0,0,0.259245,Male,White
1,0,0.235677,Male,White
1,1,0.632063,Male,White
0,0,0.044609,Female,White
0,0,0.062647,Female,White
0,0,0.370299,Male,White
0,0,0.109658,Female,White
0,0,0.323666,Male,White
0,0,0.051846,Female,White
0,0,0.226161,Male,White
1,0,0.433171,Male,White
1,0,0.157834,Female,White
0,0,0.260583,Male,Black
0,0,0.024856,Female,White
0,0,0.280230,Male,White
0,0,0.023583,Female,White
0,0,0.190739,Male,White
0,0,0.047841,Female,White
0,0,0.228494,Male,White
0,0,0.029829,Female,Black
1,0,0.168804,Female,White
0,0,0.149475,Male,Other
0,0,0.038721,Male,White
0,0,0.119877,Male,Black
0,0,0.252961,Female,Black
0,0,0.219961,Male,White
0,0,0.152511,Female,Black
0,0,0.095116,Female,White
0,0,0.041086,Male,White
0,0,0.203541,Male,White
0,1,0.542261,Male,White
0,0,0.065056,Female,White
1,0,0.159680,Male,White
0,0,0.112636,Male,White
0,0,0.031635,Male,White
0,0,0.027833,Male,White
0,0,0.021706,Female,White
0,0,0.106906,Female,White
0,0,0.090419,Female,White
1,0,0.185233,Male,White
0,0,0.040754,Male,White
0,0,0.204877,Female,White
0,0,0.086953,Female,White
0,0,0.250617,Male,White
0,0,0.027961,Female,White
1,0,0.278468,Male,White
1,0,0.406530,Male,White
0,0,0.195656,Male,White
0,0,0.054244,Female,Amer-Indian-Eskimo
0,0,0.118104,Male,White
1,1,0.702665,Male,White
1,1,0.824367,Male,White
0,0,0.378913,Male,Amer-Indian-Eskimo
0,0,0.143028,Female,White
0,0,0.069286,Male,Asian-Pac-Islander
1,1,0.513188,Male,White
1,1,0.952936,Male,White
0,0,0.064512,Male,White
0,0,0.073675,Male,White
0,0,0.205689,Female,White
1,1,0.629038,Male,White
0,0,0.278451,Female,White
0,0,0.074921,Male,White
0,0,0.111262,Female,White
1,0,0.195490,Male,Black
0,1,0.836232,Male,White
0,1,0.864172,Male,White
0,0,0.060977,Female,White
0,0,0.310235,Male,White
0,0,0.119518,Female,White
0,0,0.020502,Male,White
1,1,0.777427,Male,White
0,0,0.103510,Female,White
1,0,0.098168,Female,White
0,0,0.095919,Male,White
0,0,0.214633,Female,White
0,0,0.026405,Female,White
0,0,0.149365,Male,White
1,1,0.533368,Male,White
1,0,0.042903,Female,Asian-Pac-Islander
0,0,0.187982,Male,White
0,0,0.156565,Male,Black
0,0,0.371390,Male,White
0,1,0.588405,Male,White
0,0,0.204964,Male,White
0,0,0.068814,Female,White
0,0,0.062382,Female,White
0,0,0.245521,Male,White
0,0,0.192001,Female,White
0,0,0.117524,Male,Black
0,0,0.297655,Male,Black
0,0,0.041434,Female,Black
0,0,0.028670,Male,Black
0,0,0.141831,Female,White
0,0,0.090627,Male,Black
0,0,0.170837,Male,White
1,0,0.167312,Male,White
0,0,0.481766,Male,White
1,1,0.565271,Male,Black
0,0,0.026873,Male,White
0,0,0.245521,Male,White
0,0,0.141382,Male,White
0,0,0.479467,Male,White
1,0,0.077799,Female,White
0,0,0.080427,Female,White
0,0,0.218411,Male,White
1,1,0.867849,Male,White
0,0,0.310235,Male,White
0,0,0.055657,Female,White
1,0,0.310914,Male,Black
0,0,0.026130,Female,White
0,0,0.148584,Male,White
1,0,0.150841,Female,White
0,0,0.075308,Male,White
0,0,0.286409,Male,White
0,0,0.010507,Female,White
0,0,0.297788,Female,Asian-Pac-Islander
0,0,0.034737,Female,Asian-Pac-Islander
1,1,0.620653,Male,White
0,0,0.399744,Male,White
0,0,0.060036,Male,Black
1,0,0.232192,Male,White
0,0,0.388241,Male,Black
1,1,0.681572,Male,White
0,0,0.267712,Male,White
0,0,0.327537,Male,Asian-Pac-Islander
1,0,0.068938,Male,White
0,1,0.660790,Male,White
1,0,0.479580,Male,White
0,0,0.281145,Male,White
0,0,0.111764,Male,White
0,0,0.146213,Male,Black
0,0,0.429019,Female,White
0,0,0.375593,Male,White
0,0,0.095090,Female,Black
1,0,0.341690,Male,White
1,0,0.135928,Female,Black
0,0,0.343595,Male,White
0,0,0.177899,Male,White
0,0,0.431586,Male,White
0,0,0.134878,Male,White
1,0,0.159680,Male,White
0,1,0.530633,Male,White
0,0,0.110138,Male,White
0,0,0.083136,Female,White
0,0,0.267060,Male,White
0,0,0.108233,Male,White
0,0,0.060820,Female,White
0,1,0.556646,Male,White
1,0,0.421780,Female,White
0,0,0.115773,Female,White
1,1,0.691221,Male,White
1,0,0.055199,Female,White
0,0,0.242237,Male,White
0,0,0.053765,Male,Black
0,0,0.189299,Male,White
0,0,0.054820,Female,White
0,0,0.099878,Male,White
0,0,0.099498,Male,White
1,0,0.285736,Male,Asian-Pac-Islander
0,0,0.477320,Male,White
0,0,0.042543,Male,White
0,0,0.361090,Male,White
0,0,0.016439,Female,Black
0,0,0.388242,Male,White
0,0,0.060258,Female,White
0,0,0.042922,Female,White
0,0,0.127321,Female,White
0,0,0.014418,Female,Amer-Indian-Eskimo
0,0,0.227697,Male,White
0,0,0.031204,Female,Other
0,0,0.006021,Female,Black
0,0,0.218463,Male,White
0,0,0.476190,Male,White
1,0,0.385092,Male,White
0,0,0.022160,Female,Black
1,1,0.760501,Male,White
0,0,0.104404,Male,White
0,0,0.123857,Female,White
1,0,0.410907,Male,White
1,0,0.327577,Male,White
0,0,0.347623,Male,White
0,0,0.283868,Male,White
0,0,0.199148,Male,White
0,0,0.004510,Female,White
0,1,0.582891,Female,White
0,0,0.135991,Male,White
0,0,0.304293,Male,White
0,0,0.014139,Female,Black
1,0,0.458179,Male,White
0,0,0.023754,Female,Black
0,0,0.170154,Male,White
1,1,0.804751,Male,White
1,0,0.370509,Male,White
0,0,0.028904,Female,White
0,0,0.038191,Male,White
0,0,0.152620,Male,White
0,1,0.582426,Male,White
1,0,0.140705,Male,Black
0,0,0.012333,Female,Asian-Pac-Islander
0,0,0.090188,Male,Black
0,0,0.376656,Male,White
0,0,0.026768,Female,White
0,0,0.022579,Female,White
0,1,0.576853,Male,White
0,0,0.196370,Male,White
1,0,0.238171,Female,White
1,0,0.360115,Male,White
0,0,0.169684,Male,White
0,0,0.192441,Male,White
0,0,0.018157,Female,White
0,0,0.030513,Female,White
0,0,0.047443,Female,White
1,1,0.599254,Male,White
0,0,0.376656,Male,White
0,0,0.269550,Male,White
0,0,0.404347,Male,White
1,0,0.231326,Female,Other
0,0,0.062965,Female,Black
0,0,0.048986,Male,Black
0,0,0.006169,Female,White
0,0,0.061370,Male,White
0,0,0.037684,Female,White
0,0,0.305316,Male,White
0,0,0.395832,Male,White
0,0,0.043096,Female,White
1,0,0.297764,Female,White
0,0,0.267771,Male,White
0,0,0.269550,Male,White
0,0,0.179259,Female,White
1,0,0.428110,Female,White
0,0,0.006450,Female,White
0,0,0.186512,Male,White
0,0,0.142448,Male,White
1,1,0.524380,Male,White
1,1,0.568747,Male,Asian-Pac-Islander
0,0,0.020829,Male,Black
0,0,0.265941,Male,White
0,0,0.220396,Male,White
0,0,0.321686,Male,White
0,0,0.062337,Female,Black
1,1,0.533294,Male,White
0,0,0.030504,Female,White
0,0,0.365147,Female,Asian-Pac-Islander
0,0,0.064022,Male,White
0,0,0.004430,Female,White
1,0,0.101951,Male,White
0,0,0.247298,Female,White
0,0,0.104828,Male,White
0,0,0.071968,Female,Amer-Indian-Eskimo
0,0,0.084873,Male,White
0,0,0.090952,Female,White
1,0,0.221504,Female,White
1,0,0.077799,Female,White
0,0,0.055424,Male,White
1,0,0.415335,Male,White
0,0,0.165787,Male,White
0,0,0.082471,Female,White
0,0,0.140768,Female,White
0,1,0.546678,Male,White
0,0,0.200596,Male,White
0,1,0.673758,Male,White
0,0,0.414381,Male,White
0,0,0.315818,Male,Black
0,0,0.043996,Male,White
0,0,0.024403,Female,Black
0,0,0.368225,Male,White
1,1,0.661871,Male,White
0,0,0.133395,Female,White
0,0,0.118104,Male,White
1,1,0.590415,Female,White
0,0,0.337654,Male,Asian-Pac-Islander
0,0,0.473744,Male,Black
1,0,0.083505,Female,White
1,0,0.490777,Male,White
0,0,0.081077,Female,White
0,0,0.435106,Male,White
0,0,0.075624,Male,White
0,0,0.377841,Male,White
1,1,0.575332,Male,White
1,1,0.548848,Male,White
1,0,0.309153,Female,White
0,1,0.941030,Male,White
1,0,0.253961,Female,White
0,0,0.213834,Male,White
0,1,0.681507,Male,White
1,0,0.221467,Male,White
0,1,0.882087,Male,White
0,0,0.236493,Male,White
0,0,0.032139,Female,White
1,1,0.554484,Male,White
0,0,0.099758,Male,White
0,0,0.481616,Male,White
0,0,0.217991,Female,White
0,0,0.107825,Male,White
1,1,0.601427,Male,White
1,1,0.546678,Male,White
0,0,0.199148,Male,White
0,0,0.030775,Male,Black
1,1,0.641454,Male,White
0,0,0.489646,Male,White
0,0,0.264205,Male,White
0,0,0.206989,Male,Black
0,0,0.027574,Female,Black
0,1,0.687471,Male,White
0,0,0.143028,Female,White
0,0,0.131781,Female,White
1,0,0.152581,Male,White
0,0,0.013908,Male,White
1,0,0.428403,Male,White
0,0,0.030623,Female,White
1,1,0.575288,Male,Asian-Pac-Islander
1,0,0.259073,Male,White
0,0,0.185871,Male,Black
0,0,0.046312,Female,Black
0,0,0.166444,Female,White
0,0,0.111764,Male,White
0,0,0.011707,Male,White
0,0,0.056557,Male,Black
0,1,0.776501,Male,White
0,0,0.219910,Male,White
1,1,0.699503,Male,Black
0,0,0.211434,Male,Black
0,0,0.086410,Male,Amer-Indian-Eskimo
0,0,0.175275,Female,White
0,0,0.262606,Female,White
1,0,0.237312,Male,White
1,0,0.353776,Male,White
0,0,0.058178,Female,Black
0,0,0.364895,Male,Black
0,0,0.143028,Female,White
1,0,0.409737,Male,Black
1,1,0.696958,Male,White
0,0,0.135495,Male,White
0,0,0.260757,Male,White
1,1,0.683534,Male,White
0,0,0.023255,Female,White
0,0,0.245521,Male,White
0,0,0.113993,Female,White
0,0,0.010894,Female,White
0,1,0.934202,Male,White
0,0,0.457257,Male,White
0,0,0.024504,Female,White
0,0,0.164580,Male,White
0,0,0.443918,Male,White
0,0,0.081410,Male,White
0,0,0.079104,Male,White
0,0,0.021706,Female,White
0,0,0.306238,Male,Asian-Pac-Islander
0,0,0.144874,Female,White
0,0,0.073120,Male,White
0,0,0.051119,Female,Asian-Pac-Islander
1,0,0.495080,Male,White
0,0,0.013594,Female,White
1,1,0.651766,Male,White
1,1,0.771031,Male,White
1,0,0.123318,Female,White
0,0,0.126795,Male,White
0,0,0.036697,Female,Black
0,0,0.031992,Male,White
0,0,0.022636,Female,White
0,0,0.196275,Male,White
0,0,0.272983,Male,White
0,0,0.034743,Female,White
0,0,0.006169,Female,White
0,0,0.104931,Female,White
0,0,0.015333,Female,White
1,0,0.467276,Male,White
0,0,0.198427,Male,White
1,1,0.527045,Male,White
0,0,0.278468,Male,White
0,0,0.246927,Male,White
0,0,0.266057,Male,White
0,0,0.156037,Female,White
0,0,0.065869,Female,White
0,0,0.058061,Female,White
1,0,0.175361,Female,White
1,0,0.417390,Male,White
1,1,0.555529,Male,White
0,0,0.349850,Male,White
1,0,0.341623,Male,White
1,1,0.725271,Male,White
0,0,0.008566,Female,Black
1,0,0.253920,Male,White
0,0,0.062616,Male,Black
0,0,0.025725,Male,White
1,0,0.030504,Female,White
0,0,0.317779,Male,White
0,0,0.380847,Male,White
0,0,0.182604,Male,White
0,0,0.014765,Male,Black
0,0,0.103981,Male,White
0,0,0.161437,Female,Black
1,0,0.433993,Male,White
0,0,0.090909,Male,Black
0,0,0.152620,Male,White
0,0,0.487196,Male,White
0,0,0.103883,Female,White
0,0,0.108233,Male,White
1,1,0.545556,Male,White
0,0,0.056856,Male,White
0,0,0.378890,Male,White
0,0,0.177238,Male,White
1,0,0.304356,Male,White
0,0,0.376706,Female,White
0,0,0.234955,Female,White
0,0,0.178354,Male,Black
1,0,0.045445,Female,White
0,0,0.022160,Female,Black
0,0,0.050437,Female,Black
0,0,0.086601,Male,White
0,0,0.161659,Female,White
1,1,0.681637,Male,White
1,1,0.709152,Male,White
1,0,0.411088,Male,White
0,0,0.074040,Female,White
1,0,0.159680,Male,White
0,0,0.155151,Male,White
1,0,0.418491,Male,White
0,0,0.034126,Female,Black
1,1,0.557542,Male,White
0,0,0.132361,Male,White
0,0,0.123710,Female,Black
0,0,0.274784,Male,White
0,0,0.062647,Female,White
0,1,0.667824,Male,White
0,0,0.327577,Male,White
0,0,0.050059,Male,White
0,1,0.687535,Male,White
0,0,0.183915,Male,White
0,0,0.435106,Male,White
0,0,0.159102,Female,White
1,0,0.212366,Male,White
0,0,0.127240,Male,White
0,0,0.148012,Male,White
0,0,0.019870,Female,White
0,1,0.587147,Male,White
1,0,0.258060,Male,Black
1,0,0.212366,Male,White
1,1,0.658390,Male,White
1,0,0.281188,Female,White
0,0,0.028684,Female,Black
0,0,0.251356,Male,White
0,0,0.178562,Male,White
0,0,0.027961,Female,White
0,0,0.460461,Female,White
0,0,0.414647,Female,White
0,0,0.170121,Female,White
0,0,0.265911,Male,White
0,0,0.101849,Male,Black
0,0,0.037014,Female,White
0,0,0.192094,Male,White
0,0,0.034584,Male,White
0,0,0.432808,Male,White
1,0,0.059751,Female,Black
1,0,0.221467,Male,White
0,0,0.070139,Male,White
0,0,0.043096,Female,White
1,1,0.683534,Male,White
0,0,0.157765,Male,Black
0,0,0.265505,Female,White
1,0,0.389318,Male,White
1,0,0.443992,Male,White
0,0,0.103981,Male,White
0,0,0.421910,Male,White
0,0,0.028379,Female,Black
0,0,0.013489,Female,White
0,0,0.245521,Male,White
0,0,0.199148,Male,White
0,0,0.026038,Male,White
0,0,0.124447,Male,White
0,0,0.017271,Male,White
0,0,0.185265,Female,White
0,0,0.081077,Female,White
0,0,0.257338,Male,White
0,0,0.161659,Female,White
0,0,0.038693,Male,White
0,0,0.243903,Male,White
1,1,0.838738,Male,White
1,1,0.558659,Male,White
0,0,0.020587,Male,White
0,0,0.009744,Female,Black
1,0,0.300504,Male,White
0,0,0.154926,Female,White
1,0,0.446155,Male,White
1,0,0.236695,Male,White
0,0,0.159680,Male,White
0,0,0.204793,Male,White
0,0,0.408717,Male,White
0,0,0.018590,Female,Black
0,0,0.048590,Female,White
0,0,0.026776,Female,White
1,0,0.445036,Male,White
0,0,0.025612,Male,White
0,0,0.435106,Male,White
0,0,0.075603,Male,White
0,0,0.070496,Male,Amer-Indian-Eskimo
1,1,0.663828,Male,White
1,0,0.315884,Male,White
0,0,0.221467,Male,White
0,0,0.115289,Male,White
1,1,0.555602,Male,White
0,0,0.125713,Male,White
0,0,0.068681,Female,White
1,0,0.469953,Male,White
0,0,0.024856,Female,White
0,0,0.027574,Female,Black
0,0,0.083311,Female,White
0,0,0.357858,Male,White
0,0,0.131911,Male,White
0,0,0.084481,Female,White
0,1,0.501984,Male,White
1,1,0.639369,Male,White
0,0,0.015012,Female,White
0,1,0.597185,Male,White
0,0,0.121373,Female,White
0,0,0.200858,Male,White
0,1,0.553291,Male,White
0,0,0.092013,Male,White
1,0,0.451459,Male,White
1,0,0.171437,Male,White
1,0,0.190041,Male,White
0,0,0.026397,Female,Black
0,0,0.197708,Male,White
0,0,0.025269,Female,Black
0,0,0.039215,Female,White
0,0,0.023949,Female,Other
1,1,0.719166,Male,White
0,1,0.837566,Male,Asian-Pac-Islander
0,0,0.011325,Female,Black
0,0,0.289361,Male,White
0,0,0.249655,Male,White
1,0,0.499720,Male,White
1,1,0.556020,Male,Black
0,0,0.007528,Female,Black
1,0,0.128771,Female,White
1,0,0.252209,Male,White
0,0,0.150841,Female,White
0,0,0.044609,Female,White
0,0,0.095527,Male,White
1,0,0.490777,Male,White
0,0,0.223824,Male,Amer-Indian-Eskimo
0,0,0.047370,Female,White
1,0,0.172758,Female,White
0,0,0.090206,Female,White
0,0,0.099077,Male,Asian-Pac-Islander
1,1,0.753139,Male,White
0,0,0.442911,Male,White
1,0,0.344549,Male,White
0,0,0.152581,Male,White
0,0,0.031858,Female,White
0,0,0.084873,Male,White
1,0,0.180639,Female,White
1,0,0.191472,Female,White
0,0,0.101720,Female,White
1,0,0.457257,Male,White
1,0,0.269550,Male,White
0,0,0.470509,Male,White
0,0,0.216127,Male,White
1,0,0.307176,Male,White
0,0,0.380043,Male,White
0,0,0.030083,Female,Black
0,0,0.369453,Male,White
0,0,0.004845,Female,Black
0,0,0.321948,Male,White
0,0,0.010292,Male,White
0,0,0.450412,Male,White
0,0,0.339723,Male,White
0,0,0.289759,Male,White
0,0,0.014209,Female,White
1,0,0.375593,Male,White
0,1,0.651698,Male,White
1,0,0.351708,Male,White
0,0,0.027597,Male,White
1,1,0.688443,Male,White
0,0,0.083267,Male,White
0,0,0.034905,Female,White
0,0,0.126795,Male,White
0,0,0.080389,Male,Black
0,0,0.262606,Female,White
0,0,0.025725,Male,White
0,0,0.260815,Male,White
0,0,0.085579,Male,White
0,0,0.205738,Female,White
0,0,0.016807,Female,White
1,0,0.126795,Male,White
1,0,0.313866,Male,White
0,1,0.828843,Male,White
0,0,0.015786,Male,White
0,0,0.137037,Male,Asian-Pac-Islander
0,0,0.179227,Male,White
0,0,0.081455,Male,White
0,0,0.219961,Male,White
0,0,0.090909,Male,Black
1,1,0.660790,Male,White
0,0,0.315625,Male,White
0,0,0.082158,Male,White
0,1,0.522121,Male,White
1,0,0.159680,Male,White
0,0,0.055199,Female,White
0,0,0.008613,Female,Amer-Indian-Eskimo
0,1,0.512057,Male,White
0,0,0.237689,Male,White
1,1,0.811699,Male,White
0,0,0.045719,Male,Black
1,1,0.803277,Male,White
0,0,0.125829,Male,White
0,0,0.044983,Female,White
0,0,0.118608,Male,White
0,0,0.258986,Female,White
1,0,0.459283,Male,White
0,0,0.160369,Male,White
1,1,0.511982,Male,White
0,0,0.267712,Male,White
0,0,0.053347,Female,White
0,1,0.596969,Male,White
0,0,0.090952,Female,White
0,0,0.390304,Male,White
0,0,0.015324,Female,White
0,0,0.042737,Female,White
0,0,0.282176,Male,Asian-Pac-Islander
1,1,0.852135,Male,White
0,0,0.084896,Male,White
0,0,0.009360,Male,White
0,0,0.120980,Male,White
0,0,0.357858,Male,White
0,0,0.016952,Female,White
0,0,0.346597,Male,White
1,0,0.245673,Male,White
1,0,0.165162,Male,White
1,0,0.450412,Male,White
1,1,0.500927,Male,White
0,1,0.750605,Male,White
0,0,0.252265,Male,White
1,1,0.648745,Male,White
0,0,0.025486,Female,Black
0,0,0.320830,Male,White
0,0,0.009233,Female,Black
0,0,0.211370,Male,Other
0,0,0.071143,Female,White
1,1,0.699757,Male,White
0,0,0.318408,Male,White
1,0,0.499720,Male,White
0,0,0.121462,Male,White
0,0,0.468403,Male,White
0,0,0.107745,Female,White
0,0,0.071025,Female,White
1,0,0.315884,Male,White
0,0,0.144601,Male,White
0,0,0.015050,Female,Black
1,0,0.413210,Male,White
0,0,0.067253,Male,White
0,0,0.042212,Male,White
0,0,0.045872,Male,White
1,1,0.778017,Male,White
0,0,0.059026,Female,White
0,1,0.504248,Male,White
0,0,0.146213,Male,Black
0,0,0.065609,Female,White
0,1,0.728131,Male,White
0,0,0.110619,Female,White
0,0,0.092367,Male,Black
1,0,0.446081,Male,White
0,0,0.063163,Female,White
0,0,0.401167,Female,White
0,0,0.108233,Male,White
0,0,0.051128,Female,White
0,0,0.082622,Female,White
0,1,0.581440,Male,Other
0,0,0.044983,Female,White
0,0,0.029089,Male,White
0,0,0.007449,Female,Black
0,0,0.056076,Male,Black
0,0,0.086936,Male,White
0,0,0.284850,Male,White
0,0,0.170047,Male,Black
0,0,0.028310,Male,White
1,0,0.355849,Male,White
0,1,0.513188,Male,White
0,0,0.105357,Female,White
1,0,0.375523,Male,White
1,0,0.114941,Female,White
0,0,0.182448,Male,White
0,1,0.577616,Male,White
0,0,0.285712,Male,White
0,0,0.028929,Female,White
1,0,0.270383,Male,White
0,0,0.396649,Male,White
0,0,0.093935,Male,Black
1,1,0.754970,Male,White
0,0,0.003854,Female,Other
0,0,0.031858,Female,White
0,0,0.436637,Male,White
0,0,0.015184,Male,White
0,0,0.169022,Male,Asian-Pac-Islander
1,0,0.435011,Female,White
0,0,0.039547,Female,White
0,0,0.017119,Female,Amer-Indian-Eskimo
0,0,0.053463,Female,White
0,0,0.060066,Female,White
0,0,0.073402,Female,White
0,0,0.072929,Female,White
0,0,0.048590,Female,White
0,0,0.022613,Female,White
0,0,0.065332,Female,White
0,0,0.234157,Male,White
0,0,0.055377,Female,White
1,1,0.555455,Male,White
0,0,0.135516,Male,Amer-Indian-Eskimo
0,0,0.215973,Male,Black
0,0,0.073741,Female,White
0,0,0.219961,Male,White
0,0,0.117195,Male,White
0,0,0.129347,Female,White
0,0,0.016994,Female,White
0,0,0.112636,Male,White
0,0,0.020304,Female,Black
0,0,0.151452,Male,White
0,0,0.154827,Female,Black
0,0,0.165787,Male,White
0,0,0.432881,Male,White
0,0,0.124284,Female,White
1,0,0.488514,Male,White
0,1,0.537724,Male,White
0,0,0.075624,Male,White
0,0,0.031728,Female,White
0,0,0.197622,Female,Black
0,0,0.389496,Male,White
0,0,0.237957,Male,White
0,0,0.060036,Male,Black
0,0,0.079229,Male,White
1,1,0.568791,Male,White
0,0,0.269550,Male,White
1,1,0.727352,Male,White
0,0,0.098240,Female,White
0,0,0.111681,Female,Black
0,0,0.176051,Male,White
0,0,0.037390,Male,White
0,0,0.087271,Male,Black
0,0,0.043283,Female,White
0,0,0.024625,Male,White
0,0,0.068886,Male,White
1,0,0.345640,Male,White
1,1,0.811607,Male,White
1,0,0.341690,Male,White
0,0,0.089612,Male,White
1,0,0.298666,Male,White
0,0,0.261630,Male,Black
0,0,0.066428,Female,White
0,0,0.471374,Male,Black
0,0,0.014095,Female,White
0,0,0.029940,Male,Black
0,0,0.119549,Female,White
0,0,0.081415,Female,White
1,0,0.226161,Male,White
0,0,0.115002,Male,White
0,0,0.307286,Female,White
0,0,0.165192,Female,White
0,1,0.743791,Male,White
1,0,0.280230,Male,White
1,0,0.396772,Male,White
0,0,0.075017,Female,Black
0,1,0.720991,Male,White
0,0,0.086842,Male,White
0,0,0.130843,Male,White
1,0,0.407747,Female,White
0,0,0.153756,Male,White
0,0,0.199456,Male,White
0,0,0.122919,Male,White
0,0,0.400136,Male,White
0,0,0.099650,Male,Black
0,0,0.495080,Male,White
0,0,0.121914,Male,White
0,0,0.065300,Male,Black
0,0,0.025625,Female,White
0,0,0.018823,Female,White
0,1,0.515114,Male,White
0,0,0.037878,Female,White
0,0,0.028676,Male,White
0,0,0.198557,Male,White
0,0,0.413210,Male,White
1,0,0.197755,Male,White
0,0,0.410979,Male,White
0,0,0.304892,Male,White
1,0,0.323666,Male,White
0,0,0.078569,Female,White
0,1,0.562079,Male,White
0,1,0.717333,Male,White
0,0,0.114368,Male,Black
1,0,0.107803,Female,White
0,0,0.153206,Male,White
0,0,0.033129,Female,Asian-Pac-Islander
0,0,0.253920,Male,White
0,0,0.291382,Male,White
0,0,0.030782,Female,White
0,0,0.088420,Male,White
0,1,0.568526,Male,Asian-Pac-Islander
0,0,0.088420,Male,White
0,0,0.102680,Male,Black
0,0,0.052234,Male,White
0,0,0.036389,Female,Black
1,0,0.244684,Male,White
1,1,0.579751,Male,White
0,0,0.113409,Female,White
0,0,0.154374,Female,White
0,0,0.137084,Female,White
0,0,0.066761,Male,White
0,0,0.226213,Male,White
0,0,0.031419,Female,Black
0,0,0.037862,Female,White
0,0,0.100668,Male,White
0,0,0.039215,Female,White
1,1,0.510926,Male,White
1,0,0.442049,Male,White
0,1,0.704360,Male,Asian-Pac-Islander
1,0,0.224244,Male,White
0,0,0.167663,Female,White
0,0,0.179182,Male,Black
1,1,0.669830,Male,White
1,0,0.052907,Female,White
0,0,0.042737,Female,White
0,0,0.121914,Male,White
0,0,0.135365,Male,White
0,0,0.079478,Male,White
0,0,0.122422,Female,White
1,0,0.306277,Male,White
1,0,0.439341,Male,White
0,0,0.103510,Female,White
0,0,0.014736,Female,White
0,0,0.118931,Female,Black
0,0,0.160903,Male,Amer-Indian-Eskimo
0,0,0.059153,Female,Black
0,0,0.020768,Female,White
0,0,0.055144,Female,Black
0,0,0.185524,Male,White
0,0,0.225317,Male,White
1,1,0.661871,Male,White
1,0,0.051959,Male,Black
1,1,0.743905,Male,White
0,0,0.047116,Male,White
0,0,0.274963,Male,White
0,0,0.053317,Female,White
0,0,0.019876,Female,White
0,0,0.120980,Male,White
1,0,0.409739,Male,White
0,0,0.083442,Male,White
1,1,0.798972,Male,White
0,0,0.048996,Female,White
0,0,0.225966,Male,White
0,0,0.049421,Male,White
0,0,0.026873,Male,White
0,0,0.217691,Male,White
1,0,0.177281,Male,White
1,0,0.141280,Female,Black
0,0,0.026610,Female,Black
0,1,0.612123,Male,White
0,0,0.266116,Male,White
1,0,0.470509,Male,White
0,0,0.378820,Male,White
0,0,0.159695,Male,Asian-Pac-Islander
0,0,0.059827,Female,White
0,0,0.260757,Male,White
0,0,0.024322,Male,White
0,0,0.005368,Female,White
0,0,0.041285,Female,White
1,0,0.459431,Male,White
1,0,0.315818,Male,Black
0,0,0.126795,Male,White
0,0,0.021803,Female,White
0,0,0.073371,Female,Black
0,0,0.045765,Male,White
0,0,0.019620,Male,White
0,0,0.075935,Female,White
0,0,0.157205,Male,White
1,1,0.544433,Male,White
0,0,0.038076,Female,Black
0,0,0.099878,Male,White
0,1,0.719623,Male,Asian-Pac-Islander
0,0,0.009897,Male,Other
0,1,0.642426,Male,White
0,0,0.029760,Female,Black
0,1,0.850538,Male,White
1,0,0.226109,Male,White
0,0,0.389318,Male,White
0,0,0.050705,Female,White
1,0,0.242971,Female,White
0,0,0.425227,Male,White
1,0,0.370439,Male,White
0,0,0.063993,Male,Asian-Pac-Islander
1,0,0.142909,Male,Black
1,1,0.631079,Male,White
0,0,0.104856,Male,White
1,0,0.205566,Female,White
0,0,0.043096,Female,White
0,0,0.101510,Female,White
0,0,0.292145,Female,White
1,0,0.220828,Male,White
0,0,0.105064,Female,White
0,0,0.126236,Female,White
1,0,0.477615,Male,White
0,0,0.051128,Female,White
0,0,0.050477,Male,White
0,0,0.115576,Female,White
0,1,0.717333,Male,White
0,1,0.716671,Male,White
0,0,0.078163,Male,White
1,1,0.654256,Male,White
0,0,0.034743,Female,White
1,1,0.735213,Male,White
0,0,0.319909,Male,White
0,0,0.136524,Male,White
0,1,0.642289,Male,White
0,0,0.084873,Male,White
1,1,0.697021,Male,White
0,1,0.626541,Male,White
0,0,0.117687,Female,White
0,0,0.056811,Female,Black
0,0,0.117687,Female,White
0,0,0.016412,Female,White
0,0,0.199600,Male,White
0,0,0.032148,Female,White
0,0,0.039547,Female,White
0,0,0.253274,Male,White
0,0,0.123844,Female,Amer-Indian-Eskimo
1,1,0.562079,Male,White
0,0,0.171510,Female,White
0,1,0.528746,Male,White
0,0,0.277211,Male,Other
0,0,0.317891,Female,White
0,0,0.324658,Male,White
0,1,0.601427,Male,White
0,0,0.065300,Male,Black
0,0,0.308141,Male,White
0,0,0.148012,Male,White
0,0,0.077136,Male,Black
0,1,0.639369,Male,White
1,0,0.131842,Male,White
1,1,0.782699,Male,White
1,0,0.045926,Female,Black
0,0,0.335505,Male,White
0,0,0.390574,Male,White
0,0,0.146912,Male,White
0,0,0.146912,Male,White
0,0,0.052055,Male,White
0,0,0.283898,Male,White
0,0,0.178562,Male,White
0,1,0.523251,Male,White
1,1,0.747309,Male,White
0,0,0.008163,Male,White
0,0,0.356223,Male,White
0,0,0.048996,Female,White
0,0,0.054963,Female,White
1,1,0.695656,Male,White
0,0,0.044290,Male,Black
0,1,0.555602,Male,White
0,0,0.041098,Male,White
1,0,0.262507,Male,White
0,0,0.028558,Female,Black
0,0,0.162044,Male,White
0,0,0.069263,Female,White
0,0,0.421983,Male,White
1,0,0.121914,Male,White
1,0,0.192094,Male,White
0,0,0.419520,Male,White
0,0,0.176095,Male,White
0,0,0.251311,Female,White
1,0,0.462711,Female,White
0,0,0.007600,Female,White
0,0,0.078512,Male,White
0,0,0.136861,Female,Other
0,0,0.021960,Male,White
0,0,0.204140,Female,White
0,0,0.043262,Male,White
0,0,0.022773,Female,White
0,0,0.061387,Male,White
0,0,0.020775,Female,White
0,0,0.396844,Male,White
0,0,0.049763,Female,White
0,0,0.062021,Male,Other
0,0,0.173003,Male,White
0,0,0.029214,Female,White
0,0,0.137621,Female,White
1,1,0.823711,Male,White
0,0,0.013754,Female,White
0,0,0.407623,Male,White
0,0,0.117195,Male,White
0,0,0.059089,Male,White
0,0,0.182868,Male,White
0,0,0.452655,Male,White
1,0,0.030623,Male,White
0,0,0.171437,Male,White
1,0,0.112395,Male,Amer-Indian-Eskimo
0,0,0.081455,Male,White
0,0,0.357858,Male,White
0,0,0.040034,Male,White
1,1,0.961168,Male,White
1,0,0.424120,Male,White
0,0,0.321766,Female,White
0,0,0.177974,Female,White
0,0,0.283929,Male,White
1,0,0.408717,Male,White
1,0,0.101896,Female,White
0,0,0.057110,Female,White
0,0,0.125862,Male,White
1,0,0.251412,Male,White
0,1,0.844132,Female,White
0,0,0.095090,Female,Black
0,0,0.013288,Female,White
0,0,0.028826,Male,White
0,0,0.081077,Female,White
0,0,0.034743,Female,White
0,0,0.042337,Female,White
0,0,0.014736,Female,White
0,0,0.297576,Female,White
0,0,0.281145,Male,White
0,0,0.083766,Male,Black
0,0,0.005703,Male,Other
0,0,0.041793,Female,White
1,0,0.425227,Male,White
0,0,0.023152,Female,Black
0,0,0.446373,Male,White
1,0,0.408717,Male,White
0,0,0.080427,Female,White
0,0,0.474430,Male,White
0,1,0.546678,Male,White
0,0,0.006448,Female,White
1,0,0.357858,Male,White
0,0,0.143102,Male,White
0,0,0.052907,Female,White
0,0,0.148574,Female,White
1,0,0.437406,Male,White
0,0,0.154788,Female,Black
1,0,0.443918,Male,White
1,1,0.543310,Male,White
0,0,0.176845,Male,Asian-Pac-Islander
1,0,0.366638,Male,White
1,0,0.082560,Female,White
0,0,0.055424,Male,Black
1,0,0.234103,Male,White
0,0,0.026776,Female,White
1,1,0.696958,Male,White
0,0,0.138133,Male,White
0,0,0.296835,Male,White
1,0,0.205749,Female,White
0,0,0.417462,Male,White
0,0,0.319909,Male,White
0,0,0.148161,Male,Black
1,0,0.155520,Female,White
0,0,0.011522,Male,White
0,0,0.154374,Female,White
1,1,0.811699,Male,White
1,0,0.103194,Female,White
0,0,0.099878,Male,White
0,0,0.139121,Male,Asian-Pac-Islander
1,1,0.715615,Male,White
0,0,0.043096,Female,White
0,0,0.425007,Male,White
0,0,0.185233,Male,White
0,0,0.028552,Male,White
0,0,0.045339,Male,Black
1,1,0.653751,Male,White
0,0,0.024807,Female,Other
0,0,0.025584,Female,White
0,0,0.040963,Female,White
0,0,0.054963,Female,White
0,0,0.078622,Male,Asian-Pac-Islander
0,0,0.035479,Female,Black
0,0,0.030473,Female,White
1,0,0.153756,Male,White
0,0,0.152620,Male,White
0,0,0.017137,Male,Black
0,0,0.027833,Male,White
0,0,0.448171,Male,White
1,1,0.511001,Male,White
0,0,0.253750,Male,White
0,0,0.370509,Male,White
1,1,0.726334,Male,White
0,0,0.003099,Female,White
0,0,0.008961,Male,White
0,0,0.178562,Male,White
0,0,0.081817,Male,White
0,0,0.031445,Male,White
0,0,0.027961,Female,White
0,0,0.112636,Male,White
0,0,0.012558,Female,White
0,0,0.335505,Male,White
0,0,0.430549,Male,White
1,0,0.252265,Male,White
0,0,0.121914,Male,White
0,0,0.065332,Female,White
0,0,0.177930,Female,White
1,0,0.419306,Male,White
0,0,0.170794,Male,White
1,0,0.178562,Male,White
0,0,0.010894,Female,White
0,0,0.250505,Male,White
0,1,0.556646,Male,White
0,1,0.791625,Male,White
0,0,0.197708,Male,White
0,0,0.097032,Male,White
1,0,0.089818,Male,White
1,0,0.419520,Male,White
0,0,0.117195,Male,White
0,0,0.172081,Male,White
0,0,0.050705,Female,White
1,0,0.182515,Male,White
0,0,0.095919,Male,White
1,1,0.632133,Male,White
1,0,0.138699,Female,White
0,0,0.234157,Male,White
1,0,0.121914,Male,White
1,0,0.213029,Female,Asian-Pac-Islander
0,0,0.490777,Male,White
0,0,0.066932,Male,White
1,0,0.409039,Male,White
0,0,0.156565,Male,Black
0,0,0.052773,Male,White
0,0,0.111660,Male,White
0,0,0.155746,Male,White
0,0,0.053108,Male,White
0,0,0.404491,Male,White
0,0,0.264205,Male,White
0,0,0.126236,Female,White
0,0,0.437038,Male,White
0,1,0.729920,Male,White
1,0,0.297717,Male,Black
0,0,0.040928,Female,White
0,0,0.131264,Female,White
0,1,0.537575,Male,White
0,0,0.346597,Male,White
0,0,0.310235,Male,White
0,0,0.153098,Female,White
1,0,0.243102,Male,Amer-Indian-Eskimo
0,0,0.036877,Male,Black
0,0,0.014237,Female,White
1,0,0.071324,Female,White
0,0,0.028441,Female,White
0,0,0.285773,Male,White
0,1,0.767036,Male,White
1,0,0.387238,Male,White
0,0,0.106024,Male,Black
1,0,0.052193,Female,Black
1,1,0.727233,Male,White
0,0,0.131842,Male,White
0,0,0.128297,Female,White
0,0,0.007670,Female,White
0,0,0.211595,Female,White
0,1,0.774134,Male,White
1,0,0.172081,Male,White
0,0,0.002317,Female,Black
0,0,0.026776,Female,White
1,1,0.860534,Male,White
0,0,0.052640,Female,White
1,0,0.222338,Female,White
0,0,0.030504,Female,White
0,0,0.063502,Female,Black
0,0,0.051309,Male,White
0,0,0.343595,Male,White
0,0,0.088810,Male,White
1,1,0.568718,Male,White
0,0,0.183915,Male,White
1,1,0.671830,Male,White
0,0,0.083766,Male,Black
0,1,0.621648,Male,White
1,1,0.805343,Male,Black
1,1,0.842359,Male,White
1,1,0.634028,Male,White
1,0,0.204964,Male,White
0,0,0.028834,Male,White
0,0,0.122422,Female,White
0,0,0.116293,Male,White
0,0,0.118431,Male,White
1,0,0.190693,Male,White
0,0,0.033270,Female,White
0,0,0.012139,Female,Black
0,0,0.017789,Female,Black
0,0,0.146640,Female,White
0,0,0.151966,Female,White
0,0,0.096726,Female,White
0,0,0.263384,Male,White
0,1,0.849345,Male,White
1,1,0.908040,Male,White
0,0,0.159575,Female,Asian-Pac-Islander
1,0,0.360115,Male,White
0,0,0.033246,Male,Other
0,0,0.116293,Male,White
0,0,0.036507,Female,Black
0,0,0.006829,Female,White
0,0,0.165787,Male,White
1,1,0.784286,Male,White
0,0,0.177369,Male,White
0,0,0.040940,Female,White
1,0,0.341121,Male,White
0,0,0.036389,Female,Black
1,0,0.130843,Male,White
0,0,0.021221,Female,White
0,0,0.093979,Female,White
0,0,0.184470,Female,White
0,0,0.210855,Male,White
1,0,0.245521,Male,White
0,0,0.118080,Female,White
0,0,0.024652,Male,White
0,0,0.250505,Male,White
0,0,0.155520,Female,White
0,0,0.431770,Male,White
0,0,0.449366,Male,White
0,0,0.236493,Male,White
0,0,0.148012,Male,White
1,0,0.194070,Male,Black
1,0,0.237312,Male,White
1,0,0.271278,Male,White
0,0,0.107390,Male,White
1,0,0.138159,Female,White
0,0,0.046149,Male,White
1,0,0.298666,Male,White
0,0,0.125796,Male,White
1,0,0.072818,Female,White
0,0,0.226405,Male,Black
0,0,0.064022,Male,White
1,1,0.610042,Male,White
0,0,0.078512,Male,White
0,0,0.452655,Male,White
0,0,0.458270,Male,White
0,0,0.407602,Female,White
0,0,0.039699,Male,White
0,0,0.450338,Male,White
1,0,0.210855,Male,White
0,0,0.097441,Female,White
0,0,0.179433,Female,White
0,0,0.047997,Male,White
0,0,0.383091,Male,White
0,0,0.177943,Male,White
0,0,0.051308,Female,White
0,0,0.013908,Male,White
0,0,0.353776,Male,White
1,1,0.597077,Male,White
0,0,0.019882,Female,White
1,0,0.476265,Male,White
0,0,0.077173,Female,White
0,0,0.280230,Male,White
1,0,0.277215,Female,White
1,1,0.533368,Male,White
0,0,0.241364,Female,White
0,0,0.031922,Female,White
0,0,0.457476,Male,White
0,0,0.327119,Male,White
0,0,0.069297,Male,White
1,1,0.577616,Male,White
0,0,0.269052,Male,White
0,0,0.430549,Male,White
0,1,0.528576,Male,White
0,0,0.139748,Female,White
0,0,0.149543,Male,White
0,0,0.282176,Male,Asian-Pac-Islander
0,0,0.190041,Male,White
0,0,0.444904,Female,White
0,0,0.155892,Male,White
1,0,0.137059,Male,White
0,1,0.564491,Male,White
0,0,0.459431,Male,White
1,0,0.236036,Male,Black
0,0,0.120442,Female,White
0,0,0.109102,Female,White
0,0,0.486139,Male,White
0,1,0.524380,Male,White
1,0,0.340672,Male,White
0,0,0.108233,Male,White
0,0,0.431584,Male,Black
0,0,0.069387,Female,White
0,0,0.211610,Male,White
0,0,0.170323,Male,White
0,0,0.227718,Male,Asian-Pac-Islander
1,1,0.524380,Male,White
0,0,0.035181,Female,Black
0,0,0.066954,Female,White
1,0,0.075841,Female,White
0,0,0.081486,Male,Asian-Pac-Islander
1,1,0.791675,Male,White
0,0,0.310235,Male,White
0,0,0.092101,Male,White
0,0,0.008760,Male,White
1,1,0.692187,Male,White
1,1,0.719166,Male,White
0,0,0.042212,Male,White
1,0,0.336630,Female,White
0,0,0.048332,Female,Black
1,1,0.888822,Male,White
0,0,0.037299,Female,White
0,0,0.324639,Female,White
0,0,0.151996,Male,White
1,0,0.337527,Male,White
0,0,0.085230,Female,White
0,0,0.019882,Female,White
1,1,0.852807,Male,White
1,1,0.577616,Male,White
0,0,0.043589,Female,White
0,0,0.082471,Female,White
0,0,0.390574,Male,White
1,1,0.758128,Male,White
1,1,0.518119,Male,White
1,0,0.295891,Male,White
0,0,0.282843,Male,White
0,0,0.339723,Male,White
0,0,0.219961,Male,White
0,0,0.130268,Female,White
0,0,0.023884,Female,White
0,0,0.153756,Male,White
1,1,0.522046,Male,White
0,0,0.044983,Female,White
0,1,0.671698,Male,White
1,0,0.293839,Male,White
0,0,0.221467,Male,White
1,0,0.315866,Female,White
0,0,0.103981,Male,White
0,0,0.026066,Female,White
0,0,0.088444,Male,White
1,1,0.852993,Male,White
0,0,0.337527,Male,White
1,1,0.825022,Male,White
0,0,0.386163,Male,Black
1,0,0.090952,Female,White
1,0,0.294008,Male,White
0,0,0.325651,Male,White
0,0,0.194897,Male,White
1,1,0.669830,Male,White
0,1,0.501984,Male,White
0,0,0.146912,Male,White
0,0,0.131842,Male,White
1,0,0.335505,Male,White
0,0,0.282961,Female,White
1,1,0.524380,Male,White
0,0,0.220687,Male,Black
0,0,0.068573,Female,White
0,0,0.057311,Male,White
0,0,0.432955,Male,White
0,0,0.044609,Female,White
0,0,0.013777,Female,Black
1,0,0.022755,Male,White
0,0,0.097448,Male,White
0,0,0.053134,Female,White
0,0,0.079434,Male,White
0,0,0.037523,Female,Black
1,1,0.612581,Male,White
0,0,0.107373,Male,Asian-Pac-Islander
0,0,0.329248,Male,White
0,0,0.422905,Male,White
0,0,0.090561,Male,White
0,0,0.020861,Female,White
0,1,0.894093,Male,White
1,0,0.177281,Male,White
1,1,0.717333,Male,White
1,1,0.510739,Male,White
1,0,0.346392,Male,Black
0,1,0.811561,Male,White
1,1,0.811699,Male,White
0,0,0.199148,Male,White
0,0,0.426733,Male,White
0,1,0.504173,Male,White
0,0,0.121914,Male,White
0,0,0.026894,Female,White
0,0,0.126795,Male,White
0,0,0.157834,Female,White
1,0,0.158468,Male,White
0,0,0.153098,Female,White
0,0,0.132386,Female,White
0,0,0.159680,Male,White
0,0,0.023590,Female,White
0,0,0.415262,Male,White
0,0,0.141382,Male,White
1,0,0.015650,Female,White
0,0,0.051145,Female,Black
0,0,0.335572,Male,White
0,1,0.536383,Female,Asian-Pac-Islander
0,0,0.387167,Male,White
0,0,0.053347,Female,White
1,0,0.257424,Male,White
0,0,0.019609,Male,White
1,0,0.278468,Male,White
0,0,0.457257,Male,White
0,0,0.009127,Female,White
0,0,0.082068,Male,White
0,0,0.238922,Male,Asian-Pac-Islander
0,0,0.190693,Male,White
1,0,0.270604,Male,White
0,0,0.339723,Male,White
1,0,0.188569,Female,White
0,0,0.454825,Male,White
0,0,0.015105,Female,White
0,0,0.439981,Male,White
1,0,0.446155,Male,White
1,1,0.782648,Male,White
0,0,0.366120,Male,White
0,0,0.462658,Male,White
0,0,0.088444,Male,White
0,0,0.103071,Male,White
0,0,0.047319,Male,Black
0,0,0.176051,Male,White
0,0,0.344549,Male,White
0,0,0.047524,Male,White
1,1,0.749868,Male,White
1,1,0.661871,Male,White
0,0,0.023590,Female,White
0,0,0.137059,Male,White
0,0,0.472617,Male,White
1,0,0.381024,Male,White
0,0,0.040940,Female,White
1,0,0.238955,Male,White
0,0,0.379027,Female,White
1,0,0.232192,Male,White
1,0,0.287564,Male,White
0,0,0.068681,Female,White
0,0,0.450412,Male,White
0,1,0.517413,Male,White
0,0,0.242237,Male,White
1,1,0.601427,Male,White
0,0,0.306277,Male,White
0,1,0.860462,Male,White
1,0,0.285651,Male,White
0,0,0.065236,Male,Black
0,0,0.032812,Female,Black
0,0,0.360115,Male,White
1,0,0.259943,Male,White
0,0,0.025632,Female,White
0,0,0.212225,Female,Black
0,0,0.054468,Female,White
0,0,0.035809,Male,White
1,0,0.374532,Male,White
1,0,0.153756,Male,White
1,1,0.627981,Male,White
1,0,0.191393,Male,White
0,0,0.136026,Male,White
0,0,0.345640,Male,White
0,0,0.313930,Male,White
0,0,0.048776,Male,Black
0,0,0.437333,Male,White
0,0,0.192094,Male,White
0,0,0.024807,Female,Other
0,0,0.017284,Female,White
0,0,0.178562,Male,White
0,1,0.863604,Male,White
0,0,0.157905,Male,White
0,0,0.099861,Male,Asian-Pac-Islander
0,1,0.532341,Male,Asian-Pac-Islander
1,0,0.406602,Male,White
0,0,0.335505,Male,White
0,0,0.158508,Male,White
0,0,0.304465,Female,White
0,0,0.274873,Male,White
0,0,0.226213,Male,White
1,1,0.564491,Male,White
0,0,0.160777,Male,White
0,0,0.125809,Male,Asian-Pac-Islander
0,0,0.133532,Female,White
0,0,0.040413,Male,White
0,0,0.081455,Male,White
0,0,0.052892,Female,White
0,0,0.036907,Male,White
1,0,0.430549,Male,White
0,0,0.060820,Female,White
0,0,0.039215,Female,White
0,0,0.360115,Male,White
1,1,0.880667,Male,White
0,0,0.088336,Male,White
0,0,0.059848,Female,White
1,0,0.394607,Male,White
0,0,0.291564,Male,White
0,0,0.088420,Male,White
0,0,0.125829,Male,White
1,0,0.268660,Male,White
0,1,0.565456,Male,White
0,0,0.073731,Female,White
0,0,0.069733,Female,White
0,0,0.025738,Female,White
0,0,0.009864,Female,White
0,0,0.260815,Male,White
0,0,0.148612,Female,White
0,0,0.052670,Male,White
0,0,0.125829,Male,White
1,1,0.564344,Male,White
0,0,0.037561,Female,White
1,1,0.555529,Male,White
1,1,0.620582,Male,White
0,0,0.063432,Female,White
0,1,0.570717,Male,White
0,1,0.555602,Male,White
0,0,0.199148,Male,White
0,0,0.019620,Male,White
0,0,0.004163,Female,Black
0,0,0.068056,Female,Black
0,0,0.345640,Male,White
0,0,0.064004,Male,White
0,0,0.142448,Male,White
1,0,0.271278,Male,White
0,0,0.008728,Female,White
0,0,0.113454,Male,White
0,0,0.053576,Female,White
1,1,0.557763,Male,White
1,0,0.412721,Female,White
0,0,0.108233,Male,White
0,1,0.589356,Male,White
0,0,0.102187,Female,Black
0,0,0.148012,Male,White
0,0,0.021882,Male,Black
1,1,0.798911,Male,White
1,0,0.192094,Male,White
1,1,0.601427,Male,White
0,0,0.247076,Female,White
0,0,0.097096,Female,White
0,0,0.185233,Male,White
0,0,0.059183,Male,Black
0,0,0.214633,Female,White
0,0,0.485657,Male,White
0,0,0.295135,Male,White
0,1,0.720991,Male,White
1,0,0.139712,Female,White
0,0,0.164580,Male,White
1,0,0.274903,Male,White
0,0,0.046559,Female,White
0,0,0.125120,Male,White
0,0,0.044780,Male,White
0,1,0.508550,Male,White
1,1,0.698867,Male,White
0,0,0.299661,Female,White
0,0,0.060322,Female,White
0,0,0.023263,Female,Black
0,0,0.331679,Male,White
1,1,0.688264,Female,White
0,0,0.105245,Female,White
0,0,0.428403,Male,White
0,0,0.039215,Female,White
0,1,0.628864,Male,White
1,1,0.501984,Male,White
0,0,0.260815,Male,White
0,0,0.027978,Female,White
0,0,0.245271,Male,Black
0,0,0.153756,Male,White
0,0,0.065577,Male,White
0,0,0.221467,Male,White
0,0,0.071605,Female,White
1,1,0.620582,Male,White
1,0,0.347623,Male,White
0,0,0.050913,Male,Black
0,0,0.095481,Female,White
0,0,0.027961,Female,White
0,0,0.029724,Female,White
0,0,0.060562,Female,White
0,1,0.697334,Male,White
0,0,0.487324,Female,White
1,0,0.245521,Male,White
0,0,0.166444,Female,White
0,0,0.327577,Male,White
0,0,0.095553,Male,White
0,0,0.067219,Female,Black
1,0,0.137059,Male,White
0,0,0.040940,Female,White
0,0,0.106073,Female,White
1,0,0.376584,Male,Black
0,0,0.149647,Female,White
0,0,0.032289,Female,White
0,0,0.028741,Female,Amer-Indian-Eskimo
0,0,0.059514,Female,White
1,1,0.577397,Male,White
0,0,0.068123,Female,White
1,0,0.241279,Male,Asian-Pac-Islander
0,0,0.030504,Female,White
0,0,0.141254,Male,White
1,0,0.302818,Male,White
0,0,0.131290,Female,White
0,0,0.118396,Male,Other
1,0,0.082711,Female,Black
1,0,0.233239,Male,White
0,0,0.018927,Female,White
1,0,0.295716,Female,Black
0,0,0.071605,Female,White
1,0,0.159680,Male,White
0,0,0.004249,Male,White
0,0,0.103643,Male,White
0,1,0.525434,Male,White
0,0,0.135991,Male,White
0,0,0.123494,Female,White
0,0,0.126236,Female,White
1,1,0.873916,Male,White
1,1,0.667957,Male,White
0,0,0.011632,Female,Black
0,0,0.235731,Male,White
0,0,0.477021,Male,White
1,0,0.136461,Female,White
0,0,0.148740,Male,Amer-Indian-Eskimo
1,0,0.446155,Male,White
0,0,0.017874,Male,White
0,0,0.019512,Female,White
0,0,0.041285,Female,White
0,0,0.085056,Female,White
0,0,0.170794,Male,White
0,0,0.445081,Male,Amer-Indian-Eskimo
1,0,0.142448,Male,White
1,0,0.095873,Female,White
0,0,0.126795,Male,White
1,1,0.796096,Male,White
1,1,0.625290,Male,White
0,0,0.098642,Female,White
0,0,0.296773,Male,White
0,0,0.045387,Female,White
0,0,0.170196,Male,White
0,0,0.226769,Male,Black
0,0,0.046312,Female,Black
0,0,0.033280,Female,White
1,0,0.378713,Male,Black
0,0,0.103981,Male,White
0,0,0.065034,Male,White
1,0,0.097441,Female,White
0,0,0.176544,Female,White
0,0,0.163958,Male,White
0,0,0.353844,Male,White
0,0,0.044609,Female,White
0,0,0.076552,Female,White
1,1,0.722840,Male,White
0,0,0.064011,Male,Asian-Pac-Islander
0,0,0.289361,Male,White
0,0,0.109269,Male,White
0,0,0.133070,Male,White
0,0,0.138026,Female,White
1,1,0.586247,Male,White
0,0,0.063331,Male,White
1,0,0.295011,Male,White
0,0,0.304356,Male,White
0,0,0.099018,Female,Black
0,0,0.083378,Female,Black
0,0,0.031530,Female,White
0,0,0.024416,Male,White
0,0,0.031858,Female,White
1,1,0.740439,Male,White
1,1,0.546678,Male,White
1,0,0.415940,Male,Other
1,1,0.692187,Male,White
0,0,0.098596,Male,Black
0,0,0.319909,Male,White
0,0,0.457257,Male,White
0,0,0.034265,Female,Black
0,0,0.095553,Male,White
0,0,0.325651,Male,White
0,0,0.163298,Male,White
0,0,0.146912,Male,White
1,1,0.557763,Male,White
1,1,0.533294,Male,White
0,0,0.031687,Female,White
0,0,0.095919,Male,White
0,0,0.310235,Male,White
1,0,0.262606,Female,White
0,0,0.036278,Female,White
0,0,0.082775,Male,White
1,1,0.510926,Male,White
0,0,0.011084,Female,White
0,0,0.100278,Female,White
0,0,0.090793,Female,White
0,1,0.687342,Male,White
0,0,0.402384,Male,White
0,0,0.048332,Female,Black
0,0,0.044062,Male,White
0,0,0.276592,Male,White
0,0,0.355849,Male,White
0,0,0.104009,Male,White
0,0,0.137059,Male,White
0,0,0.185233,Male,White
0,0,0.125862,Male,White
0,1,0.661871,Male,White
0,0,0.254934,Male,White
0,0,0.037561,Female,White
0,0,0.118104,Male,White
0,0,0.197670,Female,White
0,0,0.152561,Male,White
1,0,0.366190,Male,White
0,0,0.044983,Female,White
0,0,0.059465,Male,White
0,0,0.103981,Male,White
0,0,0.130843,Male,White
0,0,0.386887,Male,White
1,1,0.605263,Male,White
1,0,0.350759,Female,White
0,0,0.235677,Male,White
0,0,0.092954,Female,White
0,0,0.108233,Male,White
0,0,0.091302,Female,White
0,0,0.065869,Female,White
0,0,0.130268,Female,White
0,0,0.217548,Female,White
1,0,0.298837,Male,White
0,0,0.093338,Male,White
0,0,0.416216,Male,White
0,0,0.349090,Male,White
0,0,0.040066,Female,White
1,1,0.745569,Male,White
0,0,0.019882,Female,White
0,0,0.073310,Male,Other
0,0,0.330256,Male,Asian-Pac-Islander
0,0,0.390906,Female,White
0,0,0.057572,Male,White
0,0,0.260815,Male,White
0,0,0.182434,Female,Black
1,0,0.410834,Male,White
0,0,0.079434,Male,White
0,0,0.095507,Female,White
1,1,0.767010,Male,White
0,0,0.155675,Female,White
1,0,0.280676,Female,Black
0,0,0.252265,Male,White
0,0,0.047356,Female,White
0,0,0.029214,Female,White
0,1,0.635286,Male,White
0,0,0.011438,Female,Amer-Indian-Eskimo
0,0,0.017251,Female,Black
0,0,0.159680,Male,White
1,1,0.670765,Male,White
0,0,0.378714,Male,White
0,0,0.021610,Female,White
0,0,0.009187,Male,White
0,0,0.068681,Female,White
0,0,0.243848,Male,White
1,1,0.699882,Male,White
0,0,0.121128,Female,White
1,1,0.570611,Male,White
0,0,0.165787,Male,White
0,0,0.105141,Male,White
0,0,0.027961,Female,White
0,0,0.265027,Male,Black
0,0,0.370509,Male,White
0,0,0.067271,Male,White
1,0,0.142474,Female,White
0,0,0.212316,Male,White
0,0,0.126795,Male,White
0,0,0.128814,Male,White
0,0,0.026397,Female,Black
0,0,0.400028,Male,White
0,0,0.055010,Female,White
1,1,0.601766,Male,White
0,0,0.379957,Male,White
1,1,0.663828,Male,White
0,1,0.506362,Male,White
0,0,0.288493,Male,White
1,1,0.504656,Male,White
1,0,0.276652,Male,White
0,0,0.242916,Female,White
1,1,0.740497,Male,White
1,0,0.072110,Female,White
1,0,0.399065,Female,White
0,0,0.049365,Male,White
0,0,0.041285,Female,White
1,0,0.041285,Female,White
0,0,0.146251,Male,Black
0,0,0.003841,Female,White
1,1,0.870918,Male,White
0,0,0.034444,Female,Asian-Pac-Islander
0,0,0.315884,Male,White
0,0,0.197755,Male,White
1,1,0.770231,Male,White
1,1,0.649522,Male,White
1,0,0.163844,Female,White
0,0,0.143173,Female,White
0,0,0.015387,Female,White
0,0,0.183114,Male,White
0,0,0.043096,Female,White
0,0,0.081455,Male,White
1,0,0.115258,Male,White
0,0,0.139393,Male,White
0,0,0.142448,Male,White
1,0,0.199182,Female,White
0,0,0.158508,Male,White
0,0,0.131842,Male,White
1,0,0.049208,Female,White
0,0,0.105203,Female,White
1,0,0.211560,Male,White
1,0,0.395689,Male,White
1,1,0.717333,Male,White
0,1,0.532167,Male,White
0,0,0.084873,Male,White
0,0,0.369453,Male,White
0,0,0.052628,Female,Black
1,0,0.372413,Male,White
0,0,0.011623,Female,White
0,0,0.026325,Male,White
0,0,0.112131,Female,White
0,0,0.449514,Male,White
0,0,0.141359,Male,Asian-Pac-Islander
1,0,0.467276,Male,White
0,0,0.190739,Male,White
0,0,0.296835,Male,White
0,0,0.093651,Female,White
0,0,0.468403,Male,White
0,0,0.232590,Male,White
0,0,0.017948,Female,Black
0,0,0.038199,Female,White
0,0,0.142862,Female,Black
0,1,0.626853,Male,White
0,0,0.061387,Male,White
1,1,0.874512,Male,White
0,0,0.019876,Female,White
1,0,0.251396,Female,White
0,0,0.166269,Male,White
0,0,0.369434,Male,White
0,0,0.219910,Male,White
0,0,0.327577,Male,White
0,0,0.303335,Male,White
0,0,0.333471,Male,White
0,0,0.117195,Male,White
0,0,0.031445,Male,White
0,1,0.522196,Male,White
0,0,0.443733,Male,White
0,0,0.014528,Male,White
1,0,0.178562,Male,White
0,0,0.038025,Male,White
0,0,0.160317,Female,White
0,1,0.752156,Male,White
1,1,0.559081,Male,White
1,0,0.158508,Male,White
0,0,0.068824,Female,White
0,0,0.095072,Male,White
1,1,0.682690,Male,Amer-Indian-Eskimo
0,0,0.252265,Male,White
0,0,0.021893,Female,White
0,0,0.117087,Male,White
0,0,0.042212,Male,White
0,0,0.122399,Male,White
0,0,0.031413,Male,White
0,0,0.204915,Male,White
0,0,0.074040,Female,White
0,0,0.388364,Female,White
1,1,0.855791,Male,White
1,0,0.411915,Male,White
0,0,0.479534,Male,Asian-Pac-Islander
1,0,0.496436,Male,White
0,0,0.047997,Male,White
1,0,0.141896,Male,White
0,0,0.061356,Female,White
1,0,0.364021,Male,White
1,0,0.151383,Female,White
0,0,0.294949,Male,White
0,0,0.227750,Male,White
0,1,0.869256,Male,White
0,0,0.291382,Male,White
0,0,0.003821,Female,Black
1,0,0.468403,Male,White
0,0,0.176460,Male,White
0,0,0.298666,Male,White
0,0,0.353844,Male,White
0,0,0.051128,Female,White
1,0,0.310235,Male,White
0,0,0.018202,Female,White
1,1,0.681572,Male,White
0,0,0.099304,Female,White
0,0,0.131842,Male,White
1,1,0.570791,Male,White
0,0,0.296835,Male,White
1,0,0.254779,Male,White
0,0,0.005421,Female,White
0,0,0.035383,Male,Black
1,0,0.131325,Male,White
0,1,0.691285,Male,White
0,0,0.132386,Female,White
1,1,0.726394,Male,White
0,0,0.468403,Male,White
0,0,0.385021,Male,White
0,0,0.220547,Male,White
0,0,0.007170,Female,White
0,0,0.116673,Female,White
1,0,0.250505,Male,White
0,0,0.304071,Male,White
0,0,0.204964,Male,White
0,0,0.081817,Male,White
0,0,0.279422,Female,White
0,0,0.213834,Male,White
1,0,0.287564,Male,White
0,0,0.116293,Male,White
0,0,0.117195,Male,White
1,0,0.262507,Male,White
0,0,0.345531,Male,Asian-Pac-Islander
1,1,0.535547,Male,White
0,0,0.142448,Male,White
0,0,0.035973,Female,White
0,1,0.632133,Male,White
0,0,0.087271,Male,Black
1,0,0.495080,Male,White
0,0,0.050235,Female,White
0,0,0.108893,Female,White
0,0,0.079395,Female,White
0,0,0.182694,Male,White
0,0,0.450465,Female,White
1,0,0.051348,Female,White
0,0,0.130209,Male,Black
0,0,0.115720,Male,Black
0,0,0.413210,Male,White
1,0,0.129756,Female,White
0,0,0.071388,Female,White
1,0,0.260815,Male,White
0,0,0.180551,Female,White
0,0,0.226213,Male,White
0,0,0.212366,Male,White
0,0,0.180135,Male,White
1,1,0.653751,Male,White
0,0,0.137224,Female,White
1,1,0.535547,Male,White
0,0,0.026081,Female,White
0,0,0.197755,Male,White
0,0,0.365078,Female,Asian-Pac-Islander
0,0,0.113566,Female,White
0,0,0.217081,Female,White
0,0,0.197755,Male,White
0,0,0.089129,Male,White
0,0,0.057094,Female,White
0,0,0.306277,Male,White
0,0,0.054007,Female,White
0,0,0.042737,Female,White
0,0,0.086162,Male,White
0,0,0.015252,Male,White
0,0,0.031858,Female,White
0,0,0.130843,Male,White
0,0,0.164580,Male,White
1,0,0.145263,Female,White
0,0,0.220596,Female,White
0,0,0.113111,Female,White
1,0,0.183657,Female,White
0,0,0.094314,Female,White
0,0,0.016737,Female,White
0,0,0.047929,Female,White
0,0,0.376656,Male,White
0,0,0.095919,Male,White
0,0,0.034163,Male,White
0,0,0.066006,Female,White
0,0,0.232207,Male,White
1,1,0.939004,Male,White
0,0,0.165787,Male,White
0,0,0.109410,Female,Black
0,0,0.060549,Male,Black
0,0,0.245521,Male,White
1,1,0.693151,Male,White
0,0,0.116293,Male,White
0,0,0.058061,Female,White
0,0,0.343662,Male,White
1,1,0.890925,Male,White
0,0,0.093576,Male,White
1,1,0.719226,Male,White
0,0,0.235677,Male,White
0,0,0.259440,Female,White
0,1,0.643534,Male,White
0,0,0.446155,Male,White
0,1,0.514839,Male,White
0,0,0.030364,Male,White
0,0,0.119941,Male,White
0,1,0.566385,Male,White
0,0,0.137621,Female,White
1,0,0.231542,Male,Black
0,0,0.084131,Female,White
1,0,0.189049,Male,White
0,0,0.002614,Female,Asian-Pac-Islander
0,1,0.701513,Female,White
0,0,0.115743,Female,White
0,0,0.028834,Male,White
0,0,0.133378,Female,White
0,0,0.008726,Female,White
1,0,0.218463,Male,White
0,0,0.010483,Female,White
0,0,0.023687,Female,White
0,0,0.314842,Male,White
0,0,0.234820,Female,White
0,0,0.021610,Female,White
1,0,0.177000,Male,White
0,0,0.093198,Female,White
1,0,0.219910,Male,White
1,0,0.061910,Female,White
0,0,0.320830,Male,White
0,0,0.402384,Male,White
0,0,0.271278,Male,White
1,0,0.333489,Male,White
0,1,0.584048,Male,White
0,0,0.293069,Male,White
0,0,0.477320,Male,White
0,0,0.089909,Male,White
0,0,0.092101,Male,White
0,0,0.023571,Male,White
0,0,0.277625,Female,Asian-Pac-Islander
0,0,0.178408,Male,White
0,0,0.495080,Male,White
0,0,0.142799,Male,Black
1,0,0.382950,Male,White
0,0,0.071753,Female,White
0,0,0.206394,Male,White
0,0,0.075538,Female,Asian-Pac-Islander
1,1,0.590633,Male,White
0,0,0.193631,Male,White
1,1,0.577543,Male,White
0,0,0.061370,Male,White
0,0,0.064781,Female,White
0,1,0.653751,Male,White
0,0,0.121914,Male,White
0,0,0.133824,Male,Black
0,0,0.332484,Male,White
0,0,0.011242,Male,Asian-Pac-Islander
0,0,0.415335,Male,White
0,0,0.073488,Female,White
1,0,0.490777,Male,White
1,0,0.198427,Male,White
0,0,0.089466,Female,White
0,0,0.108233,Male,White
0,0,0.165713,Female,White
0,0,0.137059,Male,White
0,0,0.347220,Male,White
0,0,0.030249,Male,White
0,0,0.141181,Female,White
0,0,0.221467,Male,White
0,0,0.170688,Male,White
1,0,0.406333,Male,White
0,0,0.057303,Male,White
1,1,0.743791,Male,White
0,0,0.077173,Female,White
0,0,0.032141,Male,Black
0,0,0.120980,Male,White
0,0,0.028511,Female,White
0,0,0.022231,Female,Black
1,1,0.717333,Male,White
0,0,0.035906,Male,Other
0,0,0.225238,Male,Black
1,0,0.080011,Female,White
0,0,0.296818,Female,White
0,0,0.146368,Male,Amer-Indian-Eskimo
0,0,0.061387,Male,White
1,1,0.643057,Male,White
1,0,0.443918,Male,White
0,0,0.016024,Female,White
0,0,0.176008,Male,White
0,0,0.053996,Male,White
1,0,0.192831,Female,White
1,0,0.243903,Male,White
0,0,0.080994,Male,Black
0,0,0.068123,Female,White
0,0,0.022579,Female,White
0,0,0.014654,Male,White
0,0,0.153756,Male,White
1,0,0.217511,Male,Black
1,0,0.092013,Female,White
0,0,0.086576,Male,Black
0,0,0.084768,Female,White
0,0,0.178562,Male,White
0,0,0.017066,Male,Other
0,0,0.091748,Male,White
0,0,0.300724,Male,White
0,0,0.133860,Male,White
1,0,0.417317,Male,White
0,0,0.093147,Female,White
0,0,0.204915,Male,White
1,1,0.588514,Male,White
0,0,0.012443,Female,White
0,0,0.170079,Female,White
0,0,0.081077,Female,White
1,0,0.159680,Male,White
0,0,0.019998,Female,Black
1,1,0.524380,Male,White
1,0,0.218463,Male,White
0,0,0.093765,Male,White
0,0,0.419520,Male,White
0,0,0.053674,Female,White
0,0,0.213834,Male,White
0,0,0.060562,Female,White
0,0,0.032129,Female,White
0,0,0.039946,Male,White
0,0,0.052907,Female,White
0,0,0.172356,Male,White
0,0,0.112184,Male,White
0,0,0.006641,Female,Black
1,1,0.661871,Male,White
0,0,0.131842,Male,White
1,0,0.343662,Male,White
1,0,0.255583,Male,White
0,0,0.011901,Male,White
0,0,0.058870,Male,White
0,0,0.023687,Female,White
0,0,0.243848,Male,White
0,0,0.109110,Male,White
0,0,0.241407,Male,White
0,0,0.408644,Male,White
1,1,0.759012,Male,White
0,0,0.047152,Female,White
0,1,0.698804,Male,White
0,0,0.084873,Male,White
0,0,0.116673,Female,White
0,0,0.228494,Male,White
0,0,0.050241,Female,Asian-Pac-Islander
0,0,0.053119,Female,White
0,0,0.037878,Female,White
0,0,0.171848,Male,White
0,0,0.209278,Male,White
0,0,0.099878,Male,White
1,0,0.345640,Male,White
1,1,0.700707,Male,White
1,1,0.742176,Male,White
0,0,0.122422,Female,White
0,0,0.254286,Male,White
0,0,0.048346,Female,Black
0,0,0.052725,Female,White
0,0,0.165787,Male,White
1,0,0.383162,Male,White
0,0,0.008728,Female,White
0,0,0.453851,Male,White
0,0,0.113545,Male,White
0,0,0.157834,Female,White
0,0,0.060562,Female,White
0,0,0.391581,Male,White
1,1,0.651766,Male,White
0,0,0.053550,Male,White
1,1,0.757297,Male,White
0,0,0.101098,Female,White
0,0,0.052907,Female,White
0,0,0.006947,Female,Black
0,0,0.228400,Female,White
0,0,0.289361,Male,White
1,0,0.124260,Male,Black
0,0,0.163979,Male,White
0,0,0.020292,Female,Black
0,0,0.192094,Male,White
0,0,0.289361,Male,White
0,0,0.043096,Female,White
0,0,0.024423,Male,White
0,0,0.132386,Female,White
0,0,0.107290,Male,White
0,0,0.412112,Male,White
1,0,0.393597,Male,White
0,1,0.598166,Male,White
0,0,0.183915,Male,White
1,0,0.368225,Male,White
1,1,0.535547,Male,White
0,0,0.040511,Female,White
1,0,0.117134,Male,White
0,0,0.199833,Female,White
1,0,0.262507,Male,White
0,0,0.013181,Female,Black
0,0,0.077136,Male,Black
0,0,0.124227,Male,Black
1,0,0.298628,Male,Asian-Pac-Islander
1,0,0.279361,Female,White
0,0,0.192925,Male,White
0,0,0.015730,Female,Black
0,0,0.121373,Female,White
0,0,0.083766,Male,Black
0,0,0.146670,Male,White
0,0,0.033416,Female,White
0,0,0.165787,Male,White
0,0,0.014848,Female,White
0,0,0.296773,Male,White
0,0,0.004064,Female,White
0,0,0.038025,Male,White
0,0,0.378714,Male,White
0,0,0.038316,Female,Black
0,0,0.046312,Female,Black
1,0,0.206394,Male,White
1,0,0.126795,Male,White
0,0,0.088420,Male,White
0,0,0.077173,Female,White
1,1,0.534624,Male,White
0,0,0.385163,Male,White
0,0,0.030504,Female,White
1,0,0.132848,Male,White
0,0,0.310196,Male,Asian-Pac-Islander
1,1,0.631149,Male,White
0,0,0.065300,Male,Black
0,0,0.160858,Female,White
0,0,0.136026,Male,White
0,0,0.319909,Male,White
0,0,0.251042,Male,Amer-Indian-Eskimo
1,1,0.510926,Male,White
1,0,0.136559,Male,White
0,0,0.136026,Male,White
0,0,0.159680,Male,White
0,0,0.374064,Male,White
0,1,0.662768,Male,White
1,0,0.307175,Male,Black
1,0,0.182358,Male,White
0,0,0.182694,Male,White
1,0,0.357858,Male,White
1,1,0.581052,Male,White
1,0,0.103883,Male,White
1,1,0.630094,Male,White
1,0,0.307414,Male,White
0,0,0.014086,Female,White
0,0,0.359072,Male,White
0,0,0.156350,Male,Black
1,1,0.742927,Male,White
0,0,0.362339,Male,White
0,1,0.967359,Male,Asian-Pac-Islander
0,0,0.245577,Male,White
0,0,0.137059,Male,White
0,0,0.243069,Male,White
0,0,0.464616,Male,White
1,0,0.212316,Male,White
0,0,0.470584,Male,White
1,1,0.622712,Male,White
0,0,0.247975,Female,White
0,0,0.072253,Male,Asian-Pac-Islander
0,0,0.022572,Female,White
0,0,0.145124,Male,Black
0,0,0.088013,Female,White
0,0,0.051846,Female,White
0,0,0.051747,Female,Black
1,1,0.504173,Male,White
0,0,0.331365,Male,White
0,0,0.156342,Male,White
1,0,0.304356,Male,White
1,1,0.504173,Male,White
0,0,0.077938,Female,White
0,0,0.121373,Female,White
1,0,0.341053,Female,White
0,0,0.316910,Female,White
0,1,0.758152,Female,White
0,0,0.124778,Female,White
1,1,0.590633,Male,White
0,0,0.100285,Male,White
0,0,0.318809,Female,White
0,0,0.468403,Male,White
0,0,0.177984,Female,White
1,0,0.300973,Male,White
0,0,0.059827,Female,White
1,1,0.537724,Male,White
0,0,0.210202,Male,White
0,0,0.183191,Male,White
0,1,0.579751,Male,White
0,0,0.182271,Male,White
0,0,0.052628,Female,Black
1,0,0.446155,Male,White
0,0,0.291165,Male,White
0,0,0.200596,Male,White
0,0,0.286241,Male,Black
1,1,0.784899,Male,White
0,0,0.257252,Male,White
0,0,0.312366,Male,White
1,0,0.306058,Male,White
1,0,0.252265,Male,White
0,0,0.164539,Male,White
0,0,0.049925,Female,White
1,0,0.199119,Male,Asian-Pac-Islander
0,0,0.234766,Female,White
0,0,0.100359,Male,White
1,1,0.898291,Male,White
1,0,0.063163,Female,White
0,0,0.120980,Male,White
0,0,0.039547,Female,White
0,0,0.130843,Male,White
0,0,0.111764,Male,White
0,0,0.076552,Female,White
1,1,0.818411,Male,White
0,0,0.466149,Male,White
1,1,0.737030,Male,White
0,0,0.246306,Male,White
1,0,0.234634,Female,White
1,1,0.689285,Male,White
0,0,0.039156,Male,Black
0,0,0.254779,Male,White
1,1,0.564233,Male,White
0,0,0.115310,Female,Black
1,0,0.193550,Male,White
0,0,0.237312,Male,White
0,0,0.117195,Male,White
0,0,0.121914,Male,White
0,0,0.202316,Male,White
0,0,0.185233,Male,White
0,1,0.669830,Male,White
0,0,0.137059,Male,White
0,0,0.034324,Female,White
1,1,0.524380,Male,White
0,0,0.084895,Female,White
0,0,0.002091,Female,Asian-Pac-Islander
1,1,0.501984,Male,White
0,0,0.188535,Male,Black
0,0,0.229292,Male,Black
0,0,0.111764,Male,White
0,0,0.245521,Male,White
0,0,0.046949,Female,White
0,0,0.004356,Female,White
1,1,0.869862,Male,White
0,0,0.087313,Female,White
0,0,0.378714,Male,White
1,0,0.304293,Male,White
1,0,0.157765,Male,Black
0,0,0.208614,Female,White
0,0,0.117687,Female,White
1,0,0.490777,Male,White
0,0,0.020775,Female,White
1,0,0.243903,Male,White
0,0,0.360011,Male,White
0,0,0.069532,Male,White
1,1,0.534421,Male,White
1,0,0.142448,Male,White
0,0,0.033270,Female,White
0,0,0.050705,Female,White
0,0,0.016667,Male,White
1,1,0.618447,Male,White
1,1,0.546678,Male,White
0,0,0.139143,Male,White
0,0,0.063163,Female,White
0,0,0.022923,Female,Other
0,0,0.339723,Male,White
0,0,0.053362,Female,White
0,0,0.040752,Female,Other
0,0,0.120923,Female,White
0,0,0.095481,Female,White
0,1,0.687947,Male,White
0,0,0.043096,Female,White
1,0,0.075292,Female,White
0,0,0.075308,Male,White
0,0,0.236586,Female,White
0,0,0.261730,Female,White
0,0,0.433993,Male,White
0,0,0.083766,Male,Black
0,0,0.382950,Male,White
0,0,0.061079,Female,White
1,1,0.641454,Male,White
0,0,0.113536,Female,White
1,0,0.067570,Female,White
0,0,0.110517,Male,White
0,1,0.607814,Male,White
0,0,0.149672,Male,Asian-Pac-Islander
0,0,0.012902,Female,White
0,0,0.137059,Male,White
0,0,0.092013,Male,White
0,0,0.114451,Female,White
1,1,0.606806,Male,White
1,1,0.818339,Male,Asian-Pac-Islander
0,0,0.120948,Male,White
0,0,0.400028,Male,White
0,0,0.066761,Male,White
0,0,0.057343,Male,White
0,0,0.023274,Male,White
0,0,0.098596,Male,Black
0,0,0.379831,Female,White
0,0,0.343527,Male,White
0,0,0.033838,Female,Black
0,0,0.103981,Male,White
0,1,0.620492,Male,White
0,0,0.034743,Female,White
0,0,0.063163,Female,White
0,0,0.443844,Male,White
1,0,0.212366,Male,White
0,0,0.112666,Male,White
0,0,0.004671,Female,White
0,0,0.381612,Male,Black
0,0,0.221467,Male,White
0,0,0.486252,Male,White
0,0,0.045768,Female,White
0,0,0.116293,Male,White
1,1,0.659408,Male,White
0,0,0.149873,Female,White
0,0,0.361927,Male,White
0,0,0.301677,Male,White
0,0,0.197755,Male,White
0,0,0.199148,Male,White
1,1,0.752240,Male,White
0,0,0.197726,Male,Asian-Pac-Islander
0,0,0.141831,Female,White
0,1,0.769414,Male,White
1,0,0.225276,Female,White
0,0,0.487458,Male,White
0,0,0.054312,Male,White
1,1,0.535547,Male,White
0,0,0.059150,Female,White
0,1,0.598166,Male,White
0,0,0.101016,Female,White
0,0,0.137059,Male,White
0,0,0.021422,Male,White
0,0,0.163814,Male,Black
1,0,0.098642,Female,White
0,0,0.044609,Female,White
0,0,0.271278,Male,White
0,0,0.321686,Male,White
1,0,0.421910,Male,White
0,0,0.108674,Female,Asian-Pac-Islander
0,0,0.120442,Female,White
0,0,0.073659,Female,Black
0,0,0.047356,Female,White
0,0,0.499720,Male,White
0,0,0.005185,Female,White
0,0,0.044609,Female,White
0,0,0.020840,Male,Asian-Pac-Islander
0,0,0.347623,Male,White
0,0,0.314840,Male,Black
1,0,0.392731,Male,White
0,0,0.113171,Male,White
0,1,0.738666,Male,White
0,0,0.420806,Male,White
0,0,0.136026,Male,White
0,0,0.155151,Male,White
1,0,0.353844,Male,White
0,1,0.659206,Male,White
0,0,0.021610,Female,White
1,0,0.192925,Male,White
0,0,0.335505,Male,White
0,0,0.011340,Female,White
1,0,0.306277,Male,White
0,0,0.226954,Male,White
0,0,0.047116,Female,White
0,0,0.211560,Male,White
0,0,0.171437,Male,White
0,0,0.014092,Female,Asian-Pac-Islander
0,0,0.164580,Male,White
0,0,0.113545,Male,White
0,0,0.243903,Male,White
0,0,0.168106,Female,Black
0,0,0.001513,Female,White
1,1,0.619515,Male,White
0,0,0.107739,Male,White
0,0,0.058854,Male,White
0,0,0.435106,Male,White
1,0,0.461458,Male,White
1,0,0.210855,Male,White
0,0,0.221467,Male,White
0,0,0.136132,Male,White
0,0,0.199148,Male,White
0,1,0.717418,Male,Asian-Pac-Islander
0,0,0.142448,Male,White
0,0,0.071025,Female,White
1,0,0.152620,Male,White
0,0,0.024329,Male,White
1,0,0.271278,Male,White
0,0,0.125829,Male,White
0,0,0.035427,Male,White
0,0,0.177899,Male,White
1,1,0.798244,Male,White
0,0,0.446155,Male,White
1,1,0.823008,Male,White
1,1,0.548654,Male,Asian-Pac-Islander
0,0,0.076777,Female,Black
0,0,0.077360,Male,White
0,0,0.213834,Male,White
0,0,0.132583,Male,White
0,0,0.250505,Male,White
0,0,0.139651,Male,White
0,0,0.087394,Male,Amer-Indian-Eskimo
0,0,0.036278,Female,White
1,1,0.778798,Male,White
1,1,0.537799,Male,White
1,0,0.363043,Male,White
0,0,0.048332,Female,Black
1,0,0.078088,Male,White
1,1,0.649708,Male,White
0,0,0.159002,Female,White
0,0,0.099498,Male,White
0,0,0.041420,Male,White
0,0,0.214633,Female,White
0,0,0.071604,Female,Black
0,0,0.116293,Male,White
1,0,0.133860,Male,White
0,0,0.116293,Male,White
1,0,0.125730,Male,White
0,0,0.060293,Male,White
0,0,0.044371,Female,Black
0,0,0.285712,Male,White
0,1,0.812942,Male,White
0,0,0.030647,Female,White
0,0,0.023799,Female,White
0,0,0.021706,Female,White
0,0,0.212090,Female,White
0,0,0.084481,Female,White
0,0,0.281640,Male,White
0,0,0.012611,Female,Black
0,0,0.107883,Male,White
1,1,0.806736,Male,White
0,0,0.185233,Male,White
0,0,0.395689,Male,White
0,0,0.439267,Male,White
0,0,0.063383,Male,Black
0,0,0.042625,Male,White
1,1,0.844710,Male,White
0,0,0.014723,Female,White
0,0,0.140698,Male,White
0,0,0.120980,Male,White
0,0,0.382879,Male,White
0,0,0.197755,Male,White
1,0,0.206394,Male,White
0,0,0.096583,Female,White
1,0,0.090231,Female,White
0,0,0.152581,Male,White
0,0,0.003919,Female,Other
0,0,0.351708,Male,White
0,0,0.316538,Male,Black
0,0,0.029056,Female,Black
1,1,0.623686,Male,White
0,0,0.081455,Male,White
1,1,0.524380,Male,White
0,1,0.546604,Male,White
0,0,0.015105,Female,White
0,0,0.023583,Female,White
0,0,0.261962,Male,White
1,1,0.770178,Male,White
0,1,0.628207,Male,White
0,0,0.361347,Male,White
0,0,0.131842,Male,White
0,0,0.165192,Female,White
0,0,0.015722,Female,White
0,0,0.137059,Male,White
1,0,0.243903,Male,White
0,1,0.599182,Male,White
0,0,0.319909,Male,White
1,1,0.669764,Male,White
0,0,0.029206,Female,White
1,1,0.673692,Male,White
0,0,0.024295,Female,Black
0,0,0.003565,Female,Amer-Indian-Eskimo
1,1,0.738666,Male,White
0,0,0.106374,Female,Black
1,0,0.357075,Male,White
1,0,0.368844,Female,White
1,0,0.194955,Female,White
0,0,0.042154,Female,Black
0,0,0.347740,Female,White
1,0,0.435106,Male,White
1,0,0.468403,Male,White
0,0,0.152620,Male,White
1,0,0.351199,Female,White
0,0,0.336003,Male,White
0,0,0.137621,Female,White
0,0,0.017482,Male,White
0,0,0.160317,Female,White
0,0,0.062105,Male,White
1,0,0.420622,Male,Black
0,0,0.192798,Male,White
0,0,0.274975,Female,White
0,0,0.312048,Male,White
0,0,0.019021,Female,White
1,1,0.609971,Male,White
1,0,0.067275,Female,White
0,1,0.651766,Male,White
0,0,0.159680,Male,White
0,0,0.014272,Female,White
0,0,0.295842,Female,White
0,0,0.026768,Female,White
1,0,0.057584,Female,White
0,0,0.039547,Female,White
0,0,0.177974,Female,White
0,0,0.019620,Male,White
0,0,0.175684,Male,White
0,0,0.074921,Male,White
0,0,0.392731,Male,White
0,0,0.053134,Female,White
0,0,0.130843,Male,White
0,0,0.209278,Male,White
0,0,0.023792,Female,White
0,0,0.212277,Female,White
0,0,0.344617,Male,White
0,0,0.143028,Female,White
1,1,0.927888,Male,White
1,0,0.304293,Male,White
1,1,0.513188,Male,White
0,0,0.057387,Female,White
1,1,0.642751,Male,White
0,0,0.439415,Male,White
0,0,0.214633,Female,White
0,0,0.019027,Female,White
0,0,0.050059,Male,White
1,1,0.796878,Male,White
0,0,0.088786,Male,White
0,0,0.199905,Female,White
0,0,0.126795,Male,White
0,0,0.037208,Female,Black
0,0,0.079434,Male,White
0,0,0.183870,Male,White
0,0,0.008305,Male,White
0,0,0.014099,Female,White
0,1,0.674752,Male,White
0,0,0.021285,Female,White
1,1,0.832540,Male,White
1,1,0.544433,Male,White
0,1,0.518842,Male,White
0,0,0.252265,Male,White
0,0,0.445036,Male,White
0,0,0.167312,Male,White
0,1,0.825674,Male,White
0,0,0.241462,Male,White
1,0,0.213110,Female,White
0,0,0.028802,Female,Black
0,0,0.266116,Male,White
1,1,0.736035,Male,White
0,0,0.028915,Male,Black
0,0,0.046512,Female,Black
0,0,0.018178,Female,White
0,0,0.076594,Female,White
0,0,0.203150,Male,Asian-Pac-Islander
0,0,0.226182,Male,Asian-Pac-Islander
1,0,0.384020,Male,White
1,0,0.102701,Female,White
0,0,0.199119,Male,Asian-Pac-Islander
0,0,0.138123,Female,White
0,1,0.747255,Male,White
0,0,0.084873,Male,White
1,1,0.713708,Male,White
0,0,0.136461,Female,White
1,0,0.353776,Male,White
0,0,0.054499,Male,White
0,0,0.136026,Male,White
0,1,0.547157,Male,White
1,1,0.778017,Male,White
0,0,0.360115,Male,White
0,0,0.014209,Female,White
0,0,0.266825,Male,White
0,0,0.018564,Female,White
1,0,0.178562,Male,White
0,0,0.447768,Male,White
0,0,0.472617,Male,White
0,0,0.178562,Male,White
1,1,0.767010,Male,White
0,0,0.338723,Male,White
1,0,0.430549,Male,White
0,0,0.055853,Male,White
0,0,0.049925,Female,White
0,0,0.012902,Female,White
0,0,0.137059,Male,White
0,0,0.094012,Male,White
0,0,0.054690,Female,White
0,0,0.037561,Female,White
1,0,0.457183,Male,White
1,0,0.152596,Male,Asian-Pac-Islander
1,0,0.115341,Female,White
0,0,0.181397,Female,White
1,1,0.539826,Male,White
0,0,0.111211,Male,Black
0,0,0.269550,Male,White
0,0,0.014099,Female,White
0,0,0.077173,Female,White
0,0,0.034743,Female,White
0,0,0.144115,Male,White
0,0,0.306277,Male,White
0,0,0.060036,Male,Black
1,1,0.671830,Male,White
0,1,0.544433,Male,White
1,1,0.620653,Male,White
1,0,0.296773,Male,White
1,1,0.926677,Male,White
1,0,0.153646,Female,Black
1,0,0.298774,Female,White
0,0,0.169482,Female,Black
0,0,0.030083,Female,Black
0,0,0.241473,Female,White
1,0,0.143028,Female,White
1,0,0.430549,Male,White
0,0,0.084504,Female,White
1,0,0.192094,Male,White
0,0,0.023205,Female,White
0,1,0.860498,Male,White
1,0,0.390574,Male,White
1,1,0.580509,Male,White
0,0,0.172555,Male,Black
1,1,0.779219,Male,White
0,0,0.317779,Male,White
0,0,0.304356,Male,White
1,1,0.569681,Male,White
1,0,0.288430,Male,Black
0,0,0.342337,Male,Black
0,0,0.066749,Female,Amer-Indian-Eskimo
0,0,0.103981,Male,White
0,0,0.125829,Male,White
0,0,0.262507,Male,White
0,0,0.092101,Male,White
0,0,0.158468,Male,White
1,0,0.079104,Male,White
0,0,0.198461,Female,White
0,0,0.226213,Male,White
0,0,0.055099,Male,White
0,0,0.304420,Male,White
0,0,0.164580,Male,White
1,1,0.510926,Male,White
0,0,0.074643,Female,White
1,0,0.235731,Male,White
0,0,0.035973,Female,White
0,0,0.039215,Female,White
0,0,0.351640,Male,White
1,0,0.220688,Male,White
0,0,0.356817,Male,Black
0,0,0.020768,Female,White
0,0,0.022579,Female,White
1,0,0.164967,Female,White
0,0,0.387238,Male,White
0,0,0.112636,Male,White
0,0,0.039409,Female,White
1,1,0.865828,Male,White
0,1,0.517413,Male,White
0,0,0.176622,Male,White
0,0,0.048590,Female,White
1,0,0.434958,Male,White
1,0,0.337527,Male,White
0,0,0.043096,Female,White
0,0,0.088013,Female,White
0,1,0.624158,Male,White
1,0,0.109008,Male,White
1,1,0.728920,Female,White
0,0,0.047226,Female,White
1,1,0.728190,Male,White
0,1,0.592748,Male,White
1,0,0.424120,Male,White
1,0,0.333556,Male,White
0,0,0.113521,Female,White
1,1,0.557763,Male,White
0,0,0.358949,Female,White
0,0,0.388241,Male,Black
0,0,0.083806,Female,White
0,0,0.009122,Female,White
0,0,0.137059,Male,White
1,0,0.388170,Male,Black
0,0,0.234901,Female,White
0,0,0.092101,Male,White
0,0,0.016807,Female,White
0,0,0.017874,Female,Black
1,0,0.117140,Female,White
0,0,0.063163,Female,White
1,0,0.345572,Male,White
1,1,0.838124,Male,White
0,0,0.077173,Female,White
0,0,0.149647,Female,White
0,0,0.183915,Male,White
0,0,0.018107,Male,White
0,0,0.327577,Male,White
0,0,0.362204,Male,White
0,1,0.548699,Male,White
0,0,0.013523,Female,Black
0,0,0.153756,Male,White
0,0,0.086465,Female,White
0,0,0.359072,Male,White
0,1,0.516710,Male,White
1,1,0.599254,Male,White
0,0,0.056420,Male,White
0,0,0.310235,Male,White
1,0,0.323500,Male,Black
0,0,0.060321,Male,Other
0,0,0.005370,Female,White
0,0,0.447216,Female,White
0,0,0.354046,Male,White
0,0,0.091211,Male,White
1,1,0.639438,Male,White
0,0,0.142448,Male,White
1,0,0.495080,Male,White
1,0,0.279361,Female,White
1,0,0.197755,Male,White
0,0,0.111764,Male,White
1,1,0.501984,Male,White
0,0,0.313995,Male,White
0,0,0.021034,Female,White
0,0,0.477395,Male,White
1,0,0.170837,Male,White
1,0,0.063990,Female,White
0,0,0.131842,Male,White
1,0,0.397928,Male,White
1,0,0.274903,Male,White
1,1,0.677759,Male,White
0,0,0.313866,Male,White
0,0,0.245521,Male,White
0,0,0.278407,Male,White
0,0,0.172081,Male,White
1,0,0.025269,Female,Black
1,1,0.557719,Male,Asian-Pac-Islander
0,0,0.253927,Female,Asian-Pac-Islander
0,0,0.356817,Male,Black
0,0,0.274903,Male,White
0,1,0.869930,Male,White
1,0,0.079771,Female,White
0,0,0.051348,Female,White
1,1,0.710023,Male,White
0,0,0.127321,Female,White
0,0,0.025369,Male,White
0,0,0.192094,Male,White
0,0,0.038210,Female,White
1,1,0.619252,Male,White
1,0,0.220725,Female,White
1,1,0.811699,Male,White
0,0,0.137059,Male,White
1,0,0.291564,Male,White
0,0,0.194198,Female,White
0,0,0.165787,Male,White
0,0,0.042154,Female,Black
0,0,0.024410,Female,White
0,0,0.089611,Female,White
0,0,0.063968,Male,White
0,0,0.195572,Female,White
1,1,0.710147,Male,White
0,0,0.304293,Male,White
0,0,0.107290,Male,White
0,0,0.204964,Male,White
1,1,0.546678,Male,White
0,0,0.112636,Male,White
0,0,0.345571,Male,Black
0,0,0.488327,Male,White
0,0,0.023271,Female,Asian-Pac-Islander
0,0,0.072569,Male,White
0,0,0.079870,Male,White
0,0,0.132386,Female,White
0,1,0.863710,Male,White
1,0,0.296835,Male,White
0,0,0.090359,Male,Black
0,0,0.095527,Male,White
0,0,0.329740,Male,White
0,0,0.042737,Female,White
0,0,0.042737,Female,White
0,0,0.259130,Male,White
0,0,0.319909,Male,White
0,0,0.027177,Male,Other
0,0,0.011294,Female,Asian-Pac-Islander
0,0,0.178725,Female,White
0,0,0.004199,Female,White
1,0,0.424763,Male,Asian-Pac-Islander
0,0,0.047520,Female,Black
1,1,0.524380,Male,White
0,0,0.134902,Female,Black
1,0,0.237312,Male,White
0,0,0.027833,Male,White
0,0,0.017034,Male,White
0,0,0.326580,Male,White
0,1,0.888013,Male,White
1,1,0.607885,Male,White
0,0,0.217949,Female,Asian-Pac-Islander
1,1,0.809144,Male,White
0,0,0.235731,Male,White
0,0,0.048088,Male,Black
0,0,0.310914,Male,Black
0,0,0.046358,Female,White
0,0,0.230582,Male,White
0,0,0.137692,Male,White
1,1,0.539826,Male,White
1,0,0.102161,Male,Black
1,1,0.699819,Male,White
1,0,0.170837,Male,White
0,0,0.212316,Male,White
0,0,0.055657,Female,White
0,0,0.484987,Female,White
0,0,0.163814,Male,White
1,0,0.269550,Male,White
0,0,0.021610,Female,White
1,0,0.308141,Male,White
0,0,0.112636,Male,White
1,1,0.939521,Male,White
1,1,0.533294,Male,White
0,0,0.038605,Female,White
1,0,0.272216,Female,White
0,0,0.051791,Female,White
0,0,0.105837,Female,Other
0,0,0.037878,Female,White
1,0,0.199148,Male,White
0,0,0.231407,Male,Asian-Pac-Islander
0,0,0.338588,Female,White
0,0,0.065300,Male,Black
0,0,0.032536,Female,Black
0,0,0.273942,Male,White
0,0,0.148012,Male,White
0,0,0.339723,Male,White
0,0,0.103981,Male,White
0,0,0.016994,Female,White
0,0,0.255817,Male,Amer-Indian-Eskimo
0,0,0.059106,Male,White
0,0,0.121850,Female,White
1,0,0.437259,Male,White
0,0,0.088420,Male,White
0,0,0.499795,Male,White
0,0,0.049184,Male,White
0,0,0.257453,Male,White
0,0,0.087271,Male,Black
0,0,0.022258,Female,White
0,0,0.086936,Male,White
0,0,0.238078,Male,White
0,0,0.013007,Male,Black
0,0,0.056388,Male,White
0,0,0.023159,Female,Black
0,0,0.071025,Female,White
0,0,0.126795,Male,White
0,0,0.165787,Male,White
0,0,0.229294,Male,White
0,0,0.041984,Female,White
0,0,0.022579,Female,White
0,0,0.118608,Male,White
0,0,0.060036,Male,Black
0,0,0.058281,Male,White
0,0,0.137059,Male,White
0,0,0.159680,Male,White
0,1,0.717002,Male,White
1,1,0.609971,Male,White
0,0,0.267712,Male,White
0,0,0.158508,Male,White
1,0,0.295998,Female,White
0,0,0.019970,Female,White
0,0,0.269491,Male,White
0,0,0.026629,Female,White
0,0,0.333622,Male,White
0,0,0.118080,Female,White
0,0,0.064992,Female,Black
0,0,0.242237,Male,White
1,0,0.253920,Male,White
0,0,0.103510,Female,White
0,0,0.022579,Female,White
0,0,0.360115,Male,White
1,0,0.253886,Male,Asian-Pac-Islander
0,0,0.190213,Male,White
0,0,0.084896,Male,White
1,0,0.385049,Male,Asian-Pac-Islander
1,1,0.577543,Male,White
0,0,0.192094,Male,White
0,0,0.269550,Male,White
1,1,0.590416,Male,White
0,0,0.393208,Male,White
0,0,0.025579,Male,Black
0,0,0.197755,Male,White
0,0,0.190739,Male,White
0,0,0.091302,Female,White
0,1,0.926697,Male,White
0,0,0.015130,Female,Black
0,0,0.026768,Female,White
0,0,0.040754,Male,White
1,1,0.590633,Male,White
0,0,0.126795,Male,White
1,0,0.468403,Male,White
1,0,0.472766,Male,White
0,0,0.090937,Female,Asian-Pac-Islander
0,0,0.179749,Female,White
0,0,0.067271,Male,White
0,0,0.145853,Female,White
0,0,0.141831,Female,White
0,0,0.271278,Male,White
0,0,0.089635,Female,White
1,0,0.146595,Female,White
0,0,0.137059,Male,White
0,0,0.088420,Male,White
0,0,0.143028,Female,White
0,0,0.039037,Male,White
0,0,0.461532,Male,White
0,0,0.122422,Female,White
0,0,0.074643,Female,White
0,0,0.019431,Female,Black
0,0,0.006228,Female,Black
0,0,0.026397,Female,Black
0,0,0.025054,Female,Black
0,0,0.112844,Male,White
1,1,0.702728,Male,White
1,0,0.387238,Male,White
0,1,0.581360,Male,White
0,0,0.182694,Male,White
0,0,0.036278,Female,White
0,0,0.040940,Female,White
0,0,0.123366,Female,White
0,1,0.576253,Male,Black
0,0,0.242237,Male,White
0,0,0.237312,Male,White
0,0,0.095481,Female,White
0,0,0.125829,Male,White
0,0,0.129599,Male,White
0,0,0.118196,Male,White
1,1,0.819664,Male,White
0,0,0.339790,Male,White
1,0,0.269550,Male,White
0,0,0.005020,Female,White
0,0,0.014086,Female,White
1,0,0.110904,Female,White
0,0,0.381024,Male,White
0,0,0.039547,Female,White
0,0,0.445036,Male,White
1,0,0.451533,Male,White
0,0,0.133532,Female,White
0,0,0.081455,Male,White
0,0,0.281310,Male,White
0,0,0.024946,Male,White
1,1,0.651562,Male,White
0,0,0.111798,Female,Black
1,0,0.158508,Male,White
0,0,0.159680,Male,White
1,1,0.555602,Male,White
1,0,0.219910,Male,White
0,0,0.041285,Female,White
0,0,0.247919,Female,White
0,0,0.070430,Female,White
1,1,0.532167,Male,White
0,0,0.090618,Female,Amer-Indian-Eskimo
1,0,0.298666,Male,White
1,0,0.178562,Male,White
0,0,0.090188,Male,Black
0,0,0.099878,Male,White
0,0,0.048332,Female,Black
0,0,0.044609,Female,White
0,0,0.064022,Male,White
1,0,0.101106,Male,White
0,0,0.117140,Female,White
0,0,0.120387,Male,Black
1,0,0.495005,Male,White
0,0,0.095090,Female,Black
0,1,0.522121,Male,White
0,0,0.327577,Male,White
0,0,0.189184,Male,White
1,0,0.032129,Female,White
0,0,0.009326,Female,Black
0,0,0.095481,Female,White
0,0,0.196322,Male,White
0,0,0.099118,Female,White
0,0,0.266347,Male,White
1,0,0.436637,Male,White
0,0,0.037789,Male,White
0,0,0.329740,Male,White
1,1,0.658891,Male,White
0,0,0.019144,Male,White
1,0,0.443918,Male,White
0,0,0.045535,Male,White
1,0,0.094727,Female,White
0,0,0.028141,Female,Black
0,0,0.131359,Male,White
1,1,0.763784,Male,White
0,0,0.121555,Male,Black
0,0,0.039547,Female,White
0,0,0.153783,Female,White
0,0,0.055673,Female,White
0,0,0.278468,Male,White
1,0,0.163814,Male,Black
0,0,0.298774,Female,White
1,1,0.726334,Male,White
0,0,0.065577,Male,White
0,0,0.298666,Male,White
0,0,0.044609,Female,White
0,0,0.164555,Male,Asian-Pac-Islander
0,1,0.886245,Male,White
0,0,0.245990,Male,White
0,0,0.116681,Male,Black
0,0,0.087271,Male,Black
1,0,0.206394,Male,White
0,1,0.570791,Male,White
0,0,0.189391,Male,White
0,0,0.150520,Male,White
0,0,0.109905,Male,White
0,0,0.486214,Male,White
1,1,0.522196,Male,White
1,1,0.713769,Male,White
0,0,0.108233,Male,White
0,0,0.278468,Male,White
1,1,0.566532,Male,White
0,0,0.337527,Male,White
1,1,0.785663,Male,White
1,1,0.715639,Male,Asian-Pac-Islander
0,0,0.047166,Female,White
1,1,0.529302,Male,White
0,0,0.048371,Male,White
0,0,0.317779,Male,White
0,0,0.411016,Male,White
0,0,0.271278,Male,White
0,0,0.115773,Female,White
0,0,0.015089,Female,White
0,0,0.177238,Male,White
0,0,0.254820,Female,White
0,0,0.108233,Male,White
0,1,0.613987,Male,White
0,0,0.319869,Male,Asian-Pac-Islander
0,0,0.010963,Female,Asian-Pac-Islander
0,0,0.118337,Male,White
0,0,0.061387,Male,White
0,0,0.021820,Female,White
0,0,0.152512,Female,White
0,0,0.022780,Female,White
0,0,0.221467,Male,White
0,1,0.917707,Male,White
1,0,0.315884,Male,White
0,0,0.207172,Female,White
1,1,0.506490,Female,White
0,0,0.013296,Female,Black
0,0,0.108233,Male,White
1,0,0.414163,Male,White
1,1,0.567754,Male,White
0,0,0.116872,Female,White
0,0,0.270853,Male,White
0,0,0.085225,Male,White
0,0,0.080427,Female,White
0,1,0.894948,Male,White
0,0,0.468179,Male,White
0,0,0.029214,Female,White
0,0,0.124043,Male,White
1,1,0.835071,Male,White
1,1,0.566524,Male,Asian-Pac-Islander
0,0,0.039892,Female,White
1,1,0.620582,Male,White
0,0,0.046949,Female,White
0,0,0.058838,Male,White
0,0,0.262507,Male,White
0,0,0.360115,Male,White
0,0,0.026776,Female,White
1,0,0.269592,Female,White
0,0,0.156342,Male,White
1,0,0.432697,Male,White
0,0,0.129360,Male,Amer-Indian-Eskimo
1,0,0.104673,Male,Black
1,0,0.103510,Female,White
0,0,0.117195,Male,White
1,0,0.056826,Male,Other
1,1,0.923572,Male,White
0,0,0.426114,Male,White
0,0,0.298729,Male,White
0,0,0.125061,Female,White
0,0,0.046611,Female,White
0,0,0.037872,Female,Asian-Pac-Islander
0,0,0.038005,Female,White
0,0,0.104167,Male,Black
0,0,0.023281,Male,White
0,0,0.041365,Female,White
1,0,0.289361,Male,White
0,0,0.286674,Male,Amer-Indian-Eskimo
0,0,0.062883,Male,White
0,0,0.050206,Male,Other
0,0,0.087271,Male,Black
0,0,0.176068,Male,Asian-Pac-Islander
0,1,0.929091,Male,White
0,0,0.101849,Male,Black
0,0,0.465917,Male,Asian-Pac-Islander
1,0,0.407623,Male,White
0,1,0.673758,Male,White
0,0,0.061649,Male,White
0,0,0.012551,Female,White
1,0,0.347623,Male,White
0,0,0.449324,Female,White
0,0,0.072265,Male,White
0,0,0.015218,Female,Other
1,0,0.235716,Female,White
0,0,0.142448,Male,White
0,0,0.088328,Female,Black
0,0,0.094702,Female,White
0,0,0.084481,Female,White
1,0,0.435106,Male,White
0,0,0.022456,Female,Black
0,1,0.565399,Female,White
1,1,0.809614,Male,White
0,0,0.148012,Male,White
0,0,0.058742,Female,Black
0,0,0.006304,Female,White
0,0,0.176648,Male,Amer-Indian-Eskimo
0,0,0.033125,Female,White
0,0,0.019876,Female,White
0,1,0.552246,Male,White
0,0,0.432881,Male,White
0,0,0.336514,Male,Black
0,0,0.039375,Female,White
0,1,0.681409,Male,White
1,1,0.533368,Male,White
0,0,0.337527,Male,White
0,0,0.047997,Male,White
0,1,0.634236,Male,White
0,0,0.095553,Male,White
0,0,0.146874,Male,White
0,0,0.022258,Female,White
0,0,0.099661,Male,Amer-Indian-Eskimo
0,0,0.019696,Male,White
1,1,0.671764,Male,White
0,0,0.008765,Female,White
0,1,0.603667,Male,White
1,1,0.708279,Male,White
0,0,0.080324,Male,White
0,0,0.022679,Female,White
0,0,0.067594,Male,White
0,0,0.009204,Female,White
0,0,0.177899,Male,White
0,0,0.353844,Male,White
0,0,0.456134,Male,White
1,1,0.639369,Male,White
0,0,0.138663,Female,White
0,0,0.062616,Male,Black
1,0,0.167073,Female,White
0,0,0.191300,Male,White
0,0,0.366190,Male,White
0,0,0.151966,Female,White
1,0,0.156605,Male,Black
1,0,0.366190,Male,White
0,0,0.069597,Male,Asian-Pac-Islander
1,0,0.127768,Male,White
1,0,0.444284,Male,White
0,0,0.138195,Female,White
0,0,0.034219,Female,White
1,0,0.481616,Male,White
0,0,0.056734,Female,Other
1,0,0.437112,Male,White
0,0,0.218463,Male,White
0,0,0.052529,Male,White
0,0,0.135774,Male,White
0,0,0.058061,Female,White
1,0,0.459911,Male,White
0,0,0.025632,Female,White
0,0,0.006887,Female,Black
1,0,0.359072,Male,White
0,0,0.250729,Male,White
0,0,0.039547,Female,White
0,0,0.121914,Male,White
1,0,0.427222,Male,White
1,0,0.468403,Male,White
0,0,0.100048,Male,Asian-Pac-Islander
0,0,0.381024,Male,White
0,0,0.499624,Male,White
0,0,0.096266,Female,White
0,0,0.112131,Female,White
0,0,0.340740,Male,White
1,0,0.343595,Male,White
1,0,0.229294,Male,White
0,0,0.130843,Male,White
0,0,0.013754,Female,White
1,0,0.256543,Female,White
0,0,0.131970,Male,White
0,0,0.020883,Female,White
0,0,0.056410,Male,Asian-Pac-Islander
0,0,0.004554,Female,White
0,0,0.075603,Male,White
1,0,0.141382,Male,White
0,0,0.049887,Male,White
0,0,0.262935,Female,White
1,1,0.745456,Male,White
0,0,0.385971,Male,White
1,0,0.332170,Male,White
0,0,0.287564,Male,White
0,0,0.034006,Female,White
0,0,0.037899,Female,Black
1,1,0.564344,Male,White
0,0,0.141382,Male,White
0,0,0.015994,Female,Black
0,0,0.095919,Male,White
0,0,0.071593,Female,Asian-Pac-Islander
0,0,0.437148,Male,White
0,0,0.090952,Female,White
0,0,0.059308,Male,White
0,0,0.106856,Male,Black
0,0,0.112636,Male,White
1,1,0.724710,Male,White
0,0,0.089200,Female,White
0,0,0.077224,Male,Amer-Indian-Eskimo
1,0,0.490777,Male,White
1,0,0.403401,Male,White
0,0,0.042154,Female,Black
0,0,0.052907,Female,White
0,0,0.004063,Female,White
0,0,0.296835,Male,White
1,1,0.743848,Male,White
0,0,0.479580,Male,White
1,1,0.519674,Male,White
0,0,0.005642,Female,Asian-Pac-Islander
0,1,0.539751,Male,White
0,0,0.048996,Female,White
1,1,0.583866,Male,White
0,1,0.555602,Male,White
0,0,0.083590,Male,White
0,0,0.026894,Female,White
1,1,0.698867,Male,White
1,1,0.528746,Male,White
1,0,0.427421,Female,White
0,0,0.245521,Male,White
0,0,0.079228,Female,White
1,0,0.093147,Female,Black
1,1,0.555529,Male,White
1,0,0.480984,Female,White
0,0,0.087289,Female,White
0,0,0.245521,Male,White
0,0,0.051128,Female,White
1,0,0.188185,Female,White
0,0,0.138133,Male,White
0,0,0.113066,Female,White
0,0,0.088420,Male,White
0,0,0.007906,Female,White
1,0,0.099423,Female,White
0,0,0.160317,Female,White
1,0,0.280230,Male,White
1,0,0.072209,Female,White
0,1,0.628778,Male,White
0,0,0.009845,Male,White
0,0,0.066743,Male,White
1,1,0.897461,Male,White
1,0,0.494301,Male,White
0,0,0.346714,Female,White
0,1,0.681409,Male,White
0,0,0.157320,Male,Asian-Pac-Islander
0,1,0.765414,Male,White
0,0,0.062135,Female,White
1,0,0.483952,Male,White
1,0,0.164580,Male,White
1,0,0.464834,Male,Black
0,0,0.076158,Female,Black
0,0,0.155846,Female,Amer-Indian-Eskimo
0,0,0.104404,Male,White
0,0,0.040721,Female,Black
0,0,0.121850,Female,White
0,0,0.088013,Female,White
0,1,0.520991,Male,White
0,0,0.258430,Male,Black
1,0,0.362135,Male,White
0,0,0.298666,Male,White
0,0,0.140768,Female,White
0,0,0.010371,Male,Asian-Pac-Islander
1,0,0.306277,Male,White
0,0,0.071324,Female,White
0,0,0.009296,Female,Amer-Indian-Eskimo
1,0,0.326694,Female,White
0,0,0.074643,Female,White
1,0,0.252265,Male,White
0,0,0.291227,Male,White
0,0,0.185233,Male,White
0,0,0.189368,Male,White
0,0,0.176544,Female,White
0,0,0.059751,Female,Black
0,0,0.117195,Male,White
0,1,0.582353,Male,White
0,0,0.008921,Female,Black
1,0,0.366190,Male,White
1,0,0.477320,Male,White
0,0,0.050168,Male,Black
0,0,0.025409,Male,White
0,0,0.170039,Male,White
0,0,0.443992,Male,White
0,0,0.185950,Female,White
0,0,0.003075,Female,White
0,0,0.065857,Female,Asian-Pac-Islander
0,0,0.070766,Female,White
1,1,0.544433,Male,White
0,0,0.270485,Female,White
1,1,0.673758,Male,White
0,0,0.185233,Male,White
1,0,0.069516,Female,Black
0,0,0.164580,Male,White
0,0,0.044037,Male,White
0,0,0.321700,Female,White
0,0,0.070657,Female,Black
1,0,0.435797,Male,White
1,1,0.673758,Male,White
0,0,0.131842,Male,White
1,1,0.557468,Male,White
0,0,0.227750,Male,White
0,0,0.492741,Male,White
0,0,0.475136,Male,White
0,0,0.070085,Female,Black
0,0,0.288537,Female,White
0,0,0.102701,Female,White
1,0,0.235677,Male,White
0,0,0.253064,Male,White
1,1,0.775714,Male,White
0,0,0.170837,Male,White
0,0,0.234157,Male,White
1,1,0.788772,Male,White
0,0,0.065891,Male,Black
0,0,0.152112,Male,White
0,0,0.073736,Male,White
0,0,0.070713,Male,White
0,0,0.029206,Female,White
0,0,0.169452,Male,White
1,0,0.455011,Male,White
0,0,0.220024,Female,White
0,0,0.142139,Male,White
0,0,0.476688,Female,White
0,0,0.126795,Male,White
0,0,0.308141,Male,White
0,0,0.086243,Male,White
0,0,0.364160,Male,White
0,0,0.046312,Female,Black
0,0,0.052634,Male,Amer-Indian-Eskimo
0,0,0.287547,Female,White
0,0,0.013777,Female,Black
0,0,0.162113,Female,White
0,0,0.025746,Female,White
0,0,0.139650,Male,Black
1,0,0.367291,Female,White
0,0,0.372413,Male,White
0,0,0.397928,Male,White
0,0,0.023884,Female,White
0,0,0.130843,Male,White
1,0,0.228532,Female,White
0,0,0.257367,Male,White
0,0,0.060562,Female,White
0,0,0.172732,Female,Asian-Pac-Islander
0,0,0.400028,Male,White
0,0,0.027969,Female,White
0,0,0.054460,Female,White
0,0,0.419918,Male,White
0,0,0.075962,Male,White
0,0,0.212366,Male,White
1,1,0.691221,Male,White
0,0,0.088420,Male,White
0,0,0.025409,Male,White
0,0,0.160288,Male,White
0,1,0.619495,Female,White
0,0,0.019620,Male,White
0,0,0.045963,Male,White
1,1,0.522121,Male,White
0,0,0.134843,Male,White
1,0,0.094727,Female,White
0,0,0.078070,Female,Black
1,0,0.325651,Male,White
0,0,0.102701,Female,White
0,0,0.136026,Male,White
0,0,0.404563,Male,White
1,0,0.212366,Male,White
1,0,0.139143,Male,White
0,0,0.355779,Male,Black
0,0,0.072265,Male,White
1,1,0.576253,Male,Black
0,0,0.024089,Female,White
0,0,0.164464,Female,Black
0,0,0.184628,Female,White
1,0,0.279318,Male,White
1,0,0.448171,Male,White
0,0,0.026776,Female,White
1,0,0.139650,Male,Black
0,0,0.262507,Male,White
0,0,0.033931,Male,White
0,0,0.213834,Male,White
1,0,0.369453,Male,White
0,0,0.139043,Female,Black
0,0,0.043539,Female,White
1,1,0.865758,Male,White
0,0,0.204057,Male,White
0,1,0.673758,Male,White
1,1,0.715518,Male,Asian-Pac-Islander
0,0,0.146855,Male,White
0,0,0.284635,Male,Black
0,1,0.632114,Male,White
1,0,0.255640,Male,White
0,0,0.016762,Male,Other
0,0,0.441499,Male,White
0,0,0.429235,Female,White
0,0,0.327577,Male,White
0,1,0.513188,Male,White
0,0,0.011347,Female,White
0,0,0.149734,Male,White
1,0,0.053347,Female,White
1,0,0.413166,Male,Asian-Pac-Islander
0,0,0.147990,Male,Asian-Pac-Islander
0,0,0.341555,Male,White
0,0,0.151345,Female,White
1,0,0.376047,Male,White
0,0,0.159559,Male,White
0,0,0.183191,Male,White
0,0,0.035780,Female,Black
1,1,0.784184,Male,White
0,0,0.223752,Female,White
1,0,0.091284,Male,Black
0,0,0.077799,Female,White
0,0,0.117195,Male,White
0,0,0.047804,Male,White
0,0,0.093935,Male,Black
0,0,0.313827,Male,Asian-Pac-Islander
0,1,0.805320,Male,White
0,1,0.685490,Male,White
0,0,0.015578,Male,White
0,0,0.072708,Female,White
0,0,0.078163,Male,White
1,0,0.170794,Male,White
0,0,0.146874,Male,White
0,0,0.372511,Male,Asian-Pac-Islander
0,0,0.177811,Male,White
0,1,0.546678,Male,White
0,0,0.130809,Male,White
0,0,0.062849,Male,White
0,0,0.367241,Male,White
1,1,0.806736,Male,White
0,0,0.103981,Male,White
0,1,0.595791,Male,White
0,0,0.267712,Male,White
0,0,0.255605,Male,Asian-Pac-Islander
0,0,0.152581,Male,White
1,0,0.413210,Male,White
0,0,0.048996,Female,White
1,1,0.614200,Male,White
0,0,0.191426,Female,White
0,0,0.217042,Male,Asian-Pac-Islander
0,0,0.124195,Male,Black
0,0,0.274120,Male,White
0,0,0.300567,Male,White
0,0,0.054094,Female,White
0,0,0.323666,Male,White
0,0,0.449292,Male,White
0,0,0.392517,Male,White
0,0,0.019615,Male,White
0,0,0.319909,Male,White
1,1,0.519861,Male,White
0,0,0.126795,Male,White
0,0,0.095919,Male,White
0,0,0.233432,Male,Asian-Pac-Islander
0,0,0.266116,Male,White
1,0,0.389524,Male,Asian-Pac-Islander
1,0,0.262507,Male,White
0,0,0.153167,Male,White
0,0,0.274120,Male,White
1,1,0.557763,Male,White
1,0,0.156768,Male,Amer-Indian-Eskimo
1,1,0.510926,Male,White
0,0,0.037878,Female,White
0,1,0.501909,Male,White
1,0,0.168815,Male,Black
0,0,0.050342,Male,White
1,0,0.202673,Female,White
1,0,0.269491,Male,White
0,0,0.046559,Female,White
1,0,0.267712,Male,White
0,0,0.269514,Male,Asian-Pac-Islander
1,1,0.535398,Male,White
0,0,0.394678,Male,White
0,0,0.387238,Male,White
1,1,0.588514,Male,White
0,0,0.095919,Male,White
0,0,0.037714,Female,White
0,0,0.330543,Male,White
1,0,0.482747,Male,White
0,0,0.377649,Male,White
0,0,0.170794,Male,White
1,0,0.488514,Male,White
0,0,0.242292,Male,White
0,0,0.083806,Female,White
0,1,0.556661,Male,Black
0,0,0.060727,Male,Black
0,0,0.129280,Female,White
0,0,0.088420,Male,White
0,0,0.036113,Male,White
1,0,0.212316,Male,White
0,0,0.039547,Female,White
0,0,0.329740,Male,White
1,1,0.824367,Male,White
1,1,0.776449,Male,White
1,0,0.441573,Male,White
0,0,0.381024,Male,White
1,1,0.762966,Male,White
0,0,0.050073,Male,White
0,0,0.050357,Male,White
0,0,0.032812,Female,Black
0,0,0.198427,Male,White
0,0,0.038679,Female,Black
0,0,0.135928,Female,Black
0,0,0.029176,Female,White
0,0,0.036895,Female,Black
0,0,0.154007,Male,White
0,0,0.197755,Male,White
0,0,0.240442,Male,White
0,0,0.040252,Female,White
0,0,0.167663,Female,White
0,0,0.049914,Male,Black
1,1,0.535547,Male,White
1,1,0.501984,Male,White
0,0,0.089356,Male,Other
0,0,0.012115,Male,White
1,1,0.743848,Male,White
1,0,0.289361,Male,White
1,0,0.137059,Male,White
1,0,0.386165,Male,White
0,0,0.211520,Female,White
1,1,0.641523,Male,White
0,0,0.486064,Male,White
1,0,0.328623,Female,White
0,0,0.224502,Male,White
0,0,0.123366,Female,White
1,0,0.350881,Male,White
0,0,0.165787,Male,White
0,0,0.179805,Male,Black
0,0,0.068123,Female,White
1,0,0.335505,Male,White
0,0,0.012282,Female,White
0,0,0.130809,Male,White
0,0,0.015730,Female,Black
0,0,0.016952,Female,White
0,0,0.031026,Female,Black
1,1,0.500852,Male,White
0,0,0.214159,Male,White
0,0,0.052055,Male,White
0,0,0.152581,Male,White
0,0,0.178562,Male,White
0,0,0.059089,Male,White
0,0,0.130843,Male,White
0,0,0.126795,Male,White
0,0,0.132348,Male,Amer-Indian-Eskimo
1,0,0.330742,Male,White
0,0,0.114360,Female,White
0,0,0.031712,Male,White
0,0,0.296835,Male,White
0,0,0.340455,Male,White
0,0,0.126795,Male,White
0,0,0.349850,Male,White
0,0,0.030072,Male,Asian-Pac-Islander
0,0,0.069317,Male,White
0,0,0.165787,Male,White
1,1,0.544433,Male,White
0,0,0.127330,Male,White
0,0,0.335572,Male,White
0,0,0.019021,Female,White
1,0,0.252306,Female,White
0,0,0.016878,Male,Black
0,0,0.281188,Female,White
0,0,0.131842,Male,White
0,0,0.137059,Male,White
1,0,0.369314,Male,White
0,0,0.013777,Female,Black
0,0,0.277499,Male,White
0,0,0.142448,Male,White
1,0,0.148612,Female,White
0,0,0.026397,Female,Black
0,0,0.220688,Male,White
0,0,0.259073,Male,White
0,0,0.150591,Male,Other
0,0,0.137037,Male,Asian-Pac-Islander
1,1,0.614657,Male,White
0,0,0.090188,Male,Black
1,0,0.406530,Male,White
0,0,0.197755,Male,White
1,0,0.479580,Male,White
0,0,0.020502,Male,White
0,0,0.041744,Female,Other
0,0,0.165787,Male,White
1,0,0.049222,Female,White
0,0,0.010924,Female,Other
0,0,0.009969,Female,White
0,0,0.243903,Male,White
1,1,0.637347,Male,White
1,0,0.423828,Male,White
0,0,0.054269,Female,White
0,0,0.164580,Male,White
1,0,0.315819,Male,White
1,1,0.778017,Male,White
0,0,0.127321,Female,White
0,0,0.053347,Female,White
0,0,0.063936,Female,Black
0,0,0.036607,Female,White
1,0,0.044983,Female,White
1,0,0.188444,Male,Black
0,1,0.568791,Male,White
0,0,0.285780,Male,Amer-Indian-Eskimo
0,0,0.025269,Female,Black
0,0,0.046559,Female,White
0,0,0.103981,Male,White
1,1,0.508663,Male,White
0,0,0.103981,Male,White
0,0,0.019212,Female,White
0,0,0.157116,Female,White
1,0,0.192094,Male,White
0,0,0.350555,Female,White
0,0,0.107825,Male,White
0,0,0.152581,Male,White
0,0,0.028558,Female,Black
0,0,0.044609,Female,White
0,0,0.048590,Female,White
0,0,0.141382,Male,White
0,1,0.720991,Male,White
0,0,0.125829,Male,White
1,0,0.386165,Male,White
0,0,0.167746,Female,White
0,0,0.341555,Male,White
0,0,0.039215,Female,White
0,0,0.058838,Male,White
0,0,0.050019,Female,Black
0,0,0.122422,Female,White
0,0,0.027613,Male,White
1,0,0.243903,Male,White
1,0,0.381024,Male,White
0,1,0.722869,Male,White
0,0,0.138133,Male,White
0,0,0.093576,Male,White
0,0,0.295960,Female,Asian-Pac-Islander
0,0,0.031077,Female,Black
0,0,0.124625,Male,White
0,0,0.071605,Female,White
0,0,0.018493,Male,White
0,0,0.027961,Female,White
1,0,0.469485,Male,Asian-Pac-Islander
0,0,0.446155,Male,White
0,0,0.298628,Male,Asian-Pac-Islander
0,0,0.034878,Male,White
0,0,0.233157,Male,Black
1,1,0.736914,Male,White
0,0,0.142910,Male,White
0,1,0.825022,Male,White
0,0,0.250561,Male,White
0,0,0.084859,Male,Asian-Pac-Islander
0,0,0.093909,Male,Black
0,0,0.076851,Female,White
0,0,0.153756,Male,White
0,0,0.157320,Male,Asian-Pac-Islander
1,0,0.455085,Male,White
0,0,0.486193,Female,White
0,0,0.383548,Male,White
1,0,0.462583,Male,White
0,1,0.526414,Male,White
1,1,0.673758,Male,White
0,1,0.755600,Male,White
1,0,0.049595,Male,White
0,0,0.068444,Female,White
0,0,0.296231,Male,White
1,0,0.278468,Male,White
0,0,0.026768,Female,White
0,0,0.294053,Female,White
0,0,0.115773,Female,White
1,0,0.472617,Male,White
0,0,0.143028,Female,White
1,1,0.719226,Male,White
1,0,0.432734,Male,White
0,0,0.206394,Male,White
0,0,0.116293,Male,White
1,0,0.258147,Male,White
0,0,0.170794,Male,White
1,0,0.273072,Male,White
0,0,0.015578,Male,White
0,0,0.112636,Male,White
0,0,0.002797,Female,White
0,0,0.083806,Female,White
1,1,0.633185,Male,White
0,0,0.054952,Male,White
0,1,0.883412,Male,Asian-Pac-Islander
0,1,0.570375,Male,White
0,0,0.138672,Male,Black
0,0,0.076579,Male,White
0,0,0.069590,Male,White
0,0,0.004356,Female,White
0,1,0.742233,Male,White
0,0,0.345621,Female,White
0,0,0.033341,Female,Other
0,0,0.051348,Female,White
0,0,0.060368,Female,White
1,1,0.908442,Male,White
0,0,0.036437,Female,White
1,0,0.333622,Male,White
0,0,0.140705,Male,Black
0,0,0.237312,Male,White
0,0,0.078103,Female,Black
1,0,0.126795,Male,White
1,0,0.212366,Male,White
0,0,0.018354,Female,White
0,0,0.146912,Male,White
0,0,0.009873,Female,White
0,0,0.047333,Male,White
0,0,0.153167,Male,White
0,0,0.165787,Male,White
1,0,0.381024,Male,White
1,0,0.159680,Male,White
0,0,0.136130,Male,White
1,0,0.265563,Female,White
0,0,0.148012,Male,White
0,0,0.181234,Male,White
1,0,0.128747,Male,White
0,0,0.163814,Male,Black
0,0,0.036889,Female,Asian-Pac-Islander
1,1,0.705464,Male,White
0,0,0.137084,Female,White
0,0,0.190609,Female,Black
1,0,0.177238,Male,White
0,0,0.494023,Male,White
0,1,0.513076,Male,White
0,0,0.039037,Male,White
1,0,0.115122,Male,White
0,0,0.191393,Male,White
0,0,0.095919,Male,White
0,0,0.044564,Female,White
0,0,0.153167,Male,White
0,0,0.088420,Male,White
0,0,0.162044,Male,White
0,0,0.131842,Male,White
1,1,0.855589,Male,White
0,1,0.832528,Male,White
1,0,0.213130,Female,Asian-Pac-Islander
1,0,0.374602,Male,White
0,1,0.671724,Male,Asian-Pac-Islander
0,0,0.015717,Male,Black
0,0,0.287503,Male,White
1,0,0.161540,Female,White
0,0,0.443658,Male,Black
0,0,0.021209,Female,Black
0,0,0.269550,Male,White
0,0,0.082217,Female,Black
0,0,0.017564,Female,White
0,1,0.601427,Male,White
1,0,0.385163,Male,White
0,0,0.116185,Male,White
0,0,0.057574,Female,Asian-Pac-Islander
0,0,0.026768,Female,White
0,0,0.340672,Male,White
1,0,0.175199,Male,Black
1,1,0.639369,Male,White
0,0,0.049927,Female,Black
0,0,0.177281,Male,White
0,0,0.213747,Male,White
1,0,0.237312,Male,White
1,0,0.355849,Male,White
1,1,0.523251,Male,White
0,0,0.012173,Female,Black
1,0,0.366190,Male,White
0,0,0.411016,Male,White
0,0,0.014021,Female,White
0,0,0.243026,Female,White
1,1,0.661871,Male,White
1,0,0.319909,Male,White
0,0,0.070489,Female,White
0,1,0.581267,Male,White
0,0,0.127321,Female,White
0,0,0.026776,Female,White
0,0,0.197755,Male,White
1,0,0.314041,Female,White
0,0,0.117195,Male,White
0,0,0.289361,Male,White
0,0,0.007358,Female,Amer-Indian-Eskimo
1,0,0.148012,Male,White
0,0,0.028239,Female,White
0,0,0.024188,Female,Black
0,0,0.171437,Male,White
1,0,0.049010,Female,White
0,0,0.045990,Male,White
0,0,0.057282,Female,Black
0,0,0.035780,Female,Black
0,0,0.050019,Female,Black
0,1,0.711016,Male,White
0,0,0.050705,Female,White
0,0,0.497568,Male,White
0,0,0.081478,Male,White
1,0,0.180837,Female,White
1,0,0.298666,Male,White
0,0,0.288537,Female,White
0,0,0.044983,Female,White
0,0,0.411016,Male,White
0,0,0.003275,Female,Amer-Indian-Eskimo
0,1,0.546678,Male,White
0,0,0.192094,Male,White
0,0,0.198427,Male,White
0,0,0.006169,Female,White
0,0,0.082775,Male,White
0,0,0.016075,Male,Black
0,0,0.296773,Male,White
0,0,0.052907,Female,White
0,0,0.107745,Female,White
0,0,0.118931,Female,Black
0,0,0.095919,Male,White
0,0,0.243903,Male,White
0,0,0.046940,Male,White
0,0,0.396633,Male,White
0,0,0.099423,Female,White
1,1,0.587345,Male,White
1,0,0.197708,Male,White
0,0,0.034601,Female,White
0,0,0.112636,Male,White
1,1,0.763784,Male,White
0,0,0.059261,Female,Black
0,0,0.050705,Female,White
0,1,0.717333,Male,White
0,0,0.018991,Male,White
0,0,0.126236,Female,White
1,0,0.374602,Male,White
0,0,0.333108,Female,White
0,0,0.208614,Female,White
1,0,0.479580,Male,White
0,0,0.088013,Female,White
0,0,0.486139,Male,White
0,0,0.234157,Male,White
0,0,0.064176,Male,Black
0,0,0.060499,Male,White
1,0,0.134350,Male,Black
0,0,0.148012,Male,White
0,0,0.045926,Female,Black
0,0,0.044371,Female,Black
0,0,0.185233,Male,White
0,0,0.005368,Female,White
1,0,0.156605,Male,Black
1,1,0.717418,Male,Asian-Pac-Islander
0,1,0.544339,Male,White
0,0,0.162044,Male,White
1,1,0.681637,Male,White
0,0,0.232483,Male,White
0,0,0.091821,Male,Black
0,0,0.381951,Male,White
0,0,0.348821,Male,White
0,0,0.027961,Female,White
0,0,0.032928,Female,White
1,1,0.545556,Male,White
0,0,0.077460,Male,White
0,0,0.062145,Female,Amer-Indian-Eskimo
1,0,0.445254,Male,White
0,0,0.117563,Female,White
1,1,0.823052,Male,White
0,0,0.056420,Male,White
0,0,0.185950,Female,White
0,0,0.057584,Female,White
0,0,0.095568,Male,Amer-Indian-Eskimo
1,1,0.745569,Male,White
0,0,0.417317,Male,White
1,0,0.381772,Male,Black
0,0,0.115744,Male,White
0,0,0.424120,Male,White
0,0,0.221467,Male,White
0,0,0.317779,Male,White
0,0,0.046003,Male,White
0,0,0.030848,Female,Other
0,1,0.502964,Male,Black
0,0,0.344699,Female,White
1,0,0.131842,Male,White
1,0,0.205654,Male,White
0,0,0.026068,Male,White
1,0,0.105967,Male,White
1,0,0.106073,Female,White
0,0,0.182559,Male,White
0,0,0.107825,Male,White
1,0,0.136524,Male,White
0,0,0.056811,Female,Black
0,0,0.165787,Male,White
0,0,0.143028,Female,White
0,0,0.039005,Female,Black
0,0,0.143028,Female,White
0,0,0.105908,Female,Other
0,1,0.673494,Male,White
1,0,0.102264,Male,White
0,0,0.131842,Male,White
0,0,0.004632,Female,White
1,1,0.751451,Male,White
0,0,0.094727,Female,White
0,0,0.042737,Female,White
1,0,0.381024,Male,White
0,0,0.197894,Male,Black
0,0,0.022579,Female,White
1,1,0.683534,Male,White
0,0,0.114827,Male,Black
0,0,0.016126,Female,Other
0,0,0.146278,Female,White
1,0,0.293131,Male,White
1,1,0.615060,Male,White
0,0,0.221467,Male,White
0,0,0.082562,Male,White
0,0,0.157834,Female,White
0,0,0.016747,Female,White
0,0,0.289361,Male,White
0,0,0.176008,Male,White
1,0,0.391652,Male,White
0,1,0.816348,Male,White
0,0,0.020508,Male,White
0,0,0.045719,Male,Black
0,0,0.045742,Female,White
0,0,0.060774,Male,White
1,0,0.317779,Male,White
1,0,0.490777,Male,White
1,0,0.483877,Male,White
0,0,0.093236,Female,White
1,0,0.375522,Male,Black
0,0,0.306259,Female,White
0,0,0.137094,Male,White
1,0,0.419593,Male,White
0,0,0.165088,Female,White
0,0,0.084567,Female,White
1,0,0.235677,Male,White
0,0,0.023249,Female,White
0,0,0.437259,Male,White
1,1,0.815067,Male,White
0,0,0.136995,Female,White
0,0,0.012607,Female,Black
0,0,0.026776,Female,White
0,0,0.074643,Female,White
0,1,0.758002,Female,White
1,1,0.522196,Male,White
0,0,0.176622,Male,White
0,0,0.237312,Male,White
0,0,0.066428,Female,White
0,0,0.090909,Male,Black
0,0,0.017794,Female,Black
0,0,0.245521,Male,White
1,1,0.695765,Male,White
0,0,0.019882,Female,White
0,0,0.103510,Female,White
0,0,0.092101,Male,White
1,1,0.881552,Male,White
0,0,0.440165,Male,White
1,0,0.204915,Male,White
0,0,0.064788,Female,Asian-Pac-Islander
1,0,0.130788,Male,Asian-Pac-Islander
0,0,0.017794,Female,White
0,0,0.048590,Female,White
0,1,0.803229,Male,White
1,0,0.260815,Male,White
0,0,0.016882,Female,White
0,0,0.061387,Male,White
1,0,0.227750,Male,White
0,0,0.008731,Female,White
1,1,0.737791,Male,White
1,1,0.546678,Male,White
0,0,0.408717,Male,White
0,1,0.566385,Male,White
0,0,0.391609,Male,Asian-Pac-Islander
0,0,0.010897,Female,White
0,0,0.031480,Female,Black
0,0,0.385021,Male,White
1,0,0.437259,Male,White
0,0,0.197726,Male,Asian-Pac-Islander
0,0,0.033135,Female,White
0,0,0.182604,Male,White
1,1,0.530606,Female,Black
0,0,0.021587,Male,White
0,0,0.021415,Male,White
1,1,0.693151,Male,White
0,0,0.204950,Female,White
0,0,0.084873,Male,White
0,0,0.141896,Male,White
0,0,0.125829,Male,White
1,0,0.057584,Female,White
0,0,0.227697,Male,White
0,0,0.111764,Male,White
0,0,0.063163,Female,White
0,0,0.037389,Female,White
1,0,0.387238,Male,White
0,0,0.055083,Male,White
0,1,0.507547,Female,White
1,0,0.235731,Male,White
0,1,0.638324,Male,White
0,0,0.111711,Female,White
0,0,0.080015,Female,Black
1,0,0.224450,Male,White
0,0,0.441080,Male,White
0,0,0.360115,Male,White
0,1,0.693151,Male,White
0,0,0.317779,Male,White
0,0,0.280230,Male,White
1,1,0.731731,Male,White
0,0,0.337527,Male,White
1,1,0.715494,Male,White
1,0,0.347623,Male,White
0,0,0.040413,Male,White
0,0,0.116293,Male,White
1,1,0.698804,Male,White
0,1,0.680653,Male,White
1,1,0.647739,Male,Asian-Pac-Islander
0,0,0.299661,Female,White
0,0,0.259885,Male,White
1,0,0.335572,Male,White
0,0,0.320895,Male,White
1,0,0.477320,Male,White
0,0,0.108215,Male,Asian-Pac-Islander
0,0,0.366638,Male,White
0,0,0.188834,Male,White
0,0,0.073716,Male,White
0,0,0.225317,Male,White
0,0,0.307651,Male,White
1,0,0.257195,Male,White
0,0,0.393987,Male,White
0,0,0.077152,Female,White
0,0,0.163339,Male,White
0,0,0.142448,Male,White
0,0,0.037491,Female,White
0,0,0.126795,Male,White
0,0,0.091679,Female,White
1,0,0.065332,Female,White
0,0,0.088013,Female,White
0,0,0.131842,Male,White
1,0,0.350813,Male,White
0,0,0.204227,Male,White
1,0,0.146912,Male,White
0,0,0.172081,Male,White
0,0,0.127321,Female,White
0,0,0.118599,Female,White
0,0,0.031975,Female,Black
0,0,0.056557,Male,Black
0,0,0.212043,Male,White
0,1,0.526518,Male,Asian-Pac-Islander
0,0,0.058235,Female,Black
0,0,0.217589,Male,White
1,1,0.633185,Male,White
0,1,0.774925,Male,White
1,1,0.523251,Male,White
0,0,0.406458,Male,White
0,0,0.024856,Female,White
0,0,0.030638,Female,White
0,0,0.203541,Male,White
1,0,0.185233,Male,White
0,0,0.030935,Female,Black
1,0,0.206394,Male,White
1,0,0.271278,Male,White
1,0,0.135903,Male,White
0,0,0.183915,Male,White
1,0,0.306277,Male,White
0,0,0.212366,Male,White
1,1,0.804704,Male,White
1,1,0.626993,Male,White
0,0,0.028834,Male,White
0,0,0.110399,Female,White
0,0,0.084791,Male,White
1,0,0.450412,Male,White
1,0,0.375593,Male,White
0,0,0.357858,Male,White
1,0,0.387238,Male,White
0,0,0.230094,Male,Black
1,0,0.354811,Male,White
0,0,0.349850,Male,White
0,0,0.170794,Male,White
0,0,0.014909,Male,White
0,0,0.113566,Female,White
0,0,0.172758,Female,White
0,0,0.066709,Female,White
0,0,0.274339,Female,White
1,0,0.396844,Male,White
1,1,0.621648,Male,White
1,1,0.557616,Male,White
0,0,0.126795,Male,White
0,0,0.073120,Male,White
0,0,0.159680,Male,White
1,1,0.588442,Male,White
0,1,0.579707,Male,Asian-Pac-Islander
0,0,0.276675,Male,Asian-Pac-Islander
0,0,0.109274,Male,Black
0,0,0.122422,Female,White
0,0,0.024396,Female,Black
0,0,0.117195,Male,White
0,0,0.086594,Female,White
1,1,0.711884,Male,White
0,0,0.069297,Male,White
0,0,0.008731,Female,White
1,0,0.335572,Male,White
0,1,0.842723,Male,White
0,0,0.085579,Male,White
1,1,0.695106,Male,White
0,0,0.026768,Female,White
0,0,0.131746,Female,Black
1,0,0.413892,Male,White
0,0,0.007339,Female,White
0,0,0.009574,Male,White
0,0,0.037878,Female,White
0,0,0.031392,Female,White
0,0,0.226954,Male,White
1,0,0.197755,Male,White
0,0,0.039719,Female,White
1,0,0.191393,Male,White
0,0,0.062647,Female,White
0,0,0.034601,Female,White
0,0,0.044609,Female,White
0,0,0.178562,Male,White
0,0,0.191276,Male,Black
0,0,0.410886,Female,White
1,0,0.285712,Male,White
0,0,0.121914,Male,White
0,0,0.295891,Male,White
0,0,0.039367,Male,White
0,0,0.122887,Male,White
0,0,0.146912,Male,White
0,0,0.293193,Male,White
1,1,0.595398,Male,White
0,0,0.031858,Female,White
0,0,0.021504,Male,White
0,1,0.762550,Male,White
0,0,0.498085,Male,White
0,0,0.205566,Female,White
0,0,0.052025,Male,White
0,0,0.432881,Male,White
0,0,0.215687,Male,White
0,0,0.105120,Female,White
0,0,0.030680,Male,White
0,0,0.070085,Female,Black
0,0,0.148012,Male,White
0,0,0.063163,Female,White
0,0,0.155413,Male,Black
0,0,0.092101,Male,White
1,1,0.524380,Male,White
0,0,0.066447,Female,White
0,0,0.180725,Female,White
0,0,0.243069,Male,White
0,0,0.157304,Male,White
0,0,0.131842,Male,White
0,0,0.197726,Male,Asian-Pac-Islander
0,0,0.280230,Male,White
0,0,0.052359,Female,White
0,0,0.099344,Female,White
0,0,0.235677,Male,White
0,0,0.468403,Male,White
1,0,0.219910,Male,White
0,1,0.659841,Male,White
0,1,0.524380,Male,White
0,0,0.076260,Male,White
1,0,0.287564,Male,White
1,0,0.328428,Male,White
0,0,0.036131,Female,White
1,0,0.365140,Male,White
1,0,0.479580,Male,White
0,0,0.451383,Male,Black
0,0,0.160317,Female,White
0,0,0.065595,Male,Black
0,0,0.450964,Male,White
0,0,0.271278,Male,White
0,0,0.206394,Male,White
0,1,0.633143,Male,Asian-Pac-Islander
1,0,0.285773,Male,White
1,0,0.261730,Female,White
0,0,0.018113,Female,White
1,0,0.237312,Male,White
0,0,0.045926,Female,Black
0,0,0.116293,Male,White
0,0,0.153756,Male,White
1,0,0.279494,Male,Black
0,0,0.260815,Male,White
1,1,0.698993,Male,White
0,0,0.043812,Female,Black
0,0,0.276652,Male,White
0,0,0.117668,Female,Asian-Pac-Islander
0,0,0.364160,Male,White
0,0,0.227750,Male,White
0,1,0.526489,Male,White
0,0,0.036777,Male,Black
0,0,0.055199,Female,White
0,0,0.153697,Male,White
1,0,0.039335,Female,Black
0,0,0.366190,Male,White
0,0,0.095046,Male,White
0,0,0.326694,Female,White
0,0,0.390446,Female,White
1,0,0.280230,Male,White
1,1,0.546678,Male,White
0,0,0.224684,Male,White
1,1,0.566569,Male,White
0,0,0.078393,Male,White
1,0,0.397928,Male,White
0,0,0.083766,Male,Black
1,1,0.610042,Male,White
0,0,0.453888,Male,White
0,0,0.318809,Female,White
0,0,0.025924,Female,Black
0,0,0.039883,Male,Black
1,0,0.339921,Male,White
0,0,0.210805,Male,White
1,0,0.298666,Male,White
0,0,0.018202,Female,White
0,0,0.010895,Male,White
0,0,0.400028,Male,White
1,1,0.767010,Male,White
0,0,0.016452,Female,White
0,0,0.085880,Female,White
0,0,0.048786,Female,White
0,0,0.092101,Male,White
0,1,0.660857,Male,White
0,0,0.040589,Male,White
0,0,0.016163,Female,White
1,0,0.448320,Male,White
0,0,0.431712,Female,White
0,0,0.074643,Female,White
0,1,0.568791,Male,White
1,0,0.376656,Male,White
0,0,0.141932,Male,White
0,0,0.010551,Male,White
0,0,0.144004,Male,Black
0,0,0.341690,Male,White
1,0,0.305316,Male,White
1,0,0.331941,Male,White
0,0,0.137059,Male,White
0,0,0.016507,Female,Black
0,0,0.183156,Female,White
0,0,0.254779,Male,White
0,0,0.197755,Male,White
0,1,0.851385,Male,White
0,0,0.413210,Male,White
0,0,0.105924,Male,Black
0,0,0.103981,Male,White
0,0,0.052040,Male,White
0,0,0.024188,Female,Black
0,1,0.686048,Male,Black
0,0,0.171467,Female,White
0,0,0.088406,Male,Asian-Pac-Islander
0,1,0.501984,Male,White
0,0,0.026524,Male,White
0,0,0.030116,Male,White
0,0,0.073063,Female,Black
0,0,0.013641,Female,Black
0,0,0.100285,Male,White
0,0,0.125779,Male,White
1,1,0.659774,Male,White
0,0,0.040940,Female,White
1,0,0.451533,Male,White
1,1,0.577324,Male,White
0,0,0.067219,Female,Black
0,0,0.319909,Male,White
1,0,0.278407,Male,White
0,0,0.030364,Male,White
1,1,0.546678,Male,White
1,0,0.243903,Male,White
0,0,0.159073,Male,White
0,0,0.141280,Female,Black
0,0,0.199182,Female,White
0,0,0.038035,Male,Other
0,0,0.199148,Male,White
0,0,0.076777,Female,Black
0,0,0.153756,Male,White
0,0,0.118158,Female,White
0,0,0.016467,Female,White
0,0,0.046949,Female,White
0,0,0.042154,Female,Black
0,1,0.528671,Male,White
0,0,0.189913,Female,White
0,1,0.620653,Male,White
0,1,0.907686,Male,White
0,0,0.126795,Male,White
0,0,0.068681,Female,White
0,0,0.028655,Female,Asian-Pac-Islander
0,0,0.165787,Male,White
0,0,0.466149,Male,White
0,0,0.088420,Male,White
0,0,0.022424,Female,White
0,0,0.103063,Female,White
0,1,0.754763,Male,White
0,0,0.084481,Female,White
0,0,0.295011,Male,White
0,0,0.395689,Male,White
0,0,0.366190,Male,White
1,0,0.334563,Male,White
0,0,0.141280,Female,Black
0,0,0.029579,Male,White
1,0,0.285773,Male,White
0,0,0.049595,Male,White
0,0,0.039699,Male,White
0,0,0.075935,Female,White
0,0,0.300567,Male,White
0,0,0.153756,Male,White
1,1,0.553439,Male,White
1,1,0.796047,Male,White
1,1,0.626853,Male,White
1,0,0.488514,Male,White
0,0,0.052907,Female,White
0,0,0.113932,Female,White
0,0,0.173375,Male,White
0,0,0.226210,Female,White
0,0,0.043096,Female,White
0,0,0.074921,Male,White
0,0,0.110153,Male,White
0,0,0.044827,Female,Black
0,0,0.061859,Male,White
0,0,0.135372,Male,Black
0,0,0.105228,Female,Asian-Pac-Islander
0,0,0.347623,Male,White
1,0,0.488514,Male,White
1,0,0.440457,Male,White
0,0,0.148012,Male,White
0,0,0.038055,Female,White
0,0,0.237312,Male,White
0,0,0.079558,Female,White
0,0,0.034006,Female,White
0,0,0.075308,Male,White
0,0,0.042694,Female,Black
0,1,0.528970,Male,White
0,0,0.130843,Male,White
1,0,0.271278,Male,White
0,0,0.305252,Male,White
0,0,0.005421,Female,White
0,1,0.568791,Male,White
0,0,0.103981,Male,White
0,0,0.049834,Male,White
0,0,0.296773,Male,White
0,0,0.137059,Male,White
0,0,0.230133,Female,White
0,1,0.607814,Male,White
0,0,0.144317,Male,White
0,0,0.353707,Male,White
1,1,0.710085,Male,White
0,0,0.210073,Male,Asian-Pac-Islander
0,0,0.018208,Female,White
1,1,0.661804,Male,White
1,0,0.121914,Male,White
0,0,0.197670,Female,White
0,0,0.075645,Male,White
0,0,0.211520,Female,White
0,0,0.014233,Female,White
1,0,0.371962,Male,White
0,0,0.131842,Male,White
0,0,0.116697,Male,White
0,0,0.200452,Male,White
0,0,0.075510,Male,White
0,0,0.199871,Male,White
0,0,0.029214,Female,White
0,0,0.117087,Male,White
0,0,0.176622,Male,White
0,1,0.811607,Male,White
1,0,0.364091,Male,White
0,0,0.426114,Male,White
0,0,0.441573,Male,White
0,0,0.218463,Male,White
0,0,0.299661,Female,White
0,0,0.178562,Male,White
0,0,0.090952,Female,White
0,0,0.041243,Female,White
0,0,0.165192,Female,White
0,0,0.236586,Female,White
0,0,0.121373,Female,White
0,0,0.204964,Male,White
0,0,0.018208,Female,White
0,0,0.429565,Female,White
1,1,0.534421,Male,White
1,1,0.607957,Male,White
0,0,0.182448,Male,White
0,0,0.068681,Female,White
0,0,0.152658,Male,White
0,0,0.130843,Male,White
1,0,0.385163,Male,White
0,0,0.172154,Female,White
1,1,0.556581,Male,Asian-Pac-Islander
0,0,0.322675,Male,White
0,0,0.067770,Female,Black
1,1,0.866319,Male,White
0,1,0.619515,Male,White
0,0,0.005940,Female,White
1,0,0.183870,Male,White
1,0,0.379957,Male,White
0,0,0.142426,Male,Asian-Pac-Islander
1,1,0.564491,Male,White
0,0,0.135372,Male,Black
1,0,0.376656,Male,White
1,1,0.649776,Male,White
1,1,0.757352,Male,White
0,0,0.279318,Male,White
0,0,0.122550,Female,White
0,0,0.140768,Female,White
0,0,0.153756,Male,White
1,0,0.132386,Female,White
0,0,0.283131,Male,White
0,0,0.103981,Male,White
0,0,0.152620,Male,White
0,0,0.343527,Male,White
0,0,0.051323,Male,White
0,0,0.114880,Female,White
0,1,0.511001,Male,White
0,0,0.098642,Female,White
0,0,0.246401,Female,White
0,1,0.519749,Male,White
0,0,0.273042,Male,White
0,0,0.199148,Male,White
0,0,0.138635,Female,Black
0,0,0.055175,Female,White
1,0,0.259670,Female,White
0,0,0.172081,Male,White
0,0,0.084481,Female,White
1,0,0.111211,Male,Black
0,0,0.099018,Female,Black
0,0,0.190693,Male,White
0,1,0.646371,Male,White
0,0,0.452581,Male,White
0,0,0.059059,Female,White
1,0,0.055657,Female,White
0,0,0.005368,Female,White
0,1,0.578648,Male,White
0,0,0.300686,Male,Asian-Pac-Islander
0,0,0.016024,Female,White
0,0,0.150224,Female,White
0,0,0.080093,Female,White
0,0,0.032984,Female,Asian-Pac-Islander
0,0,0.187154,Male,Black
0,0,0.317779,Male,White
0,0,0.153756,Male,White
1,0,0.177281,Male,White
1,1,0.640412,Male,White
0,0,0.090511,Female,White
0,1,0.588514,Male,White
0,0,0.495080,Male,White
0,0,0.022679,Female,White
0,0,0.279841,Female,White
1,0,0.457257,Male,White
0,0,0.072759,Male,White
0,0,0.006450,Female,White
0,1,0.699819,Male,White
0,0,0.109935,Male,White
1,0,0.430259,Male,White
1,0,0.226861,Female,White
1,0,0.068681,Female,White
1,1,0.708155,Male,White
0,0,0.009843,Male,White
0,0,0.153756,Male,White
0,0,0.319909,Male,White
1,0,0.316799,Male,White
0,0,0.394945,Male,White
0,0,0.391652,Male,White
0,0,0.200413,Female,Black
0,0,0.300724,Male,White
1,0,0.032536,Female,Black
0,0,0.185904,Female,White
0,0,0.218463,Male,White
0,0,0.148012,Male,White
0,0,0.347608,Male,White
1,0,0.280230,Male,White
0,1,0.535502,Male,Asian-Pac-Islander
0,0,0.446081,Male,White
0,0,0.168815,Male,Black
1,0,0.210584,Male,White
0,0,0.062617,Male,White
0,0,0.291344,Male,Asian-Pac-Islander
1,1,0.796878,Male,White
0,0,0.343144,Male,White
0,0,0.224890,Male,White
0,0,0.059330,Female,Amer-Indian-Eskimo
0,0,0.106877,Female,Black
0,0,0.042737,Female,White
0,0,0.104310,Male,Asian-Pac-Islander
1,0,0.307175,Male,Black
1,1,0.534421,Male,White
1,1,0.830084,Male,White
1,1,0.598238,Male,White
1,0,0.320101,Male,White
0,0,0.017564,Female,White
1,0,0.277602,Female,White
0,0,0.056859,Female,White
0,0,0.055868,Male,White
0,0,0.134350,Male,Black
0,0,0.066428,Female,White
0,0,0.003296,Female,White
0,0,0.062616,Male,Black
0,0,0.146874,Male,White
0,0,0.172081,Male,White
1,1,0.838738,Male,White
0,0,0.020775,Female,White
1,0,0.276592,Male,White
0,0,0.310235,Male,White
0,0,0.428477,Male,White
1,1,0.575694,Male,White
0,0,0.498384,Male,White
1,0,0.285651,Male,White
1,0,0.495005,Male,White
0,0,0.113476,Female,White
0,0,0.221467,Male,White
0,0,0.164539,Male,White
0,0,0.208200,Male,White
0,0,0.191393,Male,White
0,0,0.443844,Male,White
0,0,0.253920,Male,White
0,0,0.023773,Male,White
0,0,0.172533,Male,Black
0,0,0.038149,Female,Black
1,1,0.697021,Male,White
0,0,0.150803,Female,White
0,0,0.057814,Female,White
1,0,0.148012,Male,White
1,1,0.743848,Male,White
0,0,0.037561,Female,White
0,0,0.257396,Male,White
0,0,0.054269,Female,White
0,0,0.204964,Male,White
0,0,0.181476,Male,White
1,0,0.077799,Female,White
0,1,0.639350,Male,White
0,0,0.183156,Female,White
1,1,0.524380,Male,White
0,0,0.126795,Male,White
0,0,0.117195,Male,White
0,0,0.030698,Female,Black
0,0,0.264305,Female,White
0,0,0.006019,Female,White
1,0,0.368225,Male,White
0,0,0.358302,Male,White
0,0,0.204227,Male,White
0,1,0.625220,Male,White
0,0,0.126295,Male,White
0,0,0.159680,Male,White
0,0,0.209967,Male,White
0,0,0.204698,Male,White
0,0,0.499720,Male,White
0,0,0.040709,Female,Black
1,1,0.833923,Male,White
0,0,0.033270,Female,White
0,0,0.093979,Female,White
0,0,0.177238,Male,White
1,0,0.177947,Female,Asian-Pac-Islander
1,0,0.427042,Male,White
0,0,0.219961,Male,White
0,0,0.035634,Female,Black
0,0,0.048988,Female,Asian-Pac-Islander
0,0,0.010107,Female,White
0,0,0.009537,Male,White
0,0,0.466037,Male,White
0,0,0.469530,Male,White
0,0,0.316845,Female,White
0,0,0.053347,Female,White
0,0,0.324220,Male,White
0,0,0.106374,Female,Black
0,0,0.141831,Female,White
1,0,0.253920,Male,White
0,0,0.389318,Male,White
0,1,0.584077,Male,Asian-Pac-Islander
0,0,0.237351,Female,White
0,0,0.479580,Male,White
0,0,0.022561,Male,White
1,0,0.131842,Male,White
0,0,0.376656,Male,White
0,0,0.173609,Male,White
0,0,0.259130,Male,White
0,0,0.263426,Female,White
0,1,0.508201,Male,White
1,1,0.672762,Male,White
0,1,0.697334,Male,White
0,0,0.335620,Female,White
0,0,0.122774,Male,White
0,0,0.088767,Female,White
0,0,0.347623,Male,White
0,0,0.156127,Male,White
0,0,0.066724,Male,White
0,0,0.131842,Male,White
0,1,0.670765,Male,White
0,0,0.058821,Male,White
0,0,0.441573,Male,White
0,0,0.051984,Female,White
0,0,0.104856,Male,White
0,0,0.461607,Male,White
0,0,0.067770,Female,Black
1,0,0.444806,Male,Asian-Pac-Islander
1,0,0.212316,Male,White
0,1,0.555307,Male,White
1,1,0.610042,Male,White
0,0,0.031858,Female,White
0,0,0.052628,Female,Black
0,0,0.040754,Male,White
1,1,0.753924,Male,White
0,0,0.226161,Male,White
1,0,0.082218,Female,White
0,1,0.535547,Male,White
0,0,0.125216,Male,Black
0,0,0.071025,Female,White
0,0,0.023687,Female,White
0,0,0.331480,Male,White
0,0,0.053550,Male,White
0,0,0.058854,Male,White
0,0,0.096803,Female,White
0,0,0.262507,Male,White
0,0,0.207917,Female,White
0,0,0.081478,Male,White
0,0,0.013477,Female,White
0,0,0.176622,Male,White
1,0,0.394498,Male,Black
1,0,0.189262,Female,Black
1,0,0.120145,Male,White
0,0,0.046747,Female,White
0,0,0.130329,Male,White
0,0,0.079725,Female,Asian-Pac-Islander
0,0,0.016024,Female,White
0,0,0.055435,Female,White
0,0,0.022575,Female,Asian-Pac-Islander
0,0,0.165787,Male,White
0,0,0.039215,Female,White
0,0,0.039005,Female,Black
0,1,0.514224,Male,White
1,0,0.429565,Female,White
0,0,0.164580,Male,White
1,0,0.159680,Male,White
0,0,0.178562,Male,White
1,0,0.259943,Male,White
0,0,0.077173,Female,White
0,0,0.192831,Female,White
0,0,0.271278,Male,White
1,0,0.127768,Male,White
0,0,0.247562,Male,White
0,0,0.322788,Female,White
0,0,0.192094,Male,White
0,0,0.305316,Male,White
0,0,0.019620,Male,White
1,0,0.368225,Male,White
0,0,0.235731,Male,White
0,0,0.253062,Male,Black
0,0,0.040556,Female,Black
0,1,0.693151,Male,White
1,0,0.458084,Male,White
0,0,0.165162,Male,White
1,0,0.177281,Male,White
1,0,0.417608,Male,White
0,0,0.370466,Male,Asian-Pac-Islander
0,0,0.057110,Female,White
0,0,0.296773,Male,White
0,0,0.110619,Female,White
0,0,0.355898,Female,White
0,0,0.072472,Female,Black
0,0,0.144105,Female,White
1,0,0.005248,Female,Asian-Pac-Islander
0,0,0.136559,Male,White
0,0,0.049581,Male,White
0,0,0.278286,Male,Black
0,0,0.066166,Female,White
0,0,0.104828,Male,White
0,0,0.116293,Male,White
0,0,0.092013,Male,White
0,0,0.109542,Female,White
0,0,0.291514,Male,Black
0,0,0.176749,Male,Black
0,0,0.036151,Female,White
0,0,0.345640,Male,White
1,0,0.446155,Male,White
0,0,0.066101,Female,Black
1,0,0.297826,Female,White
0,0,0.413210,Male,White
0,0,0.040940,Female,White
1,1,0.731790,Male,White
1,1,0.578603,Male,Asian-Pac-Islander
0,0,0.112636,Male,White
0,0,0.003075,Female,White
0,0,0.125796,Male,White
1,0,0.047356,Female,White
0,0,0.218360,Male,White
0,0,0.447274,Male,White
0,0,0.047430,Female,White
1,1,0.730811,Male,White
0,0,0.039006,Female,White
0,0,0.040940,Female,White
0,0,0.212316,Male,White
0,0,0.037878,Female,White
0,0,0.025932,Female,Black
0,0,0.160317,Female,White
0,0,0.253064,Male,White
0,0,0.154007,Male,White
0,0,0.421910,Male,White
0,0,0.034747,Female,Asian-Pac-Islander
0,0,0.360184,Male,White
0,0,0.083085,Male,White
1,0,0.400028,Male,White
0,0,0.027961,Female,White
0,0,0.134410,Female,White
0,0,0.002537,Female,White
0,0,0.073063,Female,Black
0,0,0.032097,Female,White
0,0,0.046599,Female,White
1,0,0.403401,Male,White
0,0,0.037878,Female,White
0,0,0.275939,Male,White
1,0,0.490732,Male,Asian-Pac-Islander
1,0,0.225238,Male,Black
1,0,0.326580,Male,White
1,1,0.939521,Male,White
1,1,0.863710,Male,White
0,0,0.142448,Male,White
0,0,0.084873,Male,White
0,0,0.018098,Female,Black
0,0,0.108233,Male,White
1,1,0.607885,Male,White
0,0,0.080727,Female,Asian-Pac-Islander
0,0,0.074089,Male,Amer-Indian-Eskimo
0,0,0.262507,Male,White
0,0,0.172081,Male,White
0,0,0.021706,Female,White
1,0,0.178562,Male,White
0,0,0.120387,Male,Black
0,0,0.391609,Male,Asian-Pac-Islander
0,0,0.356937,Female,White
0,1,0.590633,Male,White
0,0,0.042958,Female,Black
0,0,0.151471,Male,White
0,0,0.137059,Male,White
0,0,0.211434,Male,Black
1,1,0.708217,Male,White
0,0,0.122422,Female,White
0,0,0.306277,Male,White
0,0,0.055896,Female,White
0,0,0.152445,Male,White
0,0,0.164415,Male,White
0,0,0.022755,Male,White
0,0,0.137059,Male,White
1,0,0.408644,Male,White
0,0,0.006450,Female,White
0,0,0.062555,Male,Black
0,0,0.065646,Female,White
1,0,0.198461,Female,White
0,0,0.088786,Male,White
0,0,0.139285,Female,White
0,0,0.442505,Male,White
0,0,0.087633,Male,White
1,1,0.727233,Male,White
0,0,0.090164,Male,White
0,0,0.087650,Female,Black
0,0,0.137059,Male,White
0,0,0.020564,Female,White
0,0,0.424120,Male,White
0,0,0.318809,Female,White
1,1,0.717394,Male,White
0,0,0.120442,Female,White
0,0,0.169640,Female,White
1,1,0.666275,Male,White
0,0,0.069491,Male,Asian-Pac-Islander
0,0,0.204227,Male,White
0,0,0.009845,Male,White
0,1,0.599326,Male,White
0,0,0.468403,Male,White
0,0,0.037714,Female,White
0,0,0.077460,Male,White
0,0,0.355849,Male,White
0,0,0.183870,Male,White
0,0,0.073377,Male,White
1,0,0.459431,Male,White
0,0,0.092218,Female,White
0,0,0.108233,Male,White
0,0,0.192094,Male,White
0,0,0.189049,Male,White
0,0,0.345640,Male,White
0,0,0.339723,Male,White
1,1,0.742141,Male,Asian-Pac-Islander
0,0,0.042737,Female,White
1,1,0.849422,Male,White
0,0,0.182604,Male,White
0,0,0.253920,Male,White
1,0,0.487324,Female,White
0,0,0.099878,Male,White
0,0,0.029626,Female,White
1,1,0.501018,Male,White
0,0,0.087650,Female,Black
0,1,0.577360,Male,White
0,0,0.095481,Female,White
0,0,0.127321,Female,White
0,0,0.490702,Male,White
0,0,0.116673,Female,White
1,1,0.544433,Male,White
0,0,0.004910,Female,Asian-Pac-Islander
0,0,0.018492,Female,Other
1,1,0.647576,Male,White
0,0,0.445036,Male,White
0,0,0.111528,Male,White
0,0,0.224244,Male,White
0,0,0.341488,Male,White
0,0,0.320830,Male,White
0,0,0.204964,Male,White
0,0,0.389496,Male,White
1,0,0.031973,Male,White
0,0,0.088719,Female,White
0,0,0.136005,Male,Asian-Pac-Islander
0,0,0.172047,Female,White
1,0,0.447052,Male,White
0,0,0.124227,Male,Black
0,0,0.056404,Male,White
0,0,0.203321,Male,Black
0,0,0.103090,Female,Black
1,0,0.385019,Male,Black
1,0,0.313995,Male,White
0,0,0.055657,Female,White
1,0,0.098642,Female,White
1,0,0.450338,Male,White
0,0,0.178562,Male,White
0,1,0.509869,Male,White
1,0,0.191393,Male,White
1,0,0.235716,Female,White
0,0,0.421691,Male,White
1,0,0.377607,Male,Asian-Pac-Islander
0,0,0.133105,Male,White
0,0,0.003980,Female,Asian-Pac-Islander
0,0,0.280230,Male,White
1,1,0.589538,Male,White
0,0,0.003789,Female,White
1,0,0.387238,Male,White
0,0,0.070165,Female,Amer-Indian-Eskimo
1,1,0.868902,Male,White
0,0,0.099423,Female,White
1,1,0.670765,Male,White
0,0,0.019027,Female,White
1,1,0.718274,Male,Asian-Pac-Islander
0,0,0.107745,Female,White
0,0,0.023180,Female,Amer-Indian-Eskimo
0,0,0.227697,Male,White
0,0,0.140159,Male,White
0,0,0.040380,Female,Black
0,0,0.185233,Male,White
1,0,0.376656,Male,White
1,1,0.532241,Male,White
0,0,0.212366,Male,White
1,0,0.394945,Male,White
0,0,0.095919,Male,White
0,0,0.005689,Female,White
0,0,0.014581,Female,White
0,1,0.589123,Male,White
0,0,0.296835,Male,White
1,0,0.125273,Female,White
0,0,0.159680,Male,White
0,0,0.125829,Male,White
0,0,0.154898,Male,White
0,0,0.120442,Female,White
0,0,0.020775,Female,White
0,0,0.039908,Male,Amer-Indian-Eskimo
1,0,0.393526,Male,White
0,0,0.036351,Female,White
1,0,0.050193,Female,White
0,0,0.099830,Female,White
1,0,0.178562,Male,White
1,0,0.491909,Male,White
0,0,0.125829,Male,White
0,0,0.141382,Male,White
0,0,0.033416,Female,White
0,0,0.178562,Male,White
0,0,0.172081,Male,White
0,0,0.209278,Male,White
0,0,0.048590,Female,White
0,0,0.095512,Female,Black
0,0,0.087313,Female,White
0,0,0.100714,Female,White
1,1,0.571826,Male,White
0,0,0.364299,Male,White
0,0,0.066761,Male,White
0,0,0.131842,Male,White
1,0,0.455011,Male,White
0,0,0.159680,Male,White
1,1,0.691285,Male,White
0,0,0.126295,Male,White
1,1,0.747227,Male,White
0,0,0.211288,Male,White
0,0,0.161499,Female,White
1,1,0.525285,Male,White
0,1,0.501146,Male,Black
1,0,0.388226,Male,White
0,0,0.164580,Male,White
0,0,0.101043,Female,White
0,0,0.043100,Male,Black
0,0,0.063401,Male,White
0,0,0.015181,Female,Black
0,0,0.015127,Male,Asian-Pac-Islander
0,0,0.137059,Male,White
0,0,0.158468,Male,White
0,0,0.027438,Female,White
1,0,0.396772,Male,White
1,1,0.506212,Male,White
0,1,0.516266,Male,White
0,0,0.103981,Male,White
0,0,0.099878,Male,White
0,0,0.103981,Male,White
0,0,0.042737,Female,White
1,0,0.034416,Female,White
0,0,0.120980,Male,White
0,0,0.143994,Female,White
0,0,0.235688,Female,White
0,0,0.031858,Female,White
0,0,0.035472,Male,White
0,0,0.110770,Female,Black
0,1,0.916306,Male,White
0,0,0.321817,Male,White
1,1,0.681572,Male,White
0,0,0.029829,Female,Black
0,0,0.021706,Female,White
1,0,0.267771,Male,White
0,0,0.282978,Male,White
0,0,0.250505,Male,White
0,0,0.002519,Female,White
1,0,0.268660,Male,White
0,0,0.194198,Female,White
0,0,0.183078,Male,Black
0,0,0.120948,Male,White
0,0,0.125796,Male,White
0,0,0.076552,Female,White
0,0,0.028364,Female,White
1,0,0.468358,Male,Asian-Pac-Islander
0,0,0.121914,Male,White
1,1,0.588442,Male,White
0,0,0.026122,Female,White
0,0,0.007159,Female,Black
0,0,0.203541,Male,White
0,0,0.040940,Female,White
0,0,0.148612,Female,White
0,0,0.103560,Male,White
0,0,0.350051,Male,White
0,0,0.381024,Male,White
0,1,0.681637,Male,White
0,0,0.121373,Female,White
1,0,0.262507,Male,White
1,1,0.559848,Male,White
0,0,0.005185,Female,White
1,0,0.328623,Female,White
0,0,0.057633,Female,White
0,1,0.658637,Female,White
0,0,0.084481,Female,White
0,0,0.016585,Female,White
0,0,0.306277,Male,White
1,1,0.575478,Male,White
1,1,0.732400,Male,White
0,0,0.360073,Male,Asian-Pac-Islander
0,0,0.199148,Male,White
0,0,0.175856,Male,White
0,0,0.460407,Male,White
0,0,0.070173,Female,White
0,0,0.013481,Female,White
0,0,0.321503,Female,Black
0,1,0.673608,Male,White
0,0,0.448394,Male,White
0,0,0.071605,Female,White
0,0,0.256372,Female,White
1,1,0.603381,Male,White
1,0,0.478450,Male,White
0,0,0.085913,Female,Asian-Pac-Islander
0,0,0.373542,Male,White
0,0,0.146807,Female,White
0,1,0.543236,Male,White
0,0,0.115773,Female,White
0,0,0.477320,Male,White
0,0,0.106374,Female,Black
0,1,0.557763,Male,White
1,1,0.773394,Male,White
0,0,0.244723,Female,White
0,0,0.065905,Female,White
1,0,0.347103,Male,White
0,0,0.070449,Female,White
0,1,0.542054,Female,White
0,0,0.048576,Female,White
1,0,0.325651,Male,White
1,1,0.620582,Male,White
0,0,0.036131,Female,White
1,0,0.124284,Female,White
0,0,0.377770,Female,White
1,0,0.177150,Female,White
0,0,0.097866,Female,White
0,0,0.018043,Male,White
0,0,0.467276,Male,White
0,0,0.011398,Female,White
0,0,0.134350,Male,Black
0,0,0.119846,Female,White
0,0,0.227750,Male,White
0,1,0.811006,Male,White
1,1,0.909193,Male,White
0,0,0.003660,Female,White
0,0,0.070898,Female,White
0,0,0.133860,Male,White
0,1,0.610042,Male,White
0,0,0.325585,Male,White
1,1,0.640481,Male,White
0,0,0.067503,Female,Black
1,1,0.589538,Male,White
0,0,0.097794,Male,Black
0,0,0.247950,Male,White
0,0,0.066672,Female,Black
0,0,0.276652,Male,White
0,0,0.020049,Male,Black
1,0,0.477395,Male,White
0,0,0.120948,Male,White
0,0,0.121866,Male,White
0,0,0.335620,Female,White
1,1,0.849345,Male,White
0,0,0.122822,Male,White
0,0,0.428257,Male,White
0,0,0.311983,Male,White
0,0,0.024645,Female,White
0,0,0.006450,Female,White
0,0,0.005742,Female,White
0,0,0.096726,Female,White
0,0,0.262881,Male,White
0,0,0.030773,Female,White
0,0,0.404491,Male,White
0,0,0.190693,Male,White
0,0,0.020768,Female,White
0,0,0.092823,Male,White
0,0,0.138098,Male,White
0,0,0.122422,Female,White
1,1,0.519861,Male,White
0,0,0.048590,Female,White
0,0,0.114399,Male,White
0,0,0.456001,Female,White
0,0,0.099878,Male,White
0,0,0.126828,Male,White
1,1,0.784134,Male,White
0,0,0.394678,Male,White
0,0,0.102675,Male,White
1,0,0.049144,Female,Black
1,1,0.610042,Male,White
0,0,0.052710,Female,White
0,0,0.064476,Female,White
0,0,0.014809,Female,White
0,0,0.400492,Male,White
1,1,0.634147,Female,White
0,0,0.259073,Male,White
0,0,0.300724,Male,White
0,0,0.477395,Male,White
0,0,0.148012,Male,White
1,0,0.183870,Male,White
0,0,0.050038,Male,White
0,0,0.065869,Female,White
0,0,0.032974,Male,White
0,1,0.762201,Male,White
0,0,0.040436,Male,White
0,0,0.009967,Female,Asian-Pac-Islander
0,0,0.423974,Male,White
0,1,0.603524,Male,White
0,0,0.014400,Female,Black
0,0,0.055214,Female,White
1,0,0.058753,Male,Asian-Pac-Islander
1,1,0.535547,Male,White
0,1,0.522076,Male,Asian-Pac-Islander
0,0,0.010283,Male,White
0,0,0.426261,Male,White
0,0,0.135991,Male,White
0,0,0.018564,Female,White
0,0,0.039215,Female,White
0,0,0.368225,Male,White
0,0,0.344181,Male,White
0,0,0.020041,Female,White
0,0,0.259130,Male,White
0,0,0.010562,Female,White
1,1,0.690318,Male,White
0,0,0.221467,Male,White
0,0,0.022679,Female,White
1,1,0.663828,Male,White
0,0,0.424120,Male,White
0,0,0.079951,Female,White
1,0,0.377649,Male,White
0,0,0.229294,Male,White
0,0,0.148660,Male,White
0,0,0.023450,Male,Black
0,0,0.007948,Male,White
0,0,0.092101,Male,White
0,0,0.170837,Male,White
0,0,0.070991,Male,Black
1,0,0.264131,Female,White
0,0,0.017400,Female,White
0,0,0.054936,Male,White
0,0,0.293193,Male,White
0,0,0.267712,Male,White
0,0,0.078185,Male,White
1,0,0.162458,Male,White
0,0,0.036131,Female,White
0,0,0.048590,Female,White
1,0,0.385163,Male,White
0,0,0.208614,Female,White
0,0,0.039005,Female,Black
1,0,0.393740,Male,White
0,0,0.361551,Male,White
0,0,0.252322,Male,White
0,0,0.029206,Female,White
0,0,0.050102,Male,White
0,0,0.476190,Male,White
0,0,0.204964,Male,White
1,0,0.143584,Female,White
0,0,0.082843,Male,White
0,0,0.040413,Male,White
0,0,0.137059,Male,White
0,0,0.439415,Male,White
1,0,0.333489,Male,White
0,0,0.070657,Female,Black
1,0,0.235731,Male,White
0,0,0.026297,Female,White
1,1,0.598238,Male,White
0,0,0.120442,Female,White
0,0,0.090909,Male,Black
0,0,0.378714,Male,White
0,0,0.052529,Male,White
0,0,0.013049,Female,Other
1,0,0.404491,Male,White
0,0,0.112636,Male,White
0,0,0.112636,Male,White
0,1,0.590633,Male,White
0,0,0.069856,Male,Amer-Indian-Eskimo
0,0,0.012590,Female,White
0,0,0.121914,Male,White
0,0,0.084873,Male,White
0,0,0.031445,Male,White
0,0,0.069297,Male,White
1,0,0.185233,Male,White
0,0,0.135928,Female,Black
0,0,0.023506,Male,White
0,0,0.039699,Male,White
0,0,0.014732,Female,White
1,0,0.269533,Female,White
0,0,0.408717,Male,White
0,1,0.827514,Male,White
0,0,0.029724,Female,White
0,0,0.052655,Male,White
1,1,0.633185,Male,White
0,0,0.229294,Male,White
0,0,0.108233,Male,White
0,0,0.082562,Male,White
0,0,0.077136,Male,Black
0,0,0.039113,Male,White
1,0,0.226161,Male,White
0,0,0.092101,Male,White
0,0,0.023590,Female,White
0,0,0.036419,Male,White
0,0,0.130349,Male,Amer-Indian-Eskimo
0,0,0.204964,Male,White
1,1,0.824280,Male,White
0,0,0.020998,Female,Other
1,1,0.759537,Male,Black
1,0,0.138529,Male,Black
0,0,0.163298,Male,White
0,1,0.609971,Male,White
0,0,0.192094,Male,White
1,1,0.515301,Male,White
0,0,0.103510,Female,White
0,0,0.097743,Male,White
1,1,0.557763,Male,White
0,0,0.177281,Male,White
0,0,0.077438,Male,White
0,0,0.112131,Female,White
0,0,0.283868,Male,White
0,0,0.131876,Male,White
0,1,0.681409,Male,White
1,1,0.504098,Male,White
0,0,0.057830,Female,White
1,0,0.137599,Female,Asian-Pac-Islander
0,0,0.005185,Female,White
0,0,0.257567,Male,White
0,0,0.056420,Male,White
1,0,0.391652,Male,White
1,0,0.306277,Male,White
0,0,0.311983,Male,White
1,1,0.643534,Male,White
0,0,0.095893,Male,White
1,0,0.459853,Female,White
0,0,0.152620,Male,White
1,0,0.090952,Female,White
0,0,0.110348,Male,Black
0,0,0.026052,Male,Black
1,1,0.553657,Male,White
0,0,0.019276,Female,White
0,0,0.011707,Male,White
0,0,0.252265,Male,White
1,0,0.313930,Male,White
0,0,0.127388,Female,White
0,0,0.054456,Female,Black
1,0,0.262507,Male,White
0,1,0.616167,Male,White
0,0,0.062647,Female,White
0,1,0.515151,Male,White
0,0,0.075308,Male,White
1,0,0.306277,Male,White
0,0,0.141551,Female,White
0,0,0.037561,Female,White
0,0,0.112636,Male,White
0,0,0.266943,Male,White
0,0,0.153756,Male,White
0,1,0.680523,Male,White
0,0,0.112636,Male,White
0,0,0.162458,Male,White
0,0,0.281939,Male,White
1,0,0.474949,Male,White
0,0,0.316608,Male,White
0,0,0.035966,Male,White
0,0,0.182559,Male,White
0,0,0.370509,Male,White
0,0,0.229294,Male,White
0,0,0.062883,Male,White
0,1,0.618447,Male,White
0,0,0.084481,Female,White
1,0,0.444062,Female,White
0,0,0.020304,Female,Black
0,0,0.300724,Male,White
0,0,0.059386,Female,Black
1,0,0.048996,Female,White
0,1,0.538625,Male,Black
0,0,0.287564,Male,White
1,0,0.391652,Male,White
1,0,0.097448,Female,White
0,0,0.076375,Male,White
0,0,0.236492,Male,Black
0,0,0.084481,Female,White
0,0,0.066935,Female,Black
1,1,0.779577,Male,White
0,0,0.145612,Female,White
0,0,0.271278,Male,White
1,1,0.616450,Male,White
0,0,0.228493,Male,Black
1,0,0.162648,Female,White
1,1,0.833799,Male,White
0,0,0.199148,Male,White
0,0,0.088420,Male,White
0,0,0.119352,Male,Asian-Pac-Islander
1,0,0.486193,Female,White
0,0,0.015328,Female,White
0,0,0.004504,Female,White
0,0,0.096312,Male,White
0,0,0.082113,Male,White
1,1,0.733505,Male,White
0,0,0.065632,Male,White
0,0,0.044983,Female,White
1,0,0.067234,Female,White
0,0,0.075935,Female,White
0,0,0.023590,Female,White
0,0,0.388241,Male,Black
1,1,0.669632,Male,White
1,0,0.409936,Male,White
0,1,0.605824,Male,Asian-Pac-Islander
0,0,0.068123,Female,White
0,0,0.040898,Female,Black
0,0,0.029512,Female,Black
0,0,0.451241,Male,White
0,0,0.199148,Male,White
1,0,0.270426,Female,White
0,0,0.068885,Female,Black
0,0,0.020775,Female,White
1,0,0.198461,Female,White
1,0,0.432881,Male,White
0,0,0.108233,Male,White
0,0,0.039142,Male,Other
1,0,0.481766,Male,White
0,0,0.108233,Male,White
1,0,0.219005,Male,Black
0,0,0.478670,Male,White
0,0,0.153098,Female,White
1,0,0.439267,Male,White
0,0,0.327577,Male,White
0,0,0.204140,Female,White
0,0,0.192094,Male,White
0,0,0.118398,Female,White
1,1,0.733446,Male,White
0,0,0.206394,Male,White
1,0,0.293946,Male,White
0,0,0.378714,Male,White
0,0,0.068971,Female,White
0,0,0.086888,Female,White
0,1,0.915981,Male,White
1,1,0.609971,Male,White
0,0,0.053125,Female,Asian-Pac-Islander
0,0,0.078163,Male,White
0,0,0.103981,Male,White
0,0,0.146912,Male,White
1,1,0.799794,Male,White
0,0,0.372413,Male,White
0,0,0.014744,Female,Black
0,0,0.094683,Male,Black
0,0,0.121857,Female,White
1,1,0.576327,Male,Black
1,1,0.900680,Male,White
1,1,0.626923,Male,White
0,0,0.165088,Female,White
1,1,0.642495,Male,White
0,0,0.475165,Male,Asian-Pac-Islander
0,0,0.108914,Female,White
0,0,0.379957,Male,White
1,0,0.308141,Male,White
0,0,0.055657,Female,White
1,0,0.428403,Male,White
1,1,0.669896,Male,White
0,0,0.121579,Female,White
0,0,0.185233,Male,White
0,1,0.603524,Male,White
1,1,0.659841,Male,White
0,0,0.011433,Male,Black
0,0,0.058049,Male,White
0,0,0.014456,Female,White
0,0,0.123302,Female,White
0,0,0.335572,Male,White
0,0,0.292917,Male,White
1,1,0.684930,Male,White
1,0,0.424120,Male,White
0,0,0.012268,Female,Black
1,1,0.869930,Male,White
0,0,0.108233,Male,White
0,0,0.370509,Male,White
0,0,0.141382,Male,White
1,1,0.708279,Male,White
0,0,0.279136,Male,Black
0,0,0.091821,Male,Black
0,0,0.494709,Male,White
0,0,0.024731,Male,Amer-Indian-Eskimo
0,0,0.117195,Male,White
1,0,0.378714,Male,White
0,0,0.003828,Female,White
0,0,0.315333,Male,Other
0,0,0.030623,Male,White
0,0,0.107261,Male,White
0,0,0.253920,Male,White
0,0,0.378890,Male,White
0,0,0.074628,Male,Black
0,0,0.370784,Male,White
0,0,0.070746,Female,White
0,0,0.325651,Male,White
1,1,0.833170,Male,White
0,0,0.179259,Female,White
0,0,0.137621,Female,White
0,0,0.108233,Male,White
1,0,0.364021,Male,White
0,0,0.326694,Female,White
0,0,0.163885,Female,White
1,0,0.013015,Female,Asian-Pac-Islander
1,0,0.334563,Male,White
0,0,0.165787,Male,White
0,0,0.091605,Female,White
0,0,0.165088,Female,White
0,0,0.177974,Female,White
0,0,0.099878,Male,White
0,0,0.013542,Female,White
0,0,0.435106,Male,White
0,0,0.126735,Female,Black
0,0,0.160288,Male,White
0,0,0.297719,Male,White
0,0,0.413210,Male,White
1,0,0.349748,Male,White
0,0,0.311141,Male,White
1,1,0.790246,Male,Asian-Pac-Islander
0,0,0.089156,Female,Asian-Pac-Islander
0,0,0.105274,Female,White
1,0,0.191393,Male,White
0,0,0.002128,Female,White
0,0,0.052094,Female,White
1,0,0.241373,Male,Asian-Pac-Islander
0,0,0.016020,Female,White
1,0,0.460609,Female,White
0,0,0.207882,Male,White
0,0,0.073310,Male,Other
1,0,0.446155,Male,White
1,1,0.717394,Male,White
1,1,0.519229,Male,White
0,0,0.281952,Female,White
0,0,0.230048,Female,Asian-Pac-Islander
0,0,0.007770,Male,Black
0,0,0.133762,Female,Black
0,1,0.579751,Male,White
0,0,0.108131,Male,White
1,0,0.226954,Male,White
0,0,0.033047,Male,White
0,0,0.047239,Female,White
0,0,0.047229,Male,White
0,0,0.031419,Female,Black
0,0,0.388377,Male,Asian-Pac-Islander
0,0,0.041465,Female,White
0,0,0.253920,Male,White
0,1,0.882056,Male,White
0,0,0.206430,Female,White
0,1,0.650670,Male,White
0,0,0.018912,Female,Black
0,0,0.117195,Male,White
0,0,0.221571,Male,White
0,0,0.389318,Male,White
0,0,0.271070,Male,White
0,0,0.192094,Male,White
1,1,0.743870,Male,Asian-Pac-Islander
1,1,0.515226,Male,White
0,0,0.058051,Female,Asian-Pac-Islander
0,0,0.077799,Female,White
1,0,0.360575,Male,White
0,1,0.651241,Male,White
0,0,0.113090,Male,White
0,0,0.125796,Male,White
0,0,0.068681,Female,White
1,0,0.366190,Male,White
0,0,0.027335,Male,White
0,0,0.053347,Female,White
0,0,0.039215,Female,White
0,0,0.219185,Male,White
0,0,0.033684,Male,White
0,0,0.025867,Female,White
0,0,0.108311,Male,White
1,0,0.407623,Male,White
0,0,0.271278,Male,White
1,1,0.689349,Male,White
0,0,0.135432,Female,White
0,0,0.125061,Female,White
0,0,0.337527,Male,White
0,1,0.627981,Male,White
0,0,0.107796,Male,White
0,0,0.083498,Female,White
0,0,0.098596,Male,Black
1,1,0.681532,Male,Asian-Pac-Islander
0,0,0.038025,Male,Black
0,0,0.035413,Female,Black
1,0,0.087361,Female,White
1,0,0.185233,Male,White
