y_true,y_pred,score,group
1,0,0.228556,A
0,0,0.116481,A
0,0,0.209514,A
0,0,0.041471,A
0,0,0.158602,A
0,0,0.308750,A
0,0,0.491243,A
0,0,0.289280,A
0,0,0.222126,A
0,0,0.127092,A
0,0,0.058677,A
0,0,0.191510,A
0,0,0.488822,A
0,0,0.408990,A
1,0,0.472885,A
0,0,0.108947,A
0,0,0.191414,A
0,0,0.354520,A
1,0,0.496218,A
1,0,0.253907,A
1,0,0.336580,A
0,0,0.440581,A
0,0,0.258539,A
0,0,0.285826,A
0,0,0.073846,A
0,0,0.176710,A
0,0,0.410818,A
0,0,0.185041,A
0,0,0.244205,A
0,0,0.313796,A
0,0,0.287316,A
0,0,0.106435,A
1,0,0.105979,A
0,0,0.164099,A
0,0,0.279981,A
1,1,0.562205,A
0,0,0.169292,A
0,0,0.145887,A
0,0,0.450388,A
0,0,0.401203,A
0,1,0.521067,A
1,0,0.395656,A
0,0,0.339944,A
0,0,0.197418,A
0,0,0.187923,A
0,0,0.238754,A
0,0,0.225456,A
1,0,0.355322,A
0,0,0.250495,A
1,0,0.176779,A
0,0,0.336501,A
0,0,0.368704,A
1,0,0.234751,A
1,0,0.147483,A
0,0,0.207741,A
1,0,0.471996,A
0,0,0.105363,A
0,0,0.222741,A
0,0,0.369413,A
1,1,0.568771,A
1,0,0.200343,A
0,0,0.342729,A
0,0,0.234022,A
0,0,0.251138,A
0,0,0.323581,A
0,0,0.030517,A
1,0,0.228602,A
0,0,0.416066,A
0,0,0.355543,A
1,0,0.156018,A
0,0,0.083809,A
0,0,0.148688,A
0,0,0.061674,A
1,1,0.621335,A
0,0,0.317478,A
0,0,0.296844,A
0,0,0.344134,A
0,0,0.219489,A
1,0,0.447124,A
1,0,0.364800,A
0,0,0.247713,A
0,0,0.325281,A
0,0,0.214737,A
0,0,0.070601,A
0,0,0.242652,A
0,0,0.265164,A
0,1,0.661629,A
0,0,0.237214,A
0,0,0.240301,A
0,0,0.298831,A
1,0,0.126446,A
0,0,0.127162,A
0,0,0.135496,A
1,1,0.630652,A
0,0,0.331435,A
0,0,0.152022,A
0,0,0.241373,A
0,0,0.399892,A
1,0,0.276343,A
1,0,0.293022,A
0,0,0.201014,A
0,0,0.226651,A
0,0,0.150965,A
1,0,0.248841,A
0,0,0.335344,A
0,0,0.112895,A
0,0,0.296928,A
0,0,0.126011,A
0,0,0.419958,A
0,0,0.280901,A
0,0,0.338703,A
0,0,0.095316,A
1,1,0.643670,A
1,0,0.400944,A
0,0,0.275162,A
0,0,0.082293,A
0,1,0.503978,A
0,0,0.097319,A
0,1,0.513235,A
0,0,0.124393,A
0,0,0.251077,A
0,0,0.360778,A
1,0,0.328068,A
0,0,0.415874,A
0,0,0.268041,A
0,0,0.154318,A
0,0,0.343081,A
0,0,0.340143,A
0,0,0.171672,A
0,0,0.169988,A
0,0,0.439729,A
0,1,0.554411,A
1,1,0.542133,A
0,0,0.279462,A
0,0,0.097242,A
0,0,0.332242,A
0,0,0.309060,A
0,0,0.181093,A
0,0,0.241599,A
0,0,0.436787,A
0,0,0.398117,A
1,0,0.361206,A
0,0,0.497853,A
1,0,0.273806,A
0,0,0.407148,A
1,0,0.268521,A
0,0,0.299532,A
0,0,0.439585,A
1,0,0.430238,A
0,1,0.506005,A
0,0,0.430845,A
0,0,0.201842,A
0,0,0.229008,A
0,0,0.058309,A
0,0,0.206041,A
0,0,0.140814,A
1,0,0.352743,A
1,0,0.239621,A
0,0,0.292203,A
0,0,0.373464,A
0,0,0.044224,A
0,1,0.546467,A
0,0,0.385893,A
0,0,0.132542,A
1,1,0.602659,A
0,0,0.318231,A
1,0,0.299929,A
0,0,0.060023,A
0,0,0.248053,A
1,0,0.119850,A
0,0,0.155053,A
0,1,0.595426,A
0,1,0.547237,A
0,1,0.587371,A
0,0,0.369944,A
0,0,0.408902,A
0,0,0.347001,A
0,0,0.322512,A
0,0,0.300377,A
0,0,0.343209,A
1,0,0.156806,A
1,0,0.175237,A
1,0,0.296762,A
0,0,0.274817,A
1,1,0.699286,A
0,0,0.301132,A
0,0,0.169733,A
0,0,0.030391,A
1,1,0.512791,A
0,0,0.489380,A
0,0,0.234552,A
0,0,0.309236,A
0,1,0.571491,A
0,0,0.235810,A
0,0,0.172995,A
0,0,0.242299,A
1,0,0.126805,A
0,0,0.088826,A
0,0,0.314295,A
0,0,0.161327,A
0,0,0.227453,A
0,0,0.123432,A
0,0,0.459477,A
0,0,0.209246,A
0,1,0.503281,A
1,0,0.195207,A
0,0,0.241026,A
0,0,0.142974,A
0,0,0.358568,A
0,0,0.142217,A
0,0,0.107301,A
0,0,0.455712,A
1,0,0.297557,A
0,0,0.180510,A
0,0,0.177630,A
0,0,0.197821,A
0,0,0.288348,A
0,0,0.271254,A
1,0,0.186093,A
1,0,0.217685,A
0,0,0.339616,A
0,0,0.425608,A
1,0,0.243649,A
0,0,0.381106,A
0,0,0.131669,A
0,0,0.442337,A
0,0,0.167345,A
0,0,0.242108,A
0,0,0.498301,A
1,0,0.274676,A
0,0,0.103140,A
0,0,0.328975,A
0,0,0.034566,A
0,0,0.240958,A
1,0,0.465023,A
1,1,0.524362,A
0,0,0.324913,A
0,0,0.215434,A
1,0,0.410938,A
1,0,0.387607,A
0,0,0.186754,A
1,0,0.292614,A
0,0,0.194767,A
0,0,0.184062,A
0,1,0.741625,A
1,0,0.374965,A
0,0,0.176965,A
0,0,0.059859,A
0,0,0.395498,A
0,0,0.205754,A
1,0,0.344250,A
1,0,0.297338,A
0,0,0.323085,A
0,0,0.146471,A
1,0,0.415188,A
0,0,0.122633,A
1,0,0.420596,A
0,0,0.206595,A
1,0,0.128484,A
1,1,0.600897,A
0,1,0.626348,A
0,0,0.234352,A
0,1,0.752565,A
1,1,0.548557,A
1,1,0.598143,A
0,0,0.098809,A
1,0,0.204741,A
0,0,0.239440,A
0,0,0.055969,A
0,0,0.128643,A
0,0,0.222747,A
0,0,0.275074,A
0,0,0.169616,A
1,0,0.396219,A
1,0,0.315755,A
1,0,0.413230,A
0,0,0.464119,A
0,0,0.161715,A
0,0,0.315434,A
1,0,0.326504,A
0,0,0.285198,A
1,0,0.274182,A
1,0,0.323410,A
0,0,0.310911,A
0,0,0.177760,A
1,0,0.253799,A
0,0,0.274986,A
0,0,0.182207,A
0,0,0.013209,A
1,0,0.326582,A
0,0,0.122757,A
1,1,0.574279,A
0,0,0.174157,A
1,0,0.467611,A
1,0,0.395894,A
1,0,0.321821,A
0,0,0.338340,A
0,0,0.175152,A
0,0,0.321305,A
0,0,0.095367,A
1,0,0.257560,A
0,0,0.039318,A
0,0,0.150217,A
0,0,0.182159,A
1,0,0.425457,A
0,0,0.262871,A
0,0,0.118841,A
1,0,0.353579,A
0,0,0.002188,A
0,0,0.327584,A
1,0,0.033158,A
0,0,0.084424,A
0,0,0.159940,A
0,0,0.133271,A
0,0,0.124791,A
0,0,0.273095,A
0,0,0.479897,A
0,0,0.483750,A
1,0,0.378496,A
0,0,0.442841,A
0,0,0.076463,A
0,0,0.296102,A
0,1,0.540991,A
0,0,0.091317,A
1,0,0.402562,A
0,0,0.249049,A
1,0,0.333862,A
0,0,0.464613,A
1,0,0.204026,A
0,0,0.229135,A
1,0,0.289415,A
0,0,0.040663,A
0,0,0.485553,A
0,0,0.219527,A
0,0,0.115563,A
1,1,0.585554,A
0,1,0.565367,A
0,1,0.643684,A
0,0,0.026357,A
1,0,0.325820,A
0,0,0.259445,A
0,0,0.226196,A
1,1,0.620417,A
0,0,0.321415,A
0,0,0.292513,A
1,0,0.301986,A
0,0,0.182824,A
0,0,0.040663,A
0,0,0.470296,A
1,0,0.353711,A
1,0,0.293163,A
1,0,0.352529,A
0,1,0.561454,A
0,0,0.206980,A
0,0,0.092914,A
1,1,0.626446,A
1,0,0.227240,A
0,0,0.457211,A
0,0,0.233620,A
1,0,0.139151,A
1,0,0.252471,A
0,0,0.293902,A
0,0,0.330667,A
1,1,0.776866,A
0,0,0.385792,A
0,0,0.021523,A
0,0,0.259411,A
0,0,0.202866,A
0,0,0.111754,A
0,0,0.211258,A
0,0,0.419285,A
0,0,0.310687,A
1,0,0.347201,A
0,0,0.048523,A
1,0,0.148147,A
1,0,0.391363,A
0,0,0.197490,A
0,0,0.291124,A
1,0,0.197444,A
0,0,0.391427,A
0,0,0.307721,A
1,0,0.435834,A
0,1,0.530137,A
1,0,0.227915,A
0,0,0.279287,A
0,0,0.081874,A
1,0,0.220212,A
0,0,0.050740,A
0,0,0.159764,A
0,0,0.177058,A
0,0,0.414909,A
0,0,0.314246,A
1,1,0.563992,A
0,0,0.161395,A
0,0,0.192857,A
0,0,0.114875,A
1,0,0.416602,A
0,0,0.139095,A
0,0,0.216364,A
0,0,0.129575,A
0,0,0.414575,A
1,0,0.366194,A
1,0,0.276649,A
0,0,0.102746,A
0,1,0.526190,A
0,0,0.048421,A
0,0,0.168008,A
0,0,0.251684,A
0,0,0.100285,A
0,0,0.150438,A
0,0,0.198296,A
1,1,0.787837,A
0,0,0.362325,A
0,0,0.050160,A
0,0,0.393755,A
1,1,0.576037,A
0,0,0.438743,A
0,0,0.041303,A
0,0,0.494695,A
0,0,0.187257,A
1,0,0.488394,A
0,0,0.254147,A
0,0,0.106109,A
0,0,0.117454,A
0,0,0.253478,A
1,1,0.863180,A
0,0,0.050456,A
0,0,0.356811,A
1,0,0.490356,A
0,0,0.353188,A
0,0,0.314304,A
0,0,0.398443,A
1,0,0.227573,A
1,0,0.140130,A
1,0,0.351431,A
0,0,0.327602,A
0,0,0.332041,A
0,0,0.494431,A
0,0,0.075154,A
1,1,0.548209,A
0,0,0.396565,A
0,0,0.118467,A
0,0,0.134226,A
0,0,0.253363,A
0,0,0.163903,A
1,0,0.411131,A
0,0,0.109992,A
0,0,0.351080,A
0,0,0.183984,A
0,0,0.080781,A
0,0,0.111883,A
0,0,0.035563,A
0,0,0.167622,A
0,0,0.368849,A
0,0,0.069916,A
1,0,0.404963,A
0,0,0.089801,A
0,0,0.405914,A
0,0,0.068681,A
0,0,0.442510,A
0,0,0.411066,A
0,0,0.456313,A
0,0,0.094414,A
1,0,0.161717,A
0,0,0.325168,A
0,0,0.372227,A
0,0,0.364766,A
0,0,0.062923,A
0,0,0.176997,A
0,0,0.049738,A
0,0,0.139125,A
0,0,0.051078,A
0,0,0.189215,A
0,0,0.299403,A
1,0,0.218069,A
1,1,0.715761,A
0,0,0.165530,A
0,0,0.099408,A
0,0,0.131445,A
1,0,0.192748,A
0,0,0.318188,A
0,0,0.226576,A
0,1,0.507246,A
1,0,0.485945,A
1,0,0.485970,A
0,0,0.106031,A
0,0,0.153873,A
0,0,0.111440,A
1,1,0.511591,A
0,0,0.064014,A
0,0,0.126829,A
0,0,0.209152,A
0,0,0.228361,A
0,0,0.330959,A
1,0,0.225864,A
0,0,0.096994,A
0,0,0.090029,A
1,0,0.212773,A
0,0,0.032121,A
0,0,0.355374,A
0,0,0.246246,A
0,0,0.197563,A
0,0,0.150525,A
1,0,0.241459,A
0,0,0.050590,A
0,0,0.089900,A
1,0,0.240415,A
0,0,0.035438,A
0,0,0.126281,A
1,0,0.389904,A
0,0,0.164582,A
0,0,0.183381,A
0,0,0.194592,A
0,0,0.185584,A
0,0,0.364681,A
1,0,0.448656,A
1,0,0.314436,A
0,0,0.226272,A
0,0,0.394102,A
0,0,0.175282,A
1,0,0.330583,A
0,0,0.415690,A
1,0,0.325138,A
0,0,0.285023,A
0,0,0.234412,A
0,0,0.468415,A
1,0,0.092858,A
1,0,0.167992,A
0,0,0.112192,A
0,1,0.527140,A
0,0,0.072777,A
0,0,0.139778,A
0,0,0.195959,A
0,0,0.366763,A
1,0,0.093836,A
1,1,0.611414,A
1,0,0.258597,A
0,0,0.152044,A
0,0,0.228780,A
0,0,0.105263,A
0,0,0.155483,A
0,0,0.153269,A
1,0,0.439443,A
1,0,0.243035,A
0,0,0.039765,A
0,0,0.345558,A
0,0,0.213553,A
0,1,0.546663,A
0,0,0.341773,A
1,0,0.404846,A
0,1,0.574388,A
0,0,0.491526,A
0,0,0.247330,A
0,0,0.143315,A
0,0,0.228619,A
0,0,0.292298,A
0,0,0.274752,A
1,0,0.192068,A
0,0,0.318112,A
1,0,0.132222,A
1,1,0.506254,A
0,0,0.286244,A
1,0,0.128504,A
0,0,0.030266,A
1,0,0.447710,A
0,1,0.540213,A
0,0,0.287101,A
1,1,0.532857,A
0,0,0.175052,A
0,0,0.146667,A
1,0,0.136887,A
1,0,0.383663,A
0,0,0.187571,A
0,0,0.075512,A
0,0,0.287975,A
0,0,0.158359,A
0,0,0.112096,A
0,0,0.102614,A
0,0,0.132773,A
1,0,0.069722,A
0,0,0.253992,A
0,0,0.168850,A
1,0,0.184047,A
0,0,0.118638,A
1,1,0.722795,A
1,0,0.366471,A
1,0,0.292859,A
0,0,0.293435,A
1,0,0.274399,A
0,0,0.095854,A
0,0,0.245010,A
0,0,0.349168,A
0,0,0.366718,A
0,0,0.134730,A
1,0,0.427851,A
1,1,0.715641,A
0,0,0.269131,A
0,0,0.123999,A
0,1,0.501369,A
0,0,0.188424,A
0,0,0.438395,A
0,1,0.562569,A
0,0,0.080136,A
0,0,0.111675,A
0,0,0.444910,A
0,0,0.108757,A
0,0,0.332640,A
0,0,0.092463,A
0,0,0.248641,A
0,0,0.304909,A
1,0,0.380838,A
0,0,0.480518,A
0,0,0.163604,A
0,0,0.262596,A
0,0,0.287120,A
1,0,0.437362,A
0,0,0.301979,A
0,0,0.190917,A
0,0,0.142126,A
1,0,0.244330,A
0,0,0.190061,A
0,0,0.217021,A
0,0,0.346164,A
0,0,0.153586,A
0,0,0.141753,A
0,0,0.307937,A
0,0,0.379287,A
0,0,0.075376,A
0,0,0.260928,A
1,0,0.050781,A
0,0,0.259806,A
0,0,0.030992,A
0,1,0.552306,A
0,0,0.265345,A
0,0,0.183134,A
0,0,0.096425,A
1,0,0.432855,A
0,0,0.070390,A
1,1,0.760595,A
1,0,0.283874,A
0,0,0.416075,A
0,0,0.101522,A
0,0,0.369653,A
1,0,0.405717,A
1,0,0.282018,A
0,0,0.267943,A
0,0,0.184959,A
0,0,0.421855,A
1,0,0.207153,A
0,0,0.254961,A
0,0,0.263786,A
0,0,0.265944,A
1,1,0.537070,A
0,0,0.019111,A
0,0,0.268466,A
0,0,0.465635,A
0,0,0.236116,A
0,0,0.298666,A
1,0,0.296464,A
0,0,0.307627,A
0,0,0.108025,A
1,1,0.581025,A
0,0,0.237145,A
0,0,0.368151,A
0,0,0.226441,A
0,0,0.132909,A
0,0,0.148143,A
0,0,0.096368,A
1,1,0.530991,A
1,0,0.417672,A
0,0,0.115367,A
0,0,0.322005,A
0,0,0.299196,A
0,0,0.142484,A
0,0,0.396644,A
0,0,0.168614,A
1,0,0.181037,A
1,1,0.702550,A
0,0,0.249212,A
0,0,0.139742,A
0,0,0.289318,A
0,0,0.330609,A
0,0,0.327878,A
0,0,0.119243,A
0,0,0.135307,A
0,0,0.338741,A
0,0,0.165140,A
0,0,0.238672,A
0,0,0.271316,A
0,0,0.125289,A
1,0,0.424702,A
1,0,0.305798,A
1,0,0.142708,A
1,0,0.464743,A
0,0,0.151793,A
0,0,0.030360,A
0,0,0.469268,A
0,0,0.173969,A
1,1,0.587432,A
0,0,0.174665,A
0,0,0.276710,A
1,0,0.460285,A
0,0,0.139992,A
0,0,0.458899,A
0,0,0.286498,A
1,0,0.333213,A
0,0,0.101352,A
1,1,0.538369,A
0,0,0.213643,A
1,0,0.404641,A
0,0,0.262267,A
0,0,0.446014,A
0,0,0.331064,A
1,0,0.237164,A
0,0,0.206593,A
0,0,0.266664,A
0,1,0.509319,A
0,0,0.204626,A
0,0,0.302876,A
0,0,0.171181,A
0,0,0.420224,A
0,0,0.064034,A
0,0,0.246881,A
0,0,0.165208,A
0,0,0.380239,A
0,0,0.309032,A
1,1,0.670405,A
1,0,0.364258,A
0,0,0.130548,A
0,0,0.305089,A
0,0,0.139020,A
1,0,0.420347,A
0,0,0.240852,A
0,0,0.058731,A
0,0,0.155460,A
0,0,0.310959,A
0,0,0.298891,A
1,0,0.325065,A
0,0,0.186208,A
0,0,0.252994,A
0,0,0.267960,A
0,0,0.165882,A
1,0,0.388573,A
0,0,0.135354,A
0,0,0.295311,A
0,0,0.116067,A
0,0,0.299425,A
0,0,0.097484,A
1,1,0.621140,A
0,1,0.681605,A
0,0,0.329701,A
1,0,0.262947,A
0,0,0.351576,A
1,0,0.291473,A
0,0,0.364314,A
0,0,0.106287,A
0,0,0.237207,A
0,0,0.348588,A
0,0,0.195436,A
0,0,0.163656,A
1,0,0.183255,A
0,0,0.300607,A
1,0,0.249548,A
0,0,0.063712,A
0,0,0.330038,A
0,0,0.218947,A
0,0,0.361096,A
0,0,0.194247,A
0,0,0.084138,A
0,0,0.245860,A
0,0,0.364875,A
1,1,0.672297,A
0,0,0.353330,A
0,0,0.035407,A
1,0,0.341126,A
0,0,0.120553,A
0,0,0.069457,A
0,0,0.033170,A
1,1,0.799362,A
0,1,0.513894,A
0,0,0.310663,A
0,0,0.031905,A
1,0,0.201180,A
0,1,0.600847,A
0,0,0.199304,A
1,0,0.338261,A
0,0,0.178733,A
0,1,0.622855,A
1,0,0.351483,A
0,0,0.208337,A
0,0,0.215335,A
0,0,0.021839,A
0,0,0.469964,A
1,0,0.162615,A
1,0,0.177147,A
0,0,0.175007,A
0,0,0.142331,A
0,0,0.299449,A
0,1,0.518737,A
0,0,0.365498,A
0,0,0.308757,A
0,0,0.465232,A
0,0,0.149067,A
1,0,0.435325,A
0,0,0.294386,A
1,0,0.268619,A
0,0,0.161306,A
0,0,0.075344,A
0,0,0.090147,A
0,0,0.267848,A
1,0,0.227424,A
0,0,0.213880,A
0,0,0.269262,A
0,0,0.171679,A
1,0,0.185437,A
0,1,0.644081,A
0,0,0.017025,A
0,0,0.367149,A
0,0,0.154970,A
0,0,0.060321,A
0,0,0.121868,A
0,0,0.255301,A
0,0,0.387248,A
1,0,0.194749,A
0,0,0.070536,A
0,0,0.389466,A
1,0,0.193422,A
0,0,0.436467,A
0,0,0.427240,A
1,0,0.493400,A
0,0,0.232345,A
1,1,0.661598,A
1,0,0.424359,A
0,0,0.095662,A
0,0,0.331442,A
1,0,0.209368,A
0,0,0.115576,A
0,0,0.051195,A
0,0,0.238887,A
1,0,0.469041,A
0,0,0.282263,A
0,0,0.052502,A
1,0,0.406704,A
1,0,0.207664,A
1,1,0.749833,A
0,0,0.063120,A
0,0,0.135464,A
0,0,0.058003,A
1,0,0.070005,A
1,1,0.517792,A
0,0,0.230080,A
0,0,0.228476,A
0,0,0.107953,A
1,0,0.258912,A
0,0,0.156896,A
0,0,0.056308,A
0,0,0.057234,A
0,0,0.049323,A
0,0,0.344088,A
0,0,0.269312,A
0,0,0.356633,A
0,0,0.176814,A
0,0,0.213597,A
0,0,0.286352,A
0,0,0.403995,A
0,0,0.379544,A
0,0,0.248422,A
0,0,0.178493,A
0,0,0.090841,A
0,0,0.342143,A
0,0,0.256164,A
1,0,0.401893,A
1,0,0.283771,A
0,0,0.137575,A
0,0,0.108401,A
0,0,0.099025,A
0,0,0.129375,A
0,0,0.262619,A
1,0,0.251374,A
0,0,0.146607,A
1,0,0.493056,A
0,0,0.177081,A
1,1,0.570330,A
1,0,0.301517,A
0,0,0.158763,A
1,0,0.392187,A
0,0,0.062781,A
0,0,0.145198,A
0,0,0.198731,A
0,0,0.249661,A
0,0,0.182792,A
0,0,0.100957,A
0,0,0.297867,A
0,0,0.199215,A
0,0,0.256693,A
0,0,0.381958,A
1,0,0.375747,A
1,1,0.742221,A
1,0,0.283591,A
1,0,0.370911,A
1,0,0.149145,A
0,0,0.271424,A
0,0,0.418786,A
0,0,0.155250,A
1,0,0.445006,A
1,0,0.418585,A
1,0,0.362349,A
0,0,0.092616,A
0,0,0.204874,A
0,0,0.277695,A
0,0,0.113539,A
0,0,0.029573,A
0,0,0.190984,A
1,0,0.479077,A
0,0,0.408723,A
0,0,0.149749,A
0,0,0.147700,A
1,0,0.264882,A
0,0,0.365775,A
0,0,0.178165,A
1,0,0.355603,A
0,0,0.056469,A
0,0,0.495090,A
0,0,0.029943,A
1,0,0.161212,A
1,0,0.329288,A
0,0,0.398422,A
1,0,0.135047,A
0,0,0.182099,A
1,0,0.356535,A
1,0,0.307090,A
0,0,0.085214,A
1,0,0.352490,A
0,0,0.303459,A
0,0,0.387524,A
0,0,0.106922,A
1,0,0.203598,A
1,0,0.268780,A
0,0,0.313809,A
0,0,0.141840,A
0,0,0.329210,A
0,0,0.432922,A
0,0,0.258328,A
0,0,0.082071,A
0,0,0.071172,A
1,0,0.495287,A
1,0,0.293321,A
1,0,0.260392,A
0,0,0.308636,A
0,0,0.431108,A
0,0,0.160400,A
0,0,0.280185,A
0,0,0.141947,A
1,0,0.137000,A
0,0,0.345254,A
0,0,0.159661,A
0,0,0.348016,A
0,0,0.172261,A
0,0,0.166903,A
0,0,0.304803,A
1,0,0.223219,A
0,0,0.239114,A
0,0,0.403946,A
0,0,0.172657,A
0,0,0.052457,A
1,0,0.211445,A
0,0,0.216451,A
1,0,0.356008,A
0,0,0.174160,A
0,0,0.380367,A
1,0,0.489308,A
0,0,0.303086,A
1,0,0.358541,A
0,0,0.184262,A
1,0,0.408237,A
0,0,0.386506,A
0,0,0.389073,A
0,0,0.327752,A
0,0,0.184081,A
1,0,0.262533,A
1,1,0.518973,A
0,0,0.268331,A
0,0,0.314442,A
0,0,0.108640,A
0,1,0.531560,A
0,1,0.540046,A
1,0,0.499936,A
1,0,0.473726,A
0,0,0.138324,A
0,0,0.194375,A
0,0,0.109352,A
0,0,0.150744,A
0,0,0.115733,A
0,0,0.450749,A
1,1,0.572915,A
0,0,0.106778,A
0,0,0.075552,A
0,0,0.068711,A
0,1,0.531347,A
0,0,0.420782,A
0,0,0.160296,A
0,0,0.406490,A
0,1,0.500460,A
1,0,0.483572,A
0,0,0.291331,A
1,0,0.481993,A
0,1,0.559865,A
0,0,0.026215,A
0,0,0.174510,A
0,0,0.322524,A
1,0,0.281998,A
1,0,0.395453,A
0,0,0.193203,A
0,0,0.186813,A
0,0,0.075092,A
0,0,0.234183,A
0,0,0.252578,A
0,0,0.240952,A
0,0,0.162223,A
0,0,0.373513,A
0,0,0.409290,A
0,0,0.174835,A
1,0,0.482762,A
1,0,0.086538,A
1,0,0.498102,A
0,0,0.024048,A
1,1,0.524813,A
0,0,0.299601,A
1,0,0.166903,A
0,0,0.141373,A
1,0,0.299751,A
0,0,0.106160,A
0,0,0.202551,A
1,1,0.660518,A
0,1,0.605571,A
1,0,0.282817,A
1,0,0.383719,A
0,0,0.372541,A
0,0,0.050723,A
0,0,0.327183,A
1,1,0.625382,A
1,0,0.145238,A
1,0,0.495921,A
0,0,0.108479,A
1,1,0.650571,A
1,0,0.280780,A
0,1,0.524675,A
1,0,0.270835,A
1,1,0.640722,A
0,0,0.151480,A
0,0,0.361519,A
0,0,0.296895,A
0,0,0.129893,A
0,0,0.132922,A
0,0,0.411668,A
0,0,0.072729,A
0,0,0.019960,A
0,1,0.656642,A
0,0,0.175076,A
1,0,0.212303,A
1,0,0.171432,A
1,0,0.227188,A
0,1,0.541871,A
0,0,0.247143,A
1,0,0.126185,A
0,0,0.169356,A
1,0,0.151289,A
0,1,0.648634,A
0,0,0.035990,A
0,0,0.254021,A
1,0,0.249314,A
1,0,0.278391,A
1,0,0.195314,A
1,0,0.188868,A
0,0,0.089629,A
0,0,0.341958,A
0,0,0.421092,A
0,0,0.323610,A
0,1,0.771802,A
1,0,0.133257,A
0,0,0.332552,A
1,0,0.349603,A
1,0,0.335595,A
0,0,0.324969,A
0,0,0.473452,A
1,0,0.274200,A
1,1,0.614323,A
1,1,0.603977,A
0,0,0.233792,A
0,0,0.290030,A
0,0,0.236284,A
0,0,0.127575,A
1,0,0.391718,A
1,0,0.307825,A
1,0,0.428575,A
1,0,0.164082,A
0,0,0.291361,A
0,0,0.325345,A
0,0,0.226920,A
0,0,0.154139,A
0,0,0.110311,A
1,0,0.178285,A
1,1,0.558618,A
0,1,0.762952,A
0,0,0.257754,A
1,0,0.176673,A
0,0,0.064147,A
1,0,0.390354,A
1,0,0.462114,A
0,0,0.316271,A
0,0,0.215857,A
0,0,0.225458,A
0,0,0.471056,A
0,0,0.098686,A
0,0,0.252779,A
0,0,0.271603,A
1,0,0.094174,A
0,0,0.034754,A
1,0,0.381580,A
0,0,0.170682,A
0,0,0.317263,A
0,0,0.110396,A
1,0,0.346725,A
0,0,0.121588,A
0,1,0.655493,A
0,0,0.363624,A
0,0,0.268883,A
0,0,0.055318,A
1,1,0.658897,A
1,0,0.258241,A
1,0,0.257524,A
0,0,0.280874,A
0,0,0.412961,A
1,0,0.187975,A
0,1,0.569249,A
0,0,0.165934,A
0,0,0.022186,A
0,0,0.449988,A
0,0,0.119125,A
0,0,0.187742,A
0,0,0.103675,A
1,0,0.214470,A
0,0,0.287923,A
0,0,0.442475,A
0,0,0.116768,A
0,0,0.268197,A
0,0,0.330814,A
1,1,0.522576,A
0,0,0.462053,A
0,0,0.056968,A
1,0,0.192694,A
0,0,0.332622,A
0,0,0.256084,A
1,0,0.238235,A
1,1,0.502129,A
1,0,0.304261,A
1,1,0.792948,A
0,0,0.228889,A
0,0,0.184849,A
1,0,0.361108,A
0,0,0.406651,A
1,0,0.209218,A
0,0,0.250007,A
0,0,0.371352,A
0,0,0.322926,A
0,0,0.373412,A
0,0,0.473999,A
0,0,0.315660,A
0,0,0.052931,A
1,0,0.417035,A
0,0,0.072257,A
1,0,0.496143,A
1,0,0.476277,A
0,0,0.220992,A
0,0,0.200918,A
0,0,0.044546,A
0,0,0.090760,A
0,0,0.284159,A
0,0,0.300075,A
0,0,0.073648,A
1,0,0.473386,A
1,1,0.573069,A
1,0,0.141083,A
1,0,0.418366,A
0,0,0.208779,A
1,0,0.352960,A
0,0,0.311057,A
0,0,0.120851,A
0,0,0.301656,A
1,1,0.594591,A
0,0,0.133051,A
1,0,0.338617,A
0,0,0.384780,A
0,0,0.133884,A
1,0,0.314371,A
0,1,0.682575,A
0,0,0.258553,A
1,0,0.417882,A
0,0,0.058070,A
0,1,0.511354,A
0,0,0.356607,A
0,0,0.199371,A
1,0,0.370320,A
1,0,0.223702,A
1,0,0.192921,A
0,0,0.110461,A
0,0,0.297632,A
0,0,0.376873,A
1,0,0.295892,A
0,0,0.188029,A
0,0,0.430477,A
0,0,0.145251,A
1,1,0.567047,A
0,0,0.431657,A
0,0,0.360017,A
0,0,0.332143,A
0,0,0.411254,A
1,0,0.444425,A
0,1,0.536113,A
1,0,0.215527,A
1,0,0.463571,A
0,0,0.065990,A
1,0,0.351396,A
0,0,0.198250,A
0,0,0.267232,A
0,0,0.107171,A
0,0,0.169819,A
1,0,0.266176,A
0,0,0.285435,A
0,0,0.295066,A
0,0,0.009577,A
0,0,0.073574,A
0,0,0.200991,A
0,0,0.364798,A
1,1,0.635703,A
0,0,0.065829,A
0,0,0.204299,A
1,0,0.363923,A
0,0,0.472867,A
0,0,0.167776,A
0,0,0.130647,A
1,0,0.475398,A
0,1,0.550173,A
0,0,0.122725,A
1,0,0.189745,A
1,1,0.663097,A
1,1,0.609956,A
0,0,0.351331,A
0,0,0.083313,A
0,0,0.265693,A
0,0,0.022399,A
0,0,0.128542,A
0,0,0.326603,A
0,0,0.264938,A
0,1,0.508984,A
0,0,0.283624,A
0,0,0.069383,A
0,0,0.406137,A
1,0,0.135319,A
1,1,0.567528,A
0,0,0.482714,A
1,0,0.319995,A
0,0,0.283927,A
0,0,0.329671,A
1,0,0.198666,A
0,0,0.264792,A
0,1,0.522910,A
1,0,0.385494,A
1,0,0.041639,A
0,1,0.518686,A
0,0,0.156691,A
0,0,0.332233,A
0,0,0.082035,A
0,1,0.595924,A
1,0,0.297574,A
0,0,0.123064,A
1,0,0.158686,A
1,1,0.733045,A
0,0,0.420717,A
0,0,0.410589,A
1,0,0.265585,A
1,0,0.378651,A
0,0,0.228289,A
0,1,0.606611,A
1,0,0.476551,A
0,0,0.323285,A
0,0,0.185291,A
0,0,0.217925,A
0,0,0.115564,A
1,0,0.232851,A
0,0,0.289427,A
0,0,0.129896,A
1,0,0.279936,A
1,0,0.461629,A
0,0,0.036097,A
1,1,0.548779,A
1,0,0.155132,A
0,0,0.226718,A
0,0,0.294436,A
1,1,0.573472,A
0,0,0.134851,A
0,0,0.038595,A
1,1,0.716813,A
0,0,0.326464,A
0,0,0.215070,A
0,0,0.029093,A
0,0,0.157323,A
0,0,0.209466,A
1,0,0.318738,A
1,0,0.438680,A
0,0,0.193986,A
0,0,0.308129,A
0,1,0.669759,A
1,0,0.293624,A
1,0,0.373456,A
0,0,0.106863,A
1,0,0.453127,A
0,0,0.404245,A
0,0,0.336419,A
0,0,0.221999,A
0,0,0.280997,A
0,0,0.098579,A
0,0,0.191458,A
1,0,0.143402,A
1,0,0.414027,A
0,1,0.569890,A
1,0,0.397807,A
0,0,0.455582,A
0,0,0.114350,A
0,0,0.455247,A
0,0,0.470912,A
0,0,0.238288,A
0,0,0.165509,A
0,0,0.196609,A
0,0,0.028136,A
1,0,0.160262,A
1,0,0.188044,A
0,0,0.030518,A
0,0,0.085880,A
0,1,0.503315,A
0,0,0.284389,A
1,0,0.382924,A
0,0,0.265934,A
1,1,0.550404,A
1,0,0.304367,A
0,0,0.115308,A
1,1,0.653324,A
0,1,0.798589,A
0,0,0.203763,A
1,0,0.179278,A
0,0,0.218024,A
0,0,0.240814,A
0,1,0.529554,A
0,0,0.374041,A
1,1,0.707014,A
0,0,0.335672,A
0,0,0.237044,A
0,0,0.225046,A
1,0,0.315903,A
1,0,0.387507,A
0,0,0.244978,A
1,0,0.260300,A
0,0,0.402716,A
0,0,0.130408,A
0,0,0.256600,A
0,0,0.052167,A
0,0,0.422624,A
0,0,0.102085,A
0,0,0.376955,A
0,0,0.273351,A
1,1,0.565888,A
0,0,0.034275,A
0,0,0.254247,A
0,0,0.450143,A
0,0,0.193410,A
0,0,0.108406,A
0,0,0.160807,A
1,0,0.228822,A
0,0,0.372003,A
0,0,0.145184,A
0,0,0.286235,A
0,0,0.136853,A
0,0,0.421391,A
0,0,0.268201,A
0,0,0.308648,A
0,0,0.340856,A
0,0,0.144818,A
1,0,0.403107,A
0,0,0.243832,A
0,0,0.228795,A
0,0,0.222622,A
0,0,0.238362,A
1,0,0.093252,A
1,0,0.486193,A
1,0,0.172646,A
0,0,0.352649,A
0,0,0.442995,A
1,0,0.319430,A
0,0,0.309445,A
0,0,0.432606,A
0,0,0.169101,A
0,0,0.065340,A
0,0,0.138301,A
0,0,0.200602,A
0,0,0.448921,A
0,0,0.152144,A
0,0,0.039231,A
0,0,0.256354,A
0,0,0.022147,A
0,0,0.205746,A
0,0,0.238577,A
1,0,0.429665,A
0,0,0.273541,A
0,0,0.237200,A
1,0,0.069472,A
0,0,0.177976,A
0,1,0.620075,A
0,0,0.254580,A
1,0,0.267315,A
0,1,0.527314,A
0,0,0.293253,A
1,1,0.539056,A
0,0,0.254351,A
0,0,0.157543,A
0,0,0.163343,A
0,0,0.375546,A
1,1,0.504385,A
0,0,0.114150,A
0,0,0.172843,A
0,0,0.498497,A
0,0,0.177302,A
1,0,0.244810,A
0,0,0.157058,A
0,0,0.060751,A
1,0,0.440182,A
1,1,0.521303,A
1,0,0.415267,A
0,0,0.068531,A
0,1,0.607712,A
1,0,0.303862,A
0,0,0.123712,A
0,0,0.250279,A
0,0,0.188828,A
1,0,0.269322,A
0,0,0.084894,A
0,0,0.229475,A
0,0,0.157113,A
0,0,0.251724,A
0,0,0.084651,A
1,0,0.268042,A
0,0,0.396424,A
1,0,0.174580,A
0,0,0.308262,A
0,0,0.234059,A
1,0,0.349483,A
0,0,0.353109,A
0,1,0.526038,A
1,0,0.183909,A
0,0,0.394833,A
0,0,0.184718,A
0,0,0.333522,A
0,1,0.510261,A
0,0,0.066488,A
1,0,0.026697,A
0,0,0.032133,A
0,0,0.367516,A
0,0,0.257047,A
0,1,0.558472,A
0,0,0.321395,A
0,0,0.227072,A
1,0,0.171618,A
0,0,0.422010,A
0,0,0.493168,A
0,0,0.294703,A
0,0,0.393091,A
0,0,0.119983,A
1,1,0.571318,A
0,0,0.123265,A
0,0,0.166969,A
0,0,0.133301,A
0,0,0.144158,A
0,0,0.459071,A
0,0,0.186535,A
0,1,0.524945,A
0,0,0.436008,A
0,0,0.189032,A
0,1,0.561954,A
0,0,0.484241,A
1,1,0.668821,A
1,0,0.422972,A
0,0,0.128429,A
0,0,0.397113,A
1,0,0.387806,A
0,0,0.198110,A
0,0,0.386208,A
0,0,0.175697,A
0,0,0.359379,A
1,0,0.314442,A
0,0,0.359441,A
0,0,0.351635,A
0,0,0.215339,A
0,0,0.340487,A
1,0,0.316036,A
1,0,0.404163,A
0,0,0.360374,A
0,0,0.270901,A
1,1,0.714724,A
1,1,0.535446,A
0,0,0.180092,A
1,0,0.411836,A
0,0,0.166446,A
0,0,0.253093,A
0,0,0.325684,A
1,0,0.402835,A
1,0,0.243563,A
0,0,0.189508,A
0,0,0.426360,A
0,0,0.494889,A
0,0,0.226160,A
0,1,0.680363,A
0,0,0.090069,A
1,0,0.377587,A
0,0,0.245622,A
0,0,0.369801,A
1,0,0.108141,A
0,0,0.205228,A
0,0,0.149629,A
0,0,0.302478,A
1,1,0.588053,A
1,0,0.408847,A
0,0,0.082089,A
0,0,0.144874,A
1,0,0.328754,A
1,0,0.413116,A
0,1,0.573379,A
1,0,0.389485,A
1,1,0.631746,A
0,0,0.384047,A
0,0,0.147104,A
0,0,0.092271,A
1,0,0.310733,A
0,1,0.516173,A
1,0,0.141723,A
1,1,0.805194,A
0,0,0.217189,A
1,0,0.307234,A
0,0,0.121885,A
1,0,0.434271,A
0,0,0.243987,A
0,0,0.269352,A
0,0,0.354379,A
0,0,0.377261,A
0,0,0.246966,A
0,0,0.469916,A
0,0,0.488773,A
0,0,0.005465,A
0,0,0.450693,A
0,0,0.167976,A
0,0,0.196396,A
0,0,0.066750,A
1,1,0.663047,A
0,0,0.427040,A
1,0,0.455003,A
0,0,0.167334,A
0,0,0.373097,A
1,1,0.512879,A
0,0,0.290902,A
0,0,0.323407,A
0,0,0.155298,A
0,0,0.238489,A
0,0,0.181131,A
0,1,0.530437,A
0,1,0.500325,A
1,0,0.267623,A
0,0,0.292575,A
0,0,0.102073,A
0,1,0.526601,A
0,0,0.139646,A
1,0,0.274006,A
0,0,0.294160,A
1,0,0.491995,A
1,0,0.209474,A
0,0,0.037326,A
1,0,0.315127,A
1,0,0.273248,A
0,0,0.418078,A
1,0,0.424863,A
0,0,0.071174,A
0,0,0.287025,A
0,1,0.650748,A
0,0,0.064197,A
0,0,0.310869,A
1,0,0.278511,A
0,0,0.372280,A
0,0,0.046590,A
0,0,0.314191,A
1,0,0.367789,A
0,0,0.130197,A
1,0,0.218650,A
1,0,0.047030,A
0,0,0.133375,A
1,1,0.521474,A
1,0,0.448832,A
1,0,0.214295,A
0,0,0.364530,A
1,0,0.289496,A
0,0,0.350455,A
0,0,0.269531,A
0,0,0.449674,A
1,0,0.291113,A
0,0,0.221704,A
0,0,0.347478,A
1,1,0.516089,A
1,1,0.626086,A
0,0,0.273667,A
0,0,0.395234,A
1,0,0.251842,A
0,0,0.454962,A
0,0,0.298489,A
1,1,0.601858,A
0,0,0.126906,A
0,0,0.053917,A
1,0,0.125098,A
1,0,0.228527,A
0,0,0.151316,A
1,0,0.269097,A
0,0,0.312504,A
0,0,0.153165,A
1,0,0.326973,A
0,0,0.291265,A
0,0,0.119637,A
0,0,0.155898,A
0,0,0.267056,A
0,0,0.174637,A
1,1,0.634424,A
1,0,0.429202,A
0,0,0.342673,A
0,0,0.392654,A
0,0,0.438804,A
1,0,0.395346,A
0,0,0.336186,A
0,0,0.098667,A
0,1,0.666645,A
1,0,0.150658,A
1,1,0.668554,A
0,0,0.131688,A
0,0,0.246682,A
0,0,0.093656,A
0,0,0.467785,A
0,1,0.570180,A
0,0,0.108814,A
0,0,0.433142,A
0,0,0.204088,A
0,0,0.303762,A
0,0,0.189753,A
0,0,0.133843,A
1,0,0.217763,A
0,0,0.225793,A
0,0,0.277413,A
0,1,0.715394,A
1,0,0.256477,A
0,0,0.192180,A
0,0,0.336310,A
0,0,0.365642,A
0,0,0.271138,A
0,0,0.217436,A
0,0,0.074749,A
0,0,0.087985,A
0,0,0.441000,A
1,0,0.487691,A
0,0,0.037984,A
0,0,0.121827,A
0,0,0.293617,A
0,0,0.367204,A
0,0,0.100447,A
0,0,0.101341,A
1,0,0.263061,A
0,0,0.109777,A
1,1,0.608305,A
0,0,0.316556,A
1,0,0.345404,A
0,0,0.070413,A
0,0,0.152544,A
0,0,0.094045,A
1,0,0.467373,A
1,0,0.167601,A
0,0,0.344725,A
0,0,0.249864,A
1,1,0.541462,A
0,0,0.253172,A
0,1,0.568794,A
0,0,0.128844,A
0,0,0.253991,A
1,1,0.675810,A
0,0,0.431566,A
1,0,0.305267,A
0,0,0.165383,A
1,1,0.509535,A
0,0,0.092079,A
0,0,0.452372,A
0,0,0.261724,A
0,0,0.224021,A
0,0,0.302113,A
0,0,0.302100,A
0,0,0.108237,A
0,1,0.634437,A
0,0,0.172210,A
0,0,0.321058,A
1,1,0.611903,A
0,0,0.290468,A
0,0,0.267974,A
0,0,0.386122,A
0,0,0.125402,A
0,0,0.178107,A
1,1,0.563901,A
0,0,0.279209,A
0,0,0.329249,A
0,0,0.307294,A
0,0,0.312010,A
0,1,0.522788,A
0,0,0.202967,A
0,0,0.199075,A
1,0,0.200195,A
0,0,0.206082,A
0,1,0.521467,A
0,0,0.370444,A
0,0,0.077658,A
1,0,0.296707,A
0,0,0.118783,A
1,1,0.550265,A
0,0,0.275877,A
0,1,0.508617,A
0,0,0.222159,A
0,1,0.731726,A
0,0,0.110419,A
0,0,0.099500,A
0,0,0.204570,A
0,0,0.122121,A
1,0,0.393298,A
0,0,0.410498,A
0,0,0.454530,A
1,1,0.777762,A
0,0,0.070493,A
0,0,0.088886,A
0,0,0.474702,A
0,0,0.211744,A
0,1,0.767696,A
0,0,0.221511,A
0,0,0.065741,A
0,0,0.190032,A
0,0,0.395250,A
0,0,0.280692,A
1,1,0.519746,A
0,0,0.191990,A
0,0,0.404305,A
0,0,0.195951,A
0,0,0.108796,A
1,0,0.465665,A
0,0,0.233567,A
0,0,0.215887,A
0,0,0.200431,A
0,0,0.025999,A
0,0,0.143729,A
0,0,0.363121,A
1,0,0.427899,A
1,0,0.473111,A
0,0,0.396095,A
0,0,0.460844,A
0,0,0.160416,A
0,0,0.036117,A
0,0,0.306708,A
1,0,0.383448,A
0,0,0.161215,A
0,0,0.320826,A
1,1,0.562908,A
0,0,0.046279,A
1,1,0.684898,A
0,0,0.309025,A
0,0,0.494013,A
0,0,0.320521,A
1,1,0.627648,A
0,0,0.165550,A
1,0,0.229549,A
0,0,0.185988,A
1,0,0.152522,A
0,0,0.314266,A
1,0,0.284980,A
1,1,0.516795,A
1,0,0.245228,A
0,0,0.044975,A
0,0,0.337703,A
1,1,0.507851,A
1,0,0.353446,A
0,0,0.298783,A
0,0,0.199373,A
1,0,0.456063,A
0,0,0.384625,A
1,0,0.256986,A
1,0,0.237374,A
0,0,0.097125,A
1,0,0.294186,A
1,0,0.174569,A
1,0,0.100074,A
0,0,0.279704,A
1,1,0.646965,A
0,0,0.257825,A
0,0,0.179463,A
1,0,0.192525,A
0,0,0.331604,A
1,0,0.465916,A
1,0,0.485621,A
0,0,0.192725,A
0,0,0.479183,A
0,0,0.303284,A
0,0,0.350456,A
0,0,0.141500,A
0,0,0.222902,A
0,0,0.217240,A
0,0,0.054702,A
0,0,0.295459,A
1,0,0.318379,A
1,0,0.322338,A
0,0,0.116766,A
0,0,0.131329,A
1,0,0.158651,A
1,1,0.591255,A
0,0,0.273132,A
0,0,0.360609,A
0,1,0.525190,A
1,0,0.205330,A
0,0,0.143042,A
0,0,0.281906,A
0,0,0.267322,A
1,0,0.294261,A
1,0,0.310231,A
0,0,0.126170,A
0,0,0.160026,A
0,1,0.672889,A
0,0,0.054754,A
0,0,0.007348,A
1,1,0.547227,A
1,0,0.406954,A
0,1,0.530462,A
1,0,0.208623,A
0,0,0.082529,A
0,0,0.300361,A
0,0,0.146468,A
0,0,0.347275,A
1,0,0.318188,A
0,0,0.273864,A
0,1,0.630605,A
0,0,0.114503,A
0,1,0.577885,A
0,1,0.626654,A
0,0,0.215129,A
1,0,0.159027,A
0,0,0.131493,A
1,0,0.335144,A
1,0,0.265831,A
1,1,0.617545,A
0,0,0.181940,A
0,0,0.285150,A
0,0,0.257048,A
0,0,0.241649,A
0,0,0.301031,A
0,0,0.161393,A
1,0,0.349548,A
0,0,0.092630,A
0,1,0.509760,A
0,0,0.447273,A
0,0,0.169597,A
0,0,0.138149,A
0,0,0.161117,A
0,0,0.120919,A
0,0,0.165710,A
0,0,0.341063,A
1,0,0.459206,A
0,0,0.322146,A
1,0,0.264909,A
0,0,0.050422,A
1,0,0.133174,A
0,0,0.444444,A
1,0,0.290285,A
0,0,0.189988,A
1,1,0.660230,A
0,0,0.120719,A
0,0,0.233691,A
0,1,0.677359,A
1,0,0.290237,A
0,0,0.164481,A
0,0,0.080580,A
0,0,0.221311,A
0,0,0.478037,A
0,0,0.101922,A
1,0,0.369408,A
0,0,0.247572,A
1,0,0.383745,A
0,0,0.163446,A
0,0,0.245123,A
0,1,0.555538,A
0,0,0.424424,A
0,0,0.098128,A
1,1,0.557361,A
0,0,0.405882,A
1,0,0.189175,A
1,0,0.236091,A
0,0,0.244787,A
0,1,0.585663,A
0,0,0.054230,A
0,1,0.667693,A
0,0,0.336955,A
1,1,0.501356,A
0,0,0.301251,A
0,0,0.322215,A
0,0,0.201136,A
0,1,0.618187,A
1,0,0.410723,A
0,0,0.224657,A
0,0,0.123880,A
0,1,0.551912,A
1,0,0.305955,A
1,0,0.226266,A
0,0,0.235825,A
0,0,0.086075,A
0,0,0.122790,A
0,0,0.394106,A
0,1,0.539092,A
1,0,0.307714,A
0,0,0.098042,A
1,0,0.313480,A
0,0,0.228581,A
0,0,0.352979,A
0,0,0.304603,A
0,0,0.369477,A
1,0,0.132206,A
0,0,0.023153,A
1,0,0.051536,A
0,0,0.048207,A
0,0,0.254975,A
0,0,0.074568,A
0,0,0.292307,A
1,0,0.396143,A
1,0,0.254027,A
0,0,0.303584,A
0,1,0.633256,A
1,0,0.145675,A
0,0,0.023174,A
0,0,0.131850,A
0,0,0.036269,A
1,0,0.399830,A
0,0,0.350599,A
1,1,0.608166,A
0,0,0.056299,A
0,0,0.262134,A
0,0,0.196083,A
1,0,0.452307,A
0,0,0.334642,A
0,0,0.167931,A
0,0,0.178391,A
0,0,0.391976,A
0,0,0.034333,A
0,0,0.197627,A
1,0,0.258949,A
1,0,0.196840,A
1,1,0.621160,A
0,0,0.157994,A
0,0,0.407625,A
0,0,0.149663,A
0,0,0.361417,A
0,0,0.275308,A
0,0,0.282088,A
0,0,0.145064,A
0,0,0.316948,A
0,1,0.529767,A
0,0,0.439022,A
0,1,0.540708,A
1,0,0.383816,A
1,0,0.489173,A
0,0,0.267700,A
0,0,0.088194,A
0,0,0.347013,A
0,0,0.265452,A
1,1,0.729286,A
1,0,0.471294,A
0,0,0.124316,A
1,0,0.354075,A
1,1,0.558732,A
0,1,0.516658,A
0,0,0.401846,A
0,0,0.210879,A
1,0,0.440579,A
1,1,0.535787,A
0,0,0.220661,A
1,0,0.358356,A
0,0,0.097153,A
0,0,0.072229,A
1,0,0.247000,A
0,0,0.098758,A
1,0,0.165885,A
0,0,0.370352,A
1,1,0.505161,A
0,0,0.014645,A
0,0,0.428343,A
0,0,0.113222,A
1,0,0.113904,A
0,0,0.121457,A
0,0,0.123444,A
0,1,0.511370,A
0,0,0.375945,A
0,0,0.241107,A
0,0,0.169389,A
0,0,0.052299,A
0,0,0.259289,A
0,0,0.207802,A
1,0,0.174546,A
1,0,0.475250,A
0,0,0.253099,A
0,0,0.201947,A
0,0,0.126654,A
0,0,0.382404,A
0,0,0.070722,A
0,0,0.353184,A
0,0,0.333719,A
0,0,0.257083,A
0,1,0.523051,A
0,0,0.127588,A
0,0,0.435631,A
0,0,0.163245,A
0,0,0.075522,A
0,0,0.420947,A
0,0,0.244840,A
0,0,0.265797,A
0,0,0.134598,A
0,0,0.489789,A
0,0,0.451321,A
0,0,0.423606,A
0,0,0.160482,A
0,0,0.338614,A
0,0,0.397814,A
0,0,0.154283,A
0,0,0.286300,A
0,0,0.084826,A
0,0,0.425270,A
0,0,0.247813,A
0,0,0.247707,A
1,0,0.186812,A
0,0,0.347685,A
0,0,0.188335,A
1,0,0.336461,A
1,0,0.295676,A
0,0,0.296114,A
0,0,0.249492,A
1,0,0.480466,A
0,0,0.087218,A
0,0,0.086712,A
0,0,0.159094,A
0,0,0.246428,A
0,0,0.208681,A
0,0,0.302677,A
0,0,0.134236,A
0,0,0.050087,A
1,0,0.403909,A
0,0,0.219154,A
0,0,0.370236,A
0,0,0.090292,A
0,0,0.200641,A
0,0,0.296982,A
0,0,0.328724,A
0,0,0.191591,A
0,0,0.454519,A
0,0,0.334934,A
0,1,0.501730,A
1,0,0.202788,A
1,0,0.331696,A
0,0,0.337517,A
0,0,0.230948,A
1,0,0.430094,A
0,0,0.062114,A
1,0,0.301409,A
0,0,0.103670,A
0,1,0.503948,A
0,0,0.278902,A
1,0,0.351639,A
0,0,0.034871,A
0,0,0.188787,A
0,0,0.229908,A
0,0,0.361657,A
1,1,0.547528,A
1,0,0.382620,A
1,0,0.166899,A
0,0,0.140191,A
0,0,0.054901,A
0,0,0.297838,A
0,0,0.319004,A
0,0,0.287800,A
1,1,0.697599,A
0,0,0.368454,A
1,0,0.368011,A
0,1,0.609054,A
0,1,0.536109,A
0,0,0.029888,A
1,0,0.234798,A
1,0,0.478357,A
1,0,0.347028,A
1,1,0.837475,A
0,0,0.279876,A
0,0,0.268199,A
0,0,0.400202,A
0,1,0.531319,A
0,0,0.170048,A
0,0,0.153428,A
0,0,0.473211,A
0,0,0.280755,A
1,0,0.459559,A
1,1,0.627734,A
1,0,0.460737,A
1,1,0.631122,A
0,0,0.278605,A
0,0,0.204989,A
1,0,0.127854,A
0,0,0.074514,A
0,0,0.207699,A
0,1,0.627049,A
0,0,0.314888,A
1,0,0.296096,A
1,1,0.655064,A
0,0,0.290073,A
0,0,0.165101,A
0,0,0.380072,A
0,0,0.121166,A
0,0,0.031849,A
0,0,0.206301,A
0,0,0.178216,A
1,0,0.220655,A
0,0,0.300383,A
0,0,0.141692,A
1,0,0.294023,A
1,1,0.564013,A
1,1,0.672902,A
1,0,0.368709,A
0,0,0.169586,A
0,0,0.118756,A
1,0,0.377610,A
0,1,0.529772,A
1,1,0.527533,A
0,0,0.106938,A
1,0,0.284688,A
0,0,0.213612,A
0,0,0.207909,A
1,0,0.304705,A
1,0,0.274475,A
0,0,0.078423,A
1,0,0.294456,A
0,0,0.183005,A
0,0,0.252596,A
0,0,0.228120,A
0,0,0.129142,A
0,0,0.106647,A
0,0,0.398399,A
0,0,0.114983,A
0,0,0.411198,A
0,0,0.275149,A
0,0,0.414468,A
1,0,0.432577,A
1,0,0.376531,A
1,0,0.402791,A
1,0,0.368203,A
0,0,0.246042,A
0,1,0.535678,A
0,0,0.338601,A
0,0,0.098344,A
0,0,0.186794,A
0,0,0.144198,A
0,0,0.448973,A
0,0,0.190209,A
0,0,0.227475,A
0,0,0.301500,A
1,1,0.659738,A
0,0,0.260030,A
1,0,0.381707,A
0,0,0.196452,A
0,0,0.279271,A
0,0,0.193824,A
0,0,0.182462,A
0,0,0.240947,A
0,0,0.259670,A
0,0,0.088278,A
0,0,0.246720,A
0,0,0.131465,A
1,0,0.379091,A
0,0,0.444895,A
0,0,0.143828,A
0,0,0.225304,A
0,0,0.229180,A
1,0,0.325109,A
1,0,0.259821,A
0,0,0.294842,A
1,1,0.645650,A
1,0,0.452620,A
1,0,0.320766,A
1,0,0.395787,A
1,0,0.109858,A
0,0,0.164748,A
0,0,0.132239,A
0,0,0.326967,A
0,1,0.538019,A
0,0,0.106233,A
1,0,0.298992,A
0,0,0.155791,A
1,0,0.281200,A
0,0,0.174342,A
0,0,0.100353,A
0,0,0.148026,A
0,0,0.309854,A
0,0,0.461351,A
0,0,0.362826,A
0,0,0.356065,A
0,0,0.349353,A
1,0,0.288774,A
1,0,0.390036,A
1,0,0.201299,A
0,0,0.178561,A
0,0,0.220272,A
0,0,0.155530,A
0,0,0.277939,A
0,0,0.166991,A
1,0,0.133668,A
0,0,0.259357,A
0,0,0.173475,A
0,0,0.420498,A
1,0,0.260879,A
0,0,0.467486,A
0,0,0.265649,A
0,0,0.416387,A
0,0,0.213606,A
0,0,0.352945,A
0,1,0.608792,A
0,0,0.198088,A
1,0,0.443843,A
0,0,0.158245,A
0,0,0.495006,A
0,0,0.146285,A
0,0,0.251781,A
1,0,0.207253,A
1,0,0.421729,A
1,1,0.573305,A
1,0,0.362949,A
0,0,0.283801,A
1,0,0.286932,A
0,0,0.178412,A
0,1,0.626537,A
0,0,0.064591,A
0,0,0.023794,A
0,0,0.242928,A
0,1,0.537885,A
0,0,0.366484,A
0,0,0.043898,A
0,0,0.053076,A
0,0,0.208162,A
0,0,0.299448,A
0,0,0.158782,A
0,0,0.192975,A
0,0,0.172930,A
1,0,0.428793,A
1,0,0.133913,A
0,0,0.364731,A
0,0,0.120175,A
1,0,0.401958,A
0,0,0.467690,A
1,0,0.280624,A
0,0,0.395857,A
1,0,0.106916,A
0,0,0.061662,A
1,1,0.712204,A
0,0,0.156629,A
1,0,0.482165,A
0,0,0.117896,A
1,0,0.442857,A
1,0,0.320240,A
0,0,0.131388,A
0,0,0.160026,A
1,0,0.328573,A
0,0,0.200583,A
0,0,0.038088,A
0,0,0.456316,A
0,0,0.074514,A
0,0,0.137138,A
0,0,0.135545,A
1,0,0.199280,A
0,0,0.275388,A
0,0,0.366791,A
0,0,0.110184,A
0,0,0.246122,A
0,0,0.128291,A
1,0,0.476660,A
0,0,0.319578,A
0,0,0.126039,A
0,0,0.195388,A
0,0,0.305897,A
0,0,0.056824,A
0,0,0.189294,A
0,0,0.269222,A
0,0,0.068995,A
0,0,0.254133,A
0,0,0.262226,A
0,0,0.144758,A
0,0,0.286570,A
0,0,0.318036,A
0,0,0.399909,A
1,0,0.378971,A
1,1,0.568819,A
0,0,0.274916,A
0,0,0.293461,A
1,0,0.149223,A
1,0,0.389155,A
1,0,0.109713,A
0,1,0.521380,A
0,0,0.149373,A
0,0,0.157342,A
0,1,0.529388,A
0,0,0.169045,A
1,0,0.352981,A
0,0,0.213851,A
0,0,0.252085,A
0,0,0.234521,A
1,0,0.476133,A
1,0,0.457171,A
1,0,0.343442,A
0,0,0.278138,A
1,0,0.453102,A
1,0,0.408873,A
0,1,0.701318,A
0,0,0.266326,A
0,0,0.440354,A
0,0,0.142145,A
1,0,0.353727,A
1,1,0.512647,A
0,0,0.063264,A
0,0,0.247194,A
1,0,0.260782,A
0,0,0.286996,A
0,0,0.128774,A
1,0,0.344160,A
0,0,0.455448,A
0,0,0.329144,A
1,0,0.116550,A
0,0,0.400859,A
0,1,0.506088,A
0,0,0.406784,A
0,0,0.354432,A
0,0,0.097960,A
1,0,0.223943,A
0,0,0.075630,A
0,1,0.603373,A
0,0,0.094645,A
1,0,0.446109,A
1,0,0.174613,A
0,0,0.051979,A
0,0,0.112245,A
0,0,0.049858,A
1,1,0.527558,A
0,0,0.285622,A
0,0,0.362338,A
0,0,0.183374,A
0,0,0.127850,A
0,0,0.243303,A
0,0,0.461522,A
0,0,0.238619,A
0,0,0.485041,A
1,0,0.402344,A
0,0,0.175488,A
0,0,0.265407,A
0,0,0.396862,A
0,0,0.068123,A
0,0,0.308379,A
0,0,0.179852,A
0,0,0.159024,A
0,0,0.322426,A
0,0,0.364860,A
0,0,0.146073,A
0,0,0.367067,A
1,0,0.387528,A
0,0,0.344650,A
0,0,0.400457,A
1,0,0.257373,A
0,0,0.046435,A
1,0,0.336446,A
0,0,0.151177,A
0,0,0.166813,A
0,0,0.056015,A
0,0,0.140180,A
0,0,0.151476,A
0,0,0.121012,A
0,0,0.243422,A
1,0,0.224352,A
0,0,0.250260,A
0,1,0.680251,A
0,0,0.259916,A
0,0,0.222667,A
0,0,0.330027,A
1,0,0.272735,A
0,0,0.230740,A
0,0,0.212264,A
0,0,0.049442,A
1,0,0.195230,A
0,0,0.082886,A
0,0,0.446213,A
0,0,0.296483,A
0,0,0.177048,A
0,0,0.218424,A
0,1,0.503585,A
0,0,0.047203,A
1,0,0.433302,A
1,0,0.188032,A
0,0,0.401197,A
0,0,0.176515,A
1,0,0.466019,A
1,1,0.750723,A
0,0,0.171817,A
0,0,0.098171,A
0,0,0.276003,A
0,1,0.586766,A
0,0,0.087423,A
0,0,0.261397,A
1,1,0.521108,A
0,0,0.314150,A
1,1,0.563427,A
0,1,0.544645,A
0,0,0.154161,A
1,0,0.332003,A
1,0,0.440568,A
1,1,0.613835,A
0,0,0.201751,A
0,0,0.410864,A
1,0,0.264198,A
1,0,0.133340,A
0,0,0.201946,A
1,1,0.514416,A
0,0,0.251487,A
1,0,0.251638,A
0,0,0.297416,A
0,0,0.110358,A
0,0,0.265760,A
0,0,0.021802,A
1,0,0.256162,A
0,0,0.287218,A
1,0,0.332816,A
1,0,0.307910,A
0,0,0.274905,A
1,0,0.396990,A
0,0,0.071488,A
1,0,0.466728,A
1,1,0.664069,A
0,0,0.247836,A
0,0,0.126539,A
1,0,0.318859,A
0,0,0.278886,A
0,0,0.161974,A
1,1,0.553358,A
0,0,0.357118,A
0,0,0.014580,A
0,0,0.283757,A
1,0,0.234081,A
1,0,0.257924,A
0,0,0.085682,A
0,0,0.264163,A
0,0,0.141234,A
0,0,0.073092,A
0,0,0.029965,A
0,0,0.128923,A
0,0,0.205589,A
0,0,0.382613,A
0,0,0.130650,A
0,0,0.253140,A
1,0,0.054905,A
1,0,0.396586,A
0,0,0.125739,A
0,0,0.049631,A
1,0,0.280909,A
0,0,0.281837,A
0,0,0.286178,A
0,0,0.116197,A
0,0,0.333964,A
0,0,0.445364,A
0,0,0.258655,A
1,0,0.400244,A
1,0,0.304361,A
1,0,0.057467,A
0,0,0.062515,A
0,0,0.238570,A
0,0,0.238548,A
0,0,0.179839,A
0,0,0.361657,A
0,0,0.247565,A
0,0,0.268531,A
0,0,0.311675,A
1,0,0.198993,A
0,0,0.486868,A
0,0,0.375955,A
0,0,0.020888,A
0,1,0.591818,A
1,0,0.292455,A
1,0,0.396030,A
1,0,0.059479,A
0,0,0.206131,A
0,0,0.288641,A
1,0,0.265070,A
0,0,0.247356,A
0,0,0.075892,A
0,0,0.042296,A
0,0,0.387391,A
1,0,0.442354,A
0,0,0.032836,A
1,0,0.434793,A
0,0,0.137238,A
1,0,0.321684,A
0,0,0.370568,A
0,0,0.314404,A
0,0,0.317887,A
1,0,0.447120,A
0,0,0.187337,A
0,1,0.563247,A
0,0,0.133990,A
0,0,0.226032,A
0,0,0.467099,A
1,0,0.399423,A
0,0,0.139208,A
1,0,0.138459,A
0,0,0.130801,A
1,1,0.526620,A
0,1,0.561868,A
0,0,0.240640,A
0,0,0.335179,A
0,0,0.227901,A
0,0,0.348790,A
1,0,0.301286,A
0,0,0.309188,A
0,0,0.155761,A
0,0,0.117839,A
0,0,0.319062,A
0,0,0.129756,A
0,0,0.164466,A
0,0,0.367285,A
0,0,0.377277,A
0,0,0.450642,A
0,0,0.303350,A
0,0,0.037516,A
0,0,0.435135,A
0,0,0.334055,A
1,0,0.372170,A
0,0,0.301991,A
0,1,0.566383,A
1,1,0.604178,A
0,0,0.137255,A
0,0,0.137739,A
0,0,0.238155,A
0,0,0.372033,A
0,0,0.275257,A
0,0,0.169173,A
0,0,0.124537,A
0,0,0.336710,A
0,0,0.147202,A
1,0,0.071268,A
1,0,0.390964,A
1,0,0.464632,A
0,0,0.188087,A
0,0,0.286026,A
1,1,0.667558,A
0,0,0.136563,A
0,0,0.266973,A
0,0,0.123244,A
1,1,0.589067,A
0,0,0.283740,A
0,0,0.102924,A
1,0,0.426896,A
0,0,0.078135,A
1,0,0.316542,A
0,0,0.257244,A
1,0,0.323462,A
0,0,0.021514,A
0,0,0.178170,A
0,0,0.055158,A
1,0,0.349630,A
0,1,0.522207,A
0,0,0.030489,A
0,0,0.137971,A
1,0,0.137471,A
0,0,0.130976,A
0,0,0.272592,A
0,0,0.263964,A
0,0,0.044071,A
0,0,0.158062,A
1,0,0.220355,A
1,0,0.417762,A
0,1,0.657890,A
1,0,0.221962,A
1,0,0.425658,A
0,0,0.338286,A
0,0,0.289297,A
0,0,0.074802,A
0,1,0.612073,A
0,0,0.245020,A
0,0,0.214400,A
1,0,0.489388,A
0,0,0.092778,A
0,0,0.392686,A
1,0,0.442593,A
0,0,0.230454,A
0,0,0.190648,A
0,0,0.157811,A
0,1,0.522618,A
1,0,0.461051,A
0,0,0.346715,A
0,0,0.188768,A
1,0,0.427110,A
0,0,0.073385,A
0,0,0.252009,A
1,1,0.788814,A
0,0,0.395656,A
1,1,0.575485,A
1,0,0.469341,A
0,0,0.152742,A
0,0,0.190260,A
1,1,0.519001,A
0,0,0.303871,A
0,0,0.127630,A
0,0,0.074160,A
0,0,0.077466,A
1,0,0.475875,A
1,0,0.198607,A
1,0,0.424939,A
0,0,0.262800,A
0,0,0.441106,A
1,0,0.285343,A
0,0,0.174265,A
0,0,0.147279,A
0,0,0.088079,A
0,0,0.160624,A
0,0,0.160501,A
0,0,0.471517,A
0,0,0.213169,A
1,1,0.542446,A
0,0,0.111297,A
0,0,0.270834,A
0,1,0.515657,A
1,0,0.215705,A
0,0,0.143696,A
0,0,0.097832,A
1,0,0.242996,A
0,1,0.503390,A
1,0,0.175687,A
0,0,0.370674,A
0,0,0.189987,A
0,0,0.144444,A
0,0,0.214045,A
0,0,0.034173,A
0,0,0.142357,A
0,0,0.146347,A
1,0,0.143309,A
0,0,0.119792,A
0,0,0.186693,A
0,0,0.073258,A
0,0,0.161082,A
1,0,0.122433,A
1,1,0.549318,A
0,0,0.118696,A
0,0,0.225039,A
0,0,0.399301,A
0,0,0.286746,A
0,0,0.164572,A
1,0,0.326429,A
0,0,0.155069,A
0,0,0.228766,A
0,0,0.248520,A
0,0,0.005371,A
0,0,0.288854,A
0,0,0.420179,A
0,0,0.288961,A
0,0,0.209321,A
0,0,0.246171,A
0,0,0.245412,A
0,0,0.126886,A
0,0,0.164097,A
0,0,0.235696,A
0,0,0.303556,A
0,0,0.311903,A
1,0,0.448956,A
1,0,0.193455,A
0,0,0.216895,A
0,0,0.423711,A
0,0,0.087936,A
0,0,0.489034,A
0,0,0.439045,A
0,0,0.396528,A
0,0,0.200290,A
1,0,0.271316,A
0,0,0.047216,A
0,0,0.360679,A
0,0,0.435117,A
0,0,0.160254,A
0,0,0.386065,A
0,0,0.262967,A
0,0,0.210562,A
0,0,0.220227,A
0,0,0.190043,A
0,0,0.324612,A
1,0,0.319882,A
0,0,0.090028,A
1,0,0.415814,A
0,0,0.160601,A
1,0,0.144428,A
1,0,0.390798,A
0,0,0.087729,A
0,1,0.541261,A
0,0,0.299428,A
0,0,0.428179,A
0,0,0.388253,A
0,0,0.022662,A
0,1,0.627341,A
0,0,0.176350,A
0,0,0.213302,A
0,0,0.056616,A
1,1,0.526981,A
0,0,0.104014,A
0,0,0.160735,A
0,0,0.384919,A
0,0,0.280031,A
1,0,0.417006,A
0,0,0.036891,A
0,1,0.532867,A
0,0,0.127952,A
0,0,0.356015,A
0,0,0.094533,A
1,0,0.440819,A
1,0,0.324588,A
1,1,0.504642,A
1,0,0.207277,A
0,0,0.230717,A
0,0,0.233482,A
0,0,0.337058,A
0,0,0.395040,A
1,0,0.461880,A
0,0,0.493833,A
0,0,0.109114,A
1,0,0.258531,A
0,0,0.118543,A
0,0,0.408511,A
0,0,0.281440,A
0,0,0.292224,A
0,0,0.051485,A
0,0,0.237994,A
0,0,0.181294,A
0,0,0.367588,A
0,0,0.069532,A
1,0,0.296134,A
1,0,0.209935,A
0,0,0.339158,A
1,0,0.345113,A
0,0,0.101845,A
0,0,0.374728,A
0,0,0.432507,A
0,0,0.461436,A
0,0,0.319327,A
0,0,0.286022,A
1,1,0.699567,A
0,0,0.197575,A
1,0,0.472626,A
1,0,0.245899,A
1,0,0.419023,A
0,0,0.169024,A
0,0,0.113189,A
0,0,0.399378,A
1,0,0.271071,A
0,0,0.080979,A
0,0,0.280851,A
1,0,0.404199,A
0,0,0.358970,A
0,1,0.682856,A
0,0,0.125345,A
0,0,0.167046,A
0,0,0.182967,A
0,0,0.123420,A
0,0,0.257891,A
1,0,0.184003,A
0,0,0.166594,A
0,0,0.451092,A
1,1,0.681315,A
1,0,0.381527,A
0,0,0.392760,A
0,1,0.528529,A
0,0,0.102395,A
0,0,0.402807,A
0,0,0.248366,A
0,0,0.345876,A
1,0,0.481735,A
1,0,0.168929,A
0,0,0.163079,A
0,0,0.247824,A
0,0,0.188802,A
0,0,0.321685,A
0,0,0.222848,A
1,1,0.602966,A
0,0,0.475886,A
0,0,0.250287,A
0,0,0.377628,A
0,0,0.350023,A
0,0,0.166123,A
0,0,0.024040,A
0,0,0.153655,A
1,0,0.260233,A
0,0,0.050462,A
0,0,0.355555,A
0,0,0.376511,A
1,1,0.509633,A
0,0,0.298099,A
0,0,0.237103,A
0,0,0.124279,A
0,0,0.253072,A
1,1,0.775118,A
0,0,0.221966,A
1,1,0.657043,A
0,1,0.515244,A
0,0,0.284460,A
0,0,0.121525,A
0,0,0.202433,A
0,0,0.486907,A
0,0,0.300611,A
0,0,0.196650,A
0,0,0.230172,A
0,0,0.188298,A
0,0,0.397523,A
1,0,0.255718,A
0,0,0.244031,A
0,0,0.085814,A
0,0,0.156398,A
0,0,0.321940,A
0,0,0.294426,A
0,0,0.337103,A
0,0,0.285274,A
0,1,0.522932,A
1,0,0.387716,A
0,0,0.046251,A
0,0,0.225363,A
0,0,0.130368,A
1,0,0.186047,A
0,0,0.204636,A
0,0,0.302307,A
0,0,0.177875,A
0,0,0.242153,A
1,0,0.395516,A
0,0,0.274320,A
0,0,0.259546,A
0,1,0.502098,A
0,0,0.361545,A
0,0,0.418531,A
0,0,0.242409,A
1,0,0.333571,A
0,0,0.134548,A
0,0,0.377630,A
0,0,0.241500,A
1,1,0.764049,A
1,0,0.326930,A
1,0,0.488481,A
0,0,0.071295,A
1,0,0.281276,A
1,0,0.296950,A
1,0,0.198997,A
0,1,0.531765,A
0,0,0.156536,A
0,0,0.210037,A
0,0,0.069884,A
0,0,0.482109,A
1,0,0.225185,A
0,0,0.207438,A
0,0,0.494664,A
1,0,0.276595,A
0,0,0.332052,A
0,0,0.323929,A
0,0,0.133398,A
1,0,0.224101,A
0,0,0.381503,A
0,1,0.625669,A
0,0,0.262478,A
0,0,0.215957,A
0,0,0.275621,A
1,0,0.153851,A
0,0,0.407736,A
1,0,0.420974,A
1,0,0.265749,A
1,0,0.159637,A
0,0,0.153907,A
1,0,0.428311,A
0,1,0.587932,A
0,0,0.242366,A
0,1,0.571558,A
0,0,0.368979,A
1,0,0.389720,A
0,0,0.230911,A
0,0,0.133556,A
0,0,0.267180,A
1,0,0.203890,A
0,0,0.118032,A
0,0,0.336431,A
0,0,0.472218,A
1,0,0.261480,A
1,0,0.306096,A
1,0,0.390030,A
0,0,0.275174,A
0,0,0.316418,A
0,0,0.126630,A
0,0,0.466403,A
0,0,0.189702,A
0,0,0.406957,A
1,0,0.260068,A
1,0,0.357940,A
1,0,0.220100,A
0,0,0.424837,A
1,0,0.376971,A
0,0,0.101177,A
0,0,0.200174,A
0,0,0.231941,A
0,0,0.405166,A
0,0,0.218173,A
1,0,0.344632,A
0,0,0.400698,A
0,0,0.254955,A
0,0,0.290385,A
0,0,0.338579,A
1,0,0.279091,A
1,0,0.403226,A
1,1,0.521085,A
0,0,0.291829,A
1,1,0.589023,A
0,0,0.159509,A
1,0,0.413546,A
1,1,0.578993,A
1,0,0.270188,A
1,0,0.152867,A
0,0,0.294266,A
1,0,0.105755,A
0,0,0.340846,A
0,0,0.129417,A
0,1,0.684629,A
0,0,0.269283,A
0,0,0.098255,A
1,1,0.538827,A
1,0,0.342535,A
0,0,0.218331,A
0,0,0.346108,A
0,0,0.132856,A
0,0,0.053938,A
0,0,0.405371,A
0,0,0.080958,A
0,0,0.179575,A
0,0,0.233918,A
0,0,0.366305,A
0,0,0.172395,A
0,0,0.126416,A
1,0,0.221605,A
0,0,0.417684,A
0,0,0.274901,A
0,0,0.186758,A
1,0,0.355823,A
0,1,0.552213,A
0,0,0.120481,A
0,0,0.048132,A
0,0,0.082965,A
0,0,0.304908,A
0,0,0.419503,A
1,0,0.158800,A
1,1,0.564512,A
0,0,0.109990,A
0,0,0.208060,A
1,0,0.465303,A
1,0,0.166729,A
0,0,0.123564,A
0,0,0.432653,A
0,0,0.101847,A
0,0,0.185606,A
0,0,0.228133,A
1,0,0.245571,A
0,0,0.236380,A
0,0,0.069554,A
1,1,0.593543,A
0,0,0.144511,A
1,0,0.482569,A
0,0,0.326098,A
0,0,0.214148,A
0,0,0.273393,A
0,0,0.097574,A
0,0,0.120746,A
0,0,0.423453,A
0,0,0.232055,A
0,0,0.481499,A
0,0,0.184788,A
0,0,0.291278,A
0,0,0.424548,A
0,0,0.223622,A
0,0,0.174749,A
0,0,0.270720,A
1,0,0.072770,A
0,0,0.263540,A
0,0,0.046371,A
0,0,0.312842,A
0,0,0.124298,A
1,0,0.470791,A
0,0,0.096511,A
1,0,0.062479,A
0,0,0.135855,A
1,0,0.245515,A
0,0,0.257669,A
1,0,0.406386,A
1,0,0.369548,A
1,0,0.329872,A
0,0,0.179441,A
0,0,0.426996,A
1,1,0.543654,A
1,0,0.422245,A
1,0,0.355745,A
0,0,0.248518,A
1,1,0.544767,A
0,0,0.121111,A
1,0,0.182528,A
0,0,0.182448,A
0,0,0.333544,A
0,0,0.070448,A
0,0,0.198331,A
0,0,0.175942,A
0,0,0.128428,A
0,1,0.633967,A
1,0,0.331944,A
0,0,0.189153,A
0,0,0.194739,A
0,1,0.707204,A
0,0,0.252410,A
0,0,0.177953,A
0,0,0.080837,A
1,1,0.607019,A
0,0,0.141913,A
0,0,0.363623,A
0,0,0.195745,A
1,0,0.378955,A
1,0,0.379269,A
0,0,0.263119,A
1,0,0.217478,A
0,0,0.200115,A
0,0,0.329013,A
0,0,0.183791,A
0,0,0.362290,A
0,0,0.114449,A
0,0,0.098142,A
0,0,0.391528,A
0,0,0.408338,A
0,0,0.122982,A
0,0,0.193247,A
0,0,0.381289,A
0,0,0.351410,A
1,0,0.318139,A
0,0,0.360506,A
1,0,0.167918,A
0,0,0.410505,A
0,0,0.174632,A
0,0,0.096781,A
1,0,0.431489,A
1,0,0.432199,A
0,0,0.118043,A
0,0,0.234946,A
0,0,0.090823,A
1,1,0.570211,A
1,1,0.720000,A
0,0,0.180085,A
0,1,0.576940,A
0,0,0.255877,A
0,0,0.181904,A
1,0,0.135266,A
0,0,0.167594,A
0,0,0.251885,A
0,0,0.359486,A
0,0,0.282173,A
1,0,0.189602,A
1,0,0.463784,A
0,0,0.135361,A
1,1,0.715135,A
0,0,0.163436,A
0,0,0.266718,A
0,0,0.158500,A
1,0,0.261796,A
0,1,0.507053,A
0,0,0.318809,A
0,0,0.168031,A
0,0,0.247339,A
1,0,0.280361,A
0,0,0.243346,A
0,0,0.366757,A
0,0,0.398715,A
0,0,0.231709,A
0,0,0.492184,A
0,0,0.277838,A
0,0,0.107233,A
0,0,0.162553,A
1,0,0.364764,A
0,0,0.088848,A
0,0,0.422390,A
0,0,0.302324,A
1,0,0.382934,A
1,1,0.798363,A
0,0,0.390330,A
0,0,0.399179,A
0,0,0.331510,A
0,0,0.201578,A
0,0,0.249977,A
0,0,0.429126,A
0,0,0.208415,A
1,0,0.237000,A
1,0,0.391250,A
1,0,0.334571,A
0,0,0.188379,A
1,0,0.268377,A
1,1,0.501083,A
0,0,0.124292,A
0,0,0.350788,A
1,0,0.372548,A
1,0,0.291356,A
0,0,0.227244,A
0,0,0.216547,A
0,1,0.514556,A
1,0,0.443621,A
1,1,0.725305,A
0,0,0.127074,A
0,0,0.303266,A
1,1,0.562359,A
1,0,0.338567,A
0,0,0.392748,A
0,0,0.076146,A
0,0,0.163607,A
0,0,0.261381,A
0,0,0.437451,A
0,0,0.459908,A
0,0,0.259748,A
0,0,0.119239,A
0,0,0.216609,A
0,0,0.396899,A
0,0,0.157926,A
0,0,0.103301,A
0,0,0.100208,A
0,0,0.292422,A
1,0,0.295230,A
0,1,0.580632,A
1,0,0.264254,A
0,0,0.403642,A
0,0,0.004661,A
0,0,0.259476,A
0,0,0.152307,A
0,0,0.102798,A
0,0,0.254084,A
0,0,0.184957,A
1,0,0.308022,A
0,0,0.048448,A
0,0,0.387864,A
1,0,0.305017,A
0,0,0.203479,A
1,1,0.617826,A
1,1,0.548097,A
1,0,0.440467,A
0,0,0.232981,A
0,0,0.068664,A
0,1,0.687860,A
0,0,0.367168,A
1,0,0.444260,A
1,0,0.272149,A
1,0,0.266111,A
0,0,0.068416,A
0,0,0.081326,A
1,0,0.319590,A
1,0,0.296913,A
0,0,0.225845,A
0,0,0.058364,A
0,1,0.543906,A
0,0,0.075109,A
1,0,0.347542,A
1,1,0.558327,A
1,0,0.227518,A
0,0,0.188023,A
0,0,0.174144,A
0,0,0.202637,A
0,0,0.194300,A
0,0,0.120220,A
0,0,0.243625,A
0,0,0.244787,A
0,0,0.192976,A
0,0,0.233129,A
0,0,0.155748,A
0,0,0.220974,A
0,0,0.237750,A
0,0,0.195915,A
1,0,0.273630,A
1,0,0.326877,A
1,0,0.385061,A
0,1,0.606098,A
0,0,0.379250,A
0,1,0.518166,A
0,0,0.196683,A
0,0,0.407228,A
0,0,0.457203,A
0,0,0.472304,A
0,0,0.448704,A
0,0,0.230008,A
1,0,0.370916,A
0,0,0.452242,A
0,0,0.279336,A
0,0,0.250063,A
0,0,0.122435,A
0,0,0.445624,A
0,1,0.609057,A
0,1,0.723179,A
0,0,0.058411,A
1,0,0.157027,A
1,1,0.634940,A
1,1,0.514612,A
1,0,0.371095,A
1,1,0.665222,A
0,0,0.134813,A
0,0,0.270303,A
0,0,0.207709,A
1,0,0.134932,A
1,0,0.376683,A
0,0,0.413760,A
0,0,0.042654,A
0,0,0.369748,A
1,0,0.381159,A
1,1,0.583974,A
1,0,0.207986,A
1,0,0.304130,A
0,0,0.078076,A
0,0,0.446100,A
0,1,0.545633,A
0,0,0.455552,A
0,0,0.075169,A
1,0,0.261781,A
0,0,0.227080,A
0,0,0.332928,A
0,0,0.170777,A
0,0,0.256593,A
0,0,0.325177,A
0,0,0.155359,A
0,0,0.054425,A
1,0,0.262942,A
1,0,0.340796,A
0,0,0.300808,A
0,0,0.369291,A
0,0,0.273848,A
0,0,0.423049,A
1,0,0.356011,A
0,0,0.205619,A
0,0,0.404612,A
0,0,0.067130,A
0,0,0.252537,A
0,0,0.139944,A
0,0,0.027278,A
1,0,0.379977,A
1,0,0.244752,A
0,0,0.124252,A
0,0,0.018894,A
0,0,0.046371,A
1,0,0.492975,A
0,0,0.409831,A
1,0,0.202667,A
1,0,0.168383,A
0,0,0.185873,A
0,0,0.161928,A
0,1,0.539773,A
1,0,0.407576,A
0,0,0.210669,A
0,0,0.211825,A
0,0,0.159463,A
0,0,0.082875,A
1,0,0.352628,A
1,0,0.425170,A
1,0,0.317694,A
0,0,0.141497,A
1,0,0.281454,A
0,0,0.404929,A
0,0,0.448150,A
0,0,0.308786,A
0,0,0.152484,A
0,0,0.118629,A
0,1,0.758949,A
0,0,0.101569,A
1,1,0.501394,A
0,0,0.100011,A
0,0,0.155575,A
0,0,0.402247,A
0,0,0.134871,A
0,0,0.196496,A
1,0,0.430375,A
0,0,0.200051,A
0,0,0.227223,A
1,0,0.390781,A
0,0,0.244637,A
0,0,0.222753,A
0,0,0.347712,A
0,0,0.418880,A
0,0,0.143366,A
0,0,0.313327,A
0,0,0.107272,A
0,0,0.322352,A
0,0,0.303526,A
0,0,0.130684,A
1,0,0.361317,A
0,0,0.017826,A
0,0,0.054183,A
1,0,0.318113,A
0,0,0.059615,A
1,0,0.346865,A
0,0,0.261659,A
1,0,0.302552,A
1,0,0.336596,A
0,1,0.558484,A
1,0,0.339526,A
0,0,0.191486,A
0,0,0.306780,A
0,0,0.435518,A
0,0,0.430347,A
1,0,0.209500,A
0,0,0.148393,A
0,0,0.219164,A
0,0,0.124496,A
0,0,0.464963,A
0,0,0.205064,A
1,0,0.165863,A
0,0,0.417869,A
0,0,0.230995,A
0,0,0.180863,A
1,1,0.536875,A
0,0,0.256145,A
0,0,0.242674,A
1,1,0.648625,A
0,0,0.273306,A
0,0,0.290407,A
0,0,0.136281,A
0,0,0.082604,A
0,0,0.434372,A
0,1,0.527932,A
0,0,0.297124,A
0,0,0.381423,A
0,0,0.072899,A
0,0,0.097493,A
0,0,0.126660,A
1,0,0.363061,A
0,0,0.216256,A
0,0,0.400192,A
1,0,0.269542,A
0,0,0.348059,A
0,0,0.470507,A
0,1,0.579851,A
0,0,0.210671,A
0,0,0.203368,A
0,1,0.620980,A
1,0,0.243567,A
0,0,0.191582,A
0,0,0.375627,A
0,0,0.158019,A
1,0,0.461955,A
1,0,0.327928,A
0,0,0.096202,A
1,0,0.244664,A
0,1,0.543440,A
0,0,0.160048,A
1,0,0.406015,A
1,0,0.462345,A
1,0,0.219211,A
0,0,0.476434,A
0,0,0.182334,A
0,0,0.427946,A
0,0,0.242853,A
0,0,0.274986,A
0,0,0.239669,A
0,0,0.095975,A
0,0,0.067816,A
0,0,0.419927,A
0,0,0.086804,A
1,1,0.616086,A
0,0,0.044213,A
0,0,0.153212,A
1,0,0.250753,A
0,0,0.164474,A
1,0,0.351314,A
0,0,0.487759,A
0,0,0.422101,A
0,0,0.136245,A
0,0,0.047686,A
0,0,0.293557,A
0,0,0.388093,A
1,0,0.269535,A
0,0,0.464681,A
1,0,0.322384,A
1,1,0.629596,A
0,0,0.189929,A
0,0,0.433364,A
0,0,0.495045,A
0,0,0.152413,A
0,0,0.209706,A
0,0,0.467183,A
0,0,0.151236,A
0,0,0.236177,A
0,0,0.071593,A
0,0,0.093079,A
0,0,0.376635,A
1,1,0.520032,A
1,0,0.288103,A
0,0,0.432704,A
0,0,0.114511,A
0,0,0.093486,A
0,1,0.527368,A
0,0,0.279555,A
0,0,0.449809,A
0,0,0.166708,A
0,0,0.321368,A
0,0,0.139929,A
0,0,0.216954,A
0,0,0.210158,A
1,0,0.076551,A
0,0,0.324039,A
0,0,0.445695,A
0,0,0.138468,A
1,1,0.518667,A
0,0,0.125122,A
0,0,0.474767,A
0,0,0.019057,A
0,0,0.167301,A
0,0,0.424190,A
0,1,0.573171,A
1,0,0.282030,A
0,0,0.470037,A
1,1,0.597497,A
0,0,0.088778,A
1,1,0.773554,A
0,0,0.448071,A
0,0,0.299577,A
0,0,0.337775,A
0,0,0.132477,A
0,0,0.431057,A
0,0,0.124388,A
0,0,0.185216,A
0,0,0.425555,A
0,0,0.266452,A
0,0,0.386030,A
0,1,0.622994,A
1,0,0.186926,A
0,0,0.133680,A
0,0,0.285570,A
0,0,0.118731,A
0,0,0.321226,A
0,1,0.623464,A
0,0,0.138341,A
1,0,0.448234,A
0,0,0.044532,A
0,0,0.095427,A
0,0,0.104104,A
1,0,0.123456,A
0,0,0.253781,A
0,0,0.148325,A
0,0,0.154679,A
0,0,0.328118,A
0,0,0.306973,A
0,0,0.300286,A
0,0,0.075057,A
0,0,0.128738,A
0,0,0.329813,A
0,0,0.239163,A
1,0,0.440589,A
0,0,0.494502,A
0,0,0.282184,A
1,0,0.499699,A
1,0,0.058146,A
0,0,0.263205,A
0,0,0.132770,A
0,0,0.316106,A
0,0,0.235680,A
0,0,0.411149,A
0,0,0.268297,A
0,0,0.241871,A
0,0,0.238800,A
1,0,0.449731,A
0,0,0.037592,A
0,0,0.365384,A
0,0,0.463338,A
0,0,0.367515,A
0,0,0.181667,A
1,1,0.502019,A
0,0,0.208497,A
0,0,0.149285,A
0,0,0.356020,A
1,1,0.533787,A
1,0,0.495889,A
0,0,0.134681,A
0,0,0.313477,A
1,0,0.244574,A
0,0,0.275170,A
0,1,0.676701,A
1,1,0.590837,A
1,1,0.663400,A
0,0,0.389031,A
0,0,0.421468,A
0,0,0.151664,A
0,0,0.088193,A
0,0,0.458821,A
1,0,0.049749,A
0,0,0.255113,A
0,0,0.296260,A
0,0,0.142959,A
1,1,0.572137,A
1,1,0.507474,A
1,0,0.287465,A
0,0,0.278197,A
0,0,0.121732,A
0,0,0.284363,A
1,0,0.256680,A
1,1,0.557539,A
1,0,0.199219,A
0,0,0.139017,A
0,0,0.450958,A
1,0,0.314815,A
0,0,0.143698,A
0,0,0.421272,A
1,0,0.319799,A
0,0,0.416192,A
0,0,0.390919,A
0,0,0.125949,A
0,1,0.689169,A
1,0,0.344384,A
1,0,0.164927,A
1,0,0.289884,A
0,0,0.166268,A
1,1,0.564846,A
0,0,0.101843,A
0,0,0.140370,A
0,0,0.232269,A
0,0,0.102422,A
0,0,0.230602,A
0,0,0.281694,A
0,0,0.217793,A
0,0,0.135286,A
0,0,0.071301,A
1,0,0.180009,A
0,0,0.443134,A
0,0,0.158033,A
0,0,0.074061,A
1,0,0.298412,A
1,0,0.322485,A
0,0,0.370789,A
1,0,0.331748,A
0,0,0.151370,A
0,0,0.282371,A
0,1,0.799534,A
0,0,0.206997,A
0,0,0.152942,A
0,0,0.154677,A
1,0,0.087695,A
0,1,0.596837,A
0,0,0.184322,A
0,1,0.501945,A
1,0,0.460550,A
0,0,0.141482,A
0,0,0.141972,A
0,0,0.161269,A
0,0,0.125185,A
0,0,0.107042,A
0,0,0.403490,A
1,0,0.345097,A
1,0,0.438058,A
0,0,0.105692,A
0,0,0.200161,A
0,0,0.237016,A
0,1,0.513884,A
1,0,0.396733,A
1,1,0.535439,A
1,0,0.267479,A
0,0,0.349961,A
0,0,0.136834,A
0,0,0.022560,A
0,0,0.308722,A
0,0,0.162427,A
1,0,0.165672,A
0,0,0.287630,A
0,0,0.183951,A
1,0,0.211019,A
0,0,0.148810,A
0,0,0.060908,A
1,0,0.318404,A
0,0,0.253047,A
1,0,0.464566,A
0,0,0.214616,A
0,0,0.200960,A
0,0,0.256937,A
1,0,0.251978,A
0,0,0.052816,A
0,0,0.097798,A
0,0,0.489352,A
0,0,0.048506,A
0,0,0.180119,A
0,0,0.145947,A
0,0,0.052891,A
0,0,0.222577,A
1,0,0.456658,A
0,0,0.232050,A
0,0,0.379370,A
0,0,0.102617,A
0,0,0.311489,A
0,1,0.584882,A
0,0,0.099265,A
0,0,0.131918,A
0,0,0.127411,A
1,0,0.397143,A
1,0,0.356552,A
0,0,0.308040,A
0,0,0.378088,A
0,0,0.160569,A
1,0,0.303686,A
0,0,0.025658,A
0,1,0.622377,A
0,0,0.418932,A
1,1,0.660754,A
0,0,0.290295,A
0,0,0.039703,A
0,0,0.418945,A
1,1,0.608832,A
1,0,0.143474,A
0,0,0.109802,A
0,0,0.032905,A
0,0,0.202787,A
0,0,0.237069,A
0,0,0.304309,A
0,0,0.396498,A
1,0,0.327274,A
1,1,0.548256,A
0,0,0.207171,A
0,0,0.004117,A
1,1,0.505618,A
0,0,0.254092,A
1,0,0.388980,A
1,0,0.293308,A
0,0,0.478607,A
0,0,0.195711,A
0,0,0.135137,A
1,0,0.314776,A
0,0,0.107914,A
0,0,0.232912,A
0,0,0.043669,A
0,0,0.313555,A
0,0,0.450200,A
0,0,0.251348,A
0,0,0.105068,A
1,0,0.278101,A
1,0,0.409744,A
0,0,0.280938,A
0,1,0.562392,A
1,0,0.221679,A
0,0,0.237375,A
0,0,0.189875,A
0,0,0.194316,A
0,0,0.110106,A
0,0,0.309114,A
1,1,0.563174,A
0,0,0.091284,A
0,0,0.396177,A
0,0,0.464926,A
0,0,0.092365,A
0,0,0.334025,A
0,0,0.123902,A
0,0,0.155509,A
1,0,0.224350,A
0,0,0.235529,A
0,0,0.203881,A
1,0,0.376872,A
1,0,0.253126,A
1,1,0.750271,A
0,0,0.392977,A
0,0,0.090637,A
1,1,0.511586,A
1,1,0.603371,A
0,0,0.062480,A
0,0,0.427920,A
0,0,0.090607,A
0,0,0.284950,A
1,0,0.468544,A
0,0,0.366083,A
0,0,0.351527,A
0,0,0.150088,A
1,0,0.251404,A
0,0,0.147049,A
0,0,0.163732,A
0,0,0.024015,A
0,0,0.365250,A
0,0,0.446864,A
1,1,0.613413,A
0,0,0.467464,A
0,0,0.308941,A
0,0,0.355719,A
1,1,0.631950,A
1,0,0.453926,A
0,0,0.483772,A
0,0,0.251853,A
0,0,0.341834,A
0,0,0.260706,A
0,0,0.339886,A
1,1,0.513567,A
1,0,0.276155,A
0,0,0.101554,A
1,0,0.125911,A
0,0,0.315333,A
0,0,0.071813,A
0,0,0.231256,A
1,0,0.225798,A
0,0,0.063643,A
1,0,0.209779,A
1,1,0.592156,A
0,0,0.012744,A
1,0,0.451626,A
0,0,0.233739,A
0,0,0.074507,A
1,0,0.417756,A
0,0,0.218842,A
0,0,0.143752,A
0,0,0.453774,A
0,0,0.235917,A
1,0,0.336660,A
0,0,0.103592,A
0,1,0.632642,A
0,0,0.320399,A
0,0,0.064608,A
1,1,0.530488,A
1,0,0.395557,A
0,0,0.352844,A
0,0,0.116260,A
0,0,0.478189,A
1,0,0.134983,A
1,0,0.149548,A
0,0,0.332636,A
0,0,0.190714,A
0,0,0.342213,A
0,0,0.137013,A
1,1,0.561757,A
1,1,0.649366,A
1,1,0.662499,A
1,0,0.283487,A
1,0,0.189250,A
1,0,0.289037,A
1,0,0.165726,A
0,0,0.305233,A
0,0,0.185614,A
1,0,0.302440,A
0,0,0.047935,A
1,0,0.284548,A
0,0,0.452294,A
0,0,0.372021,A
0,0,0.192510,A
0,0,0.221703,A
0,0,0.447008,A
0,0,0.199081,A
0,0,0.237365,A
0,0,0.421677,A
0,0,0.321026,A
0,0,0.098848,A
0,0,0.068555,A
1,1,0.576863,A
0,0,0.098473,A
1,0,0.427464,A
0,0,0.412660,A
0,0,0.226515,A
1,1,0.544609,A
0,0,0.118797,A
1,0,0.436458,A
1,0,0.364766,A
0,0,0.051070,A
1,0,0.188763,A
1,0,0.201055,A
1,0,0.215908,A
0,0,0.226254,A
1,0,0.153468,A
1,1,0.527345,A
0,0,0.188854,A
0,1,0.697552,A
0,0,0.151347,A
0,0,0.027226,A
1,0,0.337153,A
1,0,0.149059,A
0,0,0.382430,A
0,0,0.338390,A
0,0,0.142538,A
1,0,0.291120,A
1,0,0.305182,A
1,0,0.107799,A
0,0,0.252268,A
0,0,0.279150,A
0,0,0.439980,A
0,1,0.518732,A
1,1,0.720177,A
0,0,0.025635,A
0,0,0.207828,A
0,0,0.094399,A
1,0,0.371032,A
0,0,0.247517,A
0,0,0.380041,A
0,0,0.371267,A
0,0,0.283737,A
0,0,0.240374,A
1,0,0.403375,A
0,0,0.271749,A
0,0,0.405710,A
1,0,0.333581,A
0,0,0.322335,A
0,0,0.212128,A
0,0,0.384674,A
0,0,0.235004,A
0,0,0.353890,A
1,0,0.266157,A
1,1,0.615469,A
0,0,0.177973,A
0,0,0.207055,A
0,0,0.182916,A
0,0,0.363823,A
1,1,0.567421,A
0,0,0.429081,A
1,0,0.176978,A
0,0,0.270758,A
0,0,0.236134,A
1,1,0.524806,A
0,0,0.151204,A
1,1,0.510078,A
0,0,0.349372,A
0,1,0.511903,A
0,0,0.269224,A
0,0,0.138986,A
0,0,0.071617,A
0,0,0.320054,A
0,0,0.473054,A
0,0,0.021213,A
1,0,0.295264,A
0,0,0.219835,A
0,0,0.063352,A
0,0,0.169544,A
0,0,0.172925,A
0,0,0.181492,A
0,0,0.092108,A
0,0,0.389821,A
0,0,0.129942,A
0,0,0.296274,A
0,0,0.266269,A
0,0,0.022176,A
1,1,0.517280,A
0,1,0.503848,A
0,0,0.244781,A
0,0,0.221536,A
1,1,0.523623,A
0,0,0.331522,A
0,0,0.291074,A
1,1,0.504427,A
1,0,0.465555,A
0,0,0.392665,A
0,0,0.201725,A
0,0,0.409461,A
0,0,0.291464,A
1,0,0.465960,A
0,0,0.115399,A
1,0,0.263582,A
0,0,0.266976,A
1,0,0.325622,A
1,0,0.469844,A
1,0,0.166663,A
0,0,0.404359,A
0,1,0.574200,A
0,0,0.389390,A
0,0,0.051350,A
0,0,0.344812,A
0,1,0.614587,A
1,1,0.561775,A
0,0,0.211926,A
0,0,0.222582,A
1,1,0.668329,A
0,0,0.355001,A
0,0,0.135370,A
0,0,0.224918,A
1,1,0.619331,A
0,0,0.020199,A
0,0,0.307577,A
1,0,0.372882,A
1,0,0.352957,A
0,0,0.056408,A
0,0,0.450703,A
0,0,0.261752,A
0,0,0.417818,A
0,0,0.012122,A
0,0,0.197232,A
0,0,0.282811,A
0,0,0.305716,A
0,0,0.249966,A
0,0,0.426726,A
0,0,0.226212,A
0,0,0.237447,A
0,0,0.286639,A
0,0,0.323199,A
1,0,0.237635,A
0,0,0.437796,A
0,0,0.240306,A
0,0,0.101233,A
1,0,0.423231,A
0,0,0.082419,A
0,0,0.254645,A
1,0,0.137151,A
0,1,0.568223,A
0,0,0.133569,A
0,0,0.425896,A
1,0,0.281420,A
0,0,0.206406,A
0,0,0.142992,A
0,0,0.228823,A
0,0,0.327967,A
0,0,0.086165,A
1,0,0.447328,A
0,1,0.525842,A
1,0,0.380891,A
1,0,0.353068,A
0,0,0.391594,A
0,0,0.294006,A
0,0,0.496376,A
0,0,0.180516,A
0,0,0.318011,A
1,0,0.323428,A
1,0,0.141339,A
1,0,0.299052,A
0,0,0.238815,A
0,0,0.318330,A
0,0,0.369435,A
1,0,0.232244,A
0,0,0.093133,A
0,0,0.357275,A
0,0,0.121072,A
0,0,0.242102,A
0,0,0.221473,A
0,0,0.143471,A
0,0,0.378670,A
0,0,0.407699,A
0,0,0.385248,A
0,0,0.159717,A
0,0,0.045510,A
1,0,0.311316,A
1,0,0.226713,A
0,0,0.148867,A
0,0,0.215037,A
0,0,0.253494,A
0,0,0.221224,A
0,0,0.245837,A
0,0,0.217541,A
1,0,0.380726,A
0,1,0.527807,A
0,0,0.430234,A
0,0,0.289716,A
1,1,0.501018,A
0,0,0.088715,A
0,0,0.277624,A
0,0,0.150955,A
0,0,0.443040,A
1,0,0.488878,A
1,0,0.308482,A
0,0,0.042820,A
0,0,0.177515,A
0,0,0.193407,A
1,0,0.313365,A
1,1,0.500373,A
0,0,0.187927,A
0,0,0.451213,A
0,0,0.280599,A
1,0,0.433901,A
0,0,0.181221,A
0,0,0.163405,A
0,0,0.257599,A
0,0,0.114837,A
1,1,0.574619,A
1,0,0.121557,A
0,0,0.292850,A
1,1,0.714980,A
0,0,0.154514,A
1,0,0.168051,A
0,0,0.222430,A
0,0,0.105333,A
0,0,0.269125,A
0,0,0.221742,A
0,0,0.390251,A
1,1,0.688545,A
1,0,0.329079,A
1,0,0.433013,A
1,0,0.414880,A
1,0,0.170106,A
0,0,0.239071,A
1,0,0.347152,A
0,0,0.423628,A
0,0,0.188718,A
0,0,0.263976,A
0,0,0.072423,A
1,1,0.841884,B
1,0,0.467348,B
1,1,0.613637,B
0,1,0.508245,B
1,1,0.894532,B
1,1,0.755234,B
1,1,0.744512,B
1,1,0.898597,B
0,1,0.884033,B
1,1,0.709094,B
1,1,0.788146,B
0,1,0.718689,B
1,1,0.854239,B
0,1,0.768683,B
1,1,0.794306,B
1,1,0.866769,B
1,1,0.827384,B
1,1,0.871360,B
0,1,0.717607,B
1,1,0.953301,B
0,1,0.638340,B
0,1,0.781157,B
0,1,0.611982,B
1,1,0.722130,B
1,1,0.541884,B
0,1,0.722687,B
1,1,0.848679,B
1,1,0.667373,B
0,1,0.890928,B
1,1,0.650374,B
1,1,0.851107,B
1,1,0.567485,B
0,1,0.789451,B
0,0,0.473131,B
1,1,0.778104,B
1,1,0.571751,B
0,1,0.604346,B
1,1,0.695632,B
1,1,0.752272,B
1,1,0.920510,B
1,1,0.897404,B
0,1,0.540468,B
0,1,0.701021,B
0,0,0.483387,B
0,1,0.798942,B
0,0,0.355408,B
0,1,0.805600,B
1,1,0.625063,B
0,1,0.607263,B
1,1,0.933938,B
1,1,0.695549,B
1,1,0.976776,B
0,1,0.889096,B
1,0,0.381871,B
0,1,0.676564,B
1,1,0.958827,B
1,1,0.697148,B
0,1,0.670143,B
1,1,0.880931,B
1,1,0.775555,B
0,1,0.570484,B
1,1,0.698184,B
0,0,0.345550,B
1,1,0.802416,B
1,1,0.617417,B
1,1,0.674182,B
1,0,0.487156,B
1,1,0.635254,B
1,1,0.759254,B
1,1,0.778204,B
0,0,0.490534,B
1,1,0.934491,B
1,1,0.710373,B
1,1,0.871060,B
1,1,0.718682,B
1,1,0.936727,B
1,1,0.970615,B
0,0,0.398699,B
1,1,0.713042,B
1,1,0.758004,B
1,0,0.486237,B
1,1,0.872097,B
1,1,0.973358,B
1,1,0.930015,B
1,1,0.778333,B
1,1,0.721040,B
1,1,0.739592,B
1,1,0.763907,B
0,1,0.529473,B
1,1,0.903901,B
0,1,0.747013,B
1,1,0.958671,B
1,1,0.865335,B
1,1,0.926506,B
1,1,0.771969,B
0,1,0.542756,B
1,1,0.585360,B
1,1,0.869543,B
1,1,0.637398,B
0,1,0.801565,B
0,1,0.571349,B
1,1,0.784764,B
0,0,0.474578,B
1,0,0.334681,B
0,1,0.734704,B
0,1,0.698660,B
1,1,0.802019,B
0,1,0.656672,B
1,1,0.701030,B
1,1,0.815035,B
1,1,0.812636,B
1,1,0.898050,B
1,0,0.457056,B
1,1,0.584173,B
1,1,0.720596,B
1,1,0.805848,B
1,1,0.524916,B
1,1,0.941396,B
0,1,0.501336,B
0,0,0.432234,B
1,1,0.745241,B
1,1,0.838722,B
1,1,0.670695,B
1,1,0.940472,B
1,1,0.918054,B
1,1,0.642031,B
1,1,0.644610,B
1,1,0.741748,B
0,1,0.882911,B
1,0,0.306498,B
1,1,0.573411,B
1,1,0.799321,B
1,1,0.875924,B
1,1,0.822173,B
1,1,0.728316,B
0,1,0.541372,B
1,1,0.592520,B
1,1,0.902174,B
1,1,0.845736,B
0,1,0.865409,B
0,0,0.448110,B
0,0,0.413484,B
1,1,0.887719,B
1,1,0.861913,B
1,1,0.755182,B
1,1,0.870074,B
1,1,0.550181,B
1,1,0.660846,B
1,1,0.899984,B
1,0,0.463691,B
1,1,0.657729,B
0,0,0.457826,B
0,1,0.628305,B
1,1,0.614141,B
1,1,0.844966,B
0,1,0.770388,B
1,1,0.634926,B
1,1,0.609006,B
0,1,0.510332,B
1,1,0.730923,B
1,1,0.764507,B
0,1,0.602995,B
0,1,0.622141,B
0,1,0.851052,B
0,1,0.659281,B
1,1,0.615132,B
1,1,0.884578,B
0,0,0.324940,B
0,1,0.799083,B
1,1,0.856050,B
0,1,0.516943,B
1,0,0.443949,B
0,1,0.571794,B
1,1,0.968825,B
0,1,0.547718,B
1,1,0.775546,B
0,1,0.773799,B
1,1,0.734343,B
1,1,0.775107,B
1,1,0.755693,B
1,1,0.569994,B
1,1,0.802551,B
1,1,0.790646,B
1,1,0.863798,B
1,1,0.732067,B
1,1,0.774189,B
1,1,0.817037,B
1,1,0.663482,B
1,1,0.745695,B
0,1,0.628411,B
1,1,0.650248,B
0,1,0.760449,B
1,1,0.801787,B
1,1,0.549469,B
1,1,0.790823,B
1,0,0.489544,B
1,1,0.919823,B
1,1,0.636652,B
1,1,0.811117,B
0,1,0.659942,B
1,1,0.907283,B
1,0,0.427914,B
1,1,0.740855,B
1,1,0.808060,B
1,1,0.634331,B
0,1,0.832844,B
1,1,0.871836,B
1,1,0.952480,B
0,1,0.582027,B
0,1,0.750913,B
1,1,0.936309,B
1,1,0.882836,B
1,1,0.557992,B
1,1,0.631039,B
1,1,0.769390,B
1,1,0.777546,B
1,1,0.721290,B
1,1,0.517542,B
1,1,0.810535,B
0,1,0.856554,B
0,1,0.905304,B
1,1,0.892819,B
0,1,0.954127,B
1,1,0.745727,B
1,1,0.956292,B
1,1,0.544611,B
1,1,0.667733,B
0,1,0.850773,B
0,0,0.404115,B
1,1,0.630282,B
1,1,0.819782,B
1,1,0.743903,B
1,1,0.817035,B
1,1,0.803831,B
0,1,0.620187,B
1,1,0.810653,B
1,1,0.828851,B
1,1,0.814228,B
0,0,0.406659,B
1,0,0.425282,B
1,1,0.818340,B
1,1,0.858448,B
1,1,0.560526,B
0,0,0.414104,B
0,0,0.475770,B
1,1,0.696834,B
0,1,0.570077,B
1,1,0.638335,B
1,1,0.667988,B
1,1,0.540122,B
0,1,0.588450,B
0,1,0.572500,B
0,1,0.784159,B
1,1,0.828044,B
1,1,0.544178,B
0,1,0.567356,B
0,1,0.764913,B
0,0,0.355872,B
1,1,0.808953,B
0,1,0.686672,B
0,0,0.496498,B
1,1,0.626276,B
1,1,0.576557,B
1,1,0.610483,B
1,1,0.861774,B
0,1,0.883572,B
1,0,0.333370,B
1,1,0.652555,B
1,1,0.708636,B
1,1,0.941197,B
1,1,0.741182,B
1,1,0.578554,B
1,1,0.520592,B
0,0,0.439053,B
0,1,0.767280,B
1,1,0.517362,B
1,1,0.900440,B
1,1,0.883091,B
1,1,0.849993,B
1,1,0.804781,B
1,1,0.507531,B
1,0,0.462785,B
1,1,0.688079,B
0,1,0.757692,B
0,0,0.301197,B
1,1,0.619215,B
0,0,0.386969,B
1,1,0.908526,B
1,1,0.749555,B
1,1,0.759956,B
1,1,0.918143,B
1,1,0.848262,B
0,0,0.433897,B
1,1,0.822498,B
1,1,0.648713,B
1,1,0.762356,B
1,1,0.873074,B
1,1,0.797100,B
1,1,0.537205,B
1,1,0.731175,B
1,0,0.342519,B
1,1,0.876503,B
1,0,0.448386,B
1,1,0.766930,B
1,1,0.559000,B
0,1,0.726397,B
1,1,0.847879,B
0,1,0.697055,B
0,1,0.707083,B
1,1,0.769840,B
1,1,0.573991,B
1,1,0.771151,B
1,1,0.917585,B
1,1,0.665590,B
1,1,0.864013,B
1,1,0.621448,B
0,1,0.507624,B
1,1,0.699213,B
1,1,0.772739,B
1,1,0.619451,B
1,1,0.931268,B
1,1,0.571440,B
1,1,0.731257,B
1,1,0.967817,B
1,1,0.798913,B
1,1,0.905724,B
1,1,0.572857,B
1,1,0.848644,B
1,1,0.886157,B
1,1,0.718550,B
1,1,0.740101,B
1,1,0.818751,B
0,1,0.652141,B
1,1,0.857539,B
1,1,0.918246,B
1,1,0.751114,B
1,1,0.688441,B
0,1,0.552961,B
1,1,0.708570,B
0,0,0.261500,B
1,1,0.871049,B
1,1,0.793038,B
1,1,0.830209,B
0,1,0.782455,B
0,1,0.701425,B
0,0,0.336546,B
1,1,0.817714,B
1,1,0.966212,B
0,1,0.764796,B
1,1,0.851249,B
0,0,0.434138,B
1,1,0.870662,B
1,1,0.733379,B
0,1,0.785579,B
1,1,0.715808,B
0,0,0.426149,B
1,1,0.730488,B
1,1,0.846905,B
1,1,0.698644,B
1,1,0.710629,B
1,1,0.885283,B
0,1,0.752441,B
1,1,0.633641,B
1,1,0.923429,B
1,1,0.889092,B
1,1,0.617475,B
0,1,0.500363,B
1,1,0.825873,B
1,1,0.803140,B
0,1,0.712597,B
0,1,0.669766,B
1,1,0.961379,B
1,1,0.799457,B
0,0,0.371518,B
1,1,0.527956,B
1,1,0.916585,B
1,1,0.863472,B
0,1,0.803694,B
1,1,0.904138,B
1,1,0.655958,B
1,1,0.902979,B
0,1,0.615410,B
1,1,0.658877,B
0,1,0.733146,B
0,1,0.501293,B
0,1,0.740941,B
1,1,0.895252,B
0,0,0.381163,B
0,1,0.619116,B
0,0,0.350729,B
0,1,0.943345,B
0,1,0.885527,B
0,1,0.642728,B
0,1,0.734957,B
1,1,0.808337,B
1,1,0.837095,B
1,0,0.454304,B
0,1,0.741840,B
1,1,0.948823,B
1,1,0.874786,B
0,0,0.407454,B
1,1,0.890197,B
0,1,0.578536,B
1,1,0.675974,B
1,1,0.680410,B
0,1,0.504645,B
0,1,0.729743,B
1,1,0.771826,B
1,1,0.622141,B
1,1,0.858327,B
1,1,0.856526,B
1,1,0.731861,B
1,0,0.350887,B
0,1,0.807190,B
1,1,0.832429,B
1,1,0.674884,B
1,1,0.823823,B
1,0,0.499699,B
1,1,0.595386,B
1,1,0.878684,B
1,1,0.664934,B
1,1,0.986123,B
1,1,0.683975,B
1,1,0.905659,B
1,1,0.688839,B
1,0,0.487496,B
1,1,0.764468,B
1,1,0.917530,B
1,0,0.411303,B
0,1,0.511084,B
1,1,0.866729,B
1,1,0.632625,B
1,1,0.895624,B
1,1,0.880510,B
1,1,0.520447,B
0,0,0.483880,B
1,1,0.605936,B
1,1,0.745992,B
1,1,0.659597,B
1,1,0.580515,B
1,1,0.805579,B
1,1,0.691571,B
1,1,0.565955,B
1,1,0.663566,B
1,1,0.873706,B
1,1,0.703231,B
1,1,0.854802,B
1,1,0.875714,B
0,0,0.272332,B
1,1,0.811141,B
1,1,0.843118,B
1,1,0.822908,B
0,1,0.730170,B
0,1,0.548114,B
1,0,0.409614,B
0,0,0.473856,B
1,1,0.636861,B
0,1,0.779071,B
1,1,0.822151,B
1,1,0.717292,B
1,1,0.955779,B
1,1,0.784826,B
1,1,0.994987,B
1,1,0.885156,B
1,1,0.931356,B
1,1,0.626360,B
1,1,0.704467,B
1,1,0.504583,B
1,1,0.674486,B
1,1,0.799510,B
1,1,0.831665,B
0,0,0.475504,B
0,1,0.769827,B
1,1,0.648814,B
1,0,0.387587,B
0,1,0.544975,B
1,1,0.711298,B
1,1,0.792992,B
1,1,0.602732,B
1,1,0.525523,B
1,1,0.590564,B
0,1,0.617426,B
1,1,0.685994,B
1,0,0.492030,B
1,1,0.905190,B
0,1,0.706629,B
0,0,0.499999,B
1,1,0.796347,B
0,1,0.642861,B
0,0,0.376828,B
1,1,0.793341,B
1,1,0.787777,B
1,1,0.787976,B
1,1,0.973394,B
1,1,0.918800,B
0,1,0.620483,B
0,1,0.696712,B
1,1,0.696509,B
0,1,0.523799,B
1,0,0.481693,B
1,1,0.880355,B
1,1,0.796342,B
1,1,0.831381,B
1,1,0.663870,B
0,1,0.623880,B
1,1,0.831352,B
0,1,0.589222,B
0,1,0.804783,B
1,1,0.906475,B
1,1,0.906170,B
0,1,0.855561,B
1,1,0.814020,B
0,1,0.786490,B
0,0,0.440776,B
0,0,0.352596,B
1,1,0.797485,B
1,1,0.602015,B
1,0,0.453703,B
1,1,0.935829,B
1,1,0.892334,B
0,1,0.500095,B
1,1,0.884042,B
1,1,0.700147,B
1,1,0.790324,B
1,1,0.835706,B
1,1,0.873589,B
1,1,0.703133,B
1,1,0.790513,B
0,1,0.695169,B
1,1,0.652564,B
1,1,0.820893,B
1,1,0.719228,B
1,1,0.798311,B
0,1,0.710686,B
1,1,0.849916,B
0,0,0.385550,B
1,1,0.644938,B
0,1,0.604977,B
0,1,0.527652,B
0,1,0.548036,B
0,1,0.589827,B
1,1,0.771398,B
1,1,0.932217,B
1,1,0.785949,B
0,1,0.684769,B
1,1,0.655852,B
1,0,0.405244,B
1,1,0.860722,B
1,1,0.765382,B
1,1,0.926941,B
1,1,0.875497,B
0,1,0.757797,B
0,1,0.923178,B
1,1,0.894508,B
1,1,0.713193,B
0,1,0.564729,B
0,1,0.522741,B
0,1,0.803209,B
1,1,0.889446,B
1,1,0.808543,B
1,1,0.828594,B
1,1,0.946510,B
0,1,0.801823,B
1,1,0.694794,B
1,1,0.629205,B
1,1,0.861300,B
1,1,0.591731,B
1,1,0.931306,B
1,1,0.736768,B
1,1,0.874745,B
0,1,0.651123,B
0,1,0.782456,B
1,1,0.731490,B
1,0,0.341937,B
0,1,0.601248,B
1,1,0.951364,B
1,1,0.631810,B
1,1,0.751597,B
0,1,0.514471,B
0,1,0.727036,B
1,1,0.596684,B
1,1,0.723742,B
1,1,0.658064,B
0,1,0.756734,B
1,0,0.450366,B
1,1,0.573517,B
1,1,0.982175,B
1,1,0.744403,B
0,1,0.674929,B
1,1,0.737498,B
1,1,0.856034,B
1,1,0.615593,B
1,1,0.892888,B
1,0,0.477065,B
1,1,0.769572,B
0,1,0.768149,B
1,1,0.866055,B
1,1,0.678329,B
1,1,0.899342,B
1,1,0.940118,B
1,0,0.497272,B
1,1,0.924965,B
1,1,0.920042,B
1,1,0.815367,B
1,1,0.871885,B
0,0,0.371941,B
1,1,0.532918,B
1,1,0.822115,B
0,1,0.793390,B
0,1,0.743333,B
0,1,0.720216,B
1,1,0.694039,B
0,1,0.552365,B
1,1,0.811319,B
0,1,0.638668,B
1,1,0.931620,B
1,1,0.725478,B
0,1,0.620989,B
1,1,0.865509,B
0,1,0.660952,B
1,1,0.714813,B
0,1,0.632004,B
1,0,0.382766,B
1,1,0.585628,B
0,1,0.628317,B
1,1,0.623076,B
1,1,0.674870,B
0,1,0.540785,B
0,0,0.479678,B
1,1,0.837407,B
1,1,0.686395,B
1,1,0.644273,B
1,0,0.403922,B
0,0,0.369299,B
1,1,0.810332,B
1,1,0.765694,B
1,1,0.677070,B
1,1,0.915056,B
1,1,0.806707,B
1,1,0.677366,B
0,0,0.477991,B
0,0,0.303561,B
1,1,0.861239,B
1,1,0.554732,B
1,1,0.725281,B
0,1,0.585896,B
0,1,0.742038,B
1,1,0.544907,B
1,1,0.638546,B
1,1,0.606542,B
0,1,0.702472,B
0,1,0.695242,B
1,1,0.873225,B
1,1,0.715300,B
0,0,0.469042,B
1,1,0.730353,B
1,1,0.923127,B
1,1,0.742163,B
1,1,0.945206,B
0,0,0.299875,B
1,1,0.884694,B
1,1,0.652229,B
0,1,0.668706,B
0,0,0.463094,B
1,1,0.783533,B
1,1,0.858438,B
1,1,0.958096,B
1,1,0.839378,B
0,1,0.514902,B
1,1,0.589045,B
1,1,0.864740,B
0,0,0.457662,B
1,1,0.804665,B
1,1,0.696842,B
0,0,0.448590,B
1,1,0.770834,B
1,1,0.736849,B
0,1,0.640735,B
1,1,0.875711,B
1,1,0.607149,B
0,1,0.586914,B
1,1,0.880440,B
1,1,0.908486,B
1,1,0.714344,B
0,0,0.442572,B
1,1,0.912756,B
1,1,0.670453,B
0,1,0.766116,B
1,1,0.650122,B
1,1,0.782725,B
1,0,0.396322,B
1,1,0.543018,B
1,1,0.935638,B
1,1,0.626165,B
1,1,0.620537,B
1,0,0.378181,B
1,1,0.596601,B
1,1,0.701175,B
0,1,0.771647,B
1,1,0.764421,B
0,1,0.584146,B
1,1,0.815358,B
1,1,0.668325,B
1,1,0.765740,B
1,1,0.617375,B
1,1,0.774122,B
1,1,0.733763,B
0,0,0.486145,B
1,1,0.730188,B
0,1,0.504859,B
0,1,0.660047,B
0,1,0.792090,B
1,1,0.673566,B
0,0,0.481427,B
0,1,0.531426,B
1,1,0.783803,B
0,1,0.700020,B
1,1,0.806287,B
0,1,0.633258,B
0,0,0.349955,B
1,1,0.902179,B
1,1,0.686979,B
1,1,0.659875,B
1,1,0.827003,B
1,1,0.712048,B
1,0,0.482188,B
1,1,0.527646,B
1,1,0.938122,B
0,0,0.470106,B
0,0,0.421297,B
1,1,0.727086,B
1,1,0.730965,B
1,1,0.740370,B
1,1,0.798575,B
0,1,0.709027,B
1,1,0.557436,B
1,1,0.726520,B
0,1,0.754234,B
1,1,0.773354,B
1,1,0.746198,B
1,1,0.779878,B
0,1,0.778396,B
1,1,0.740007,B
0,1,0.508124,B
1,1,0.846303,B
1,1,0.897007,B
1,1,0.562465,B
1,1,0.656743,B
1,1,0.686454,B
1,1,0.790403,B
1,1,0.886364,B
1,1,0.925345,B
1,1,0.701880,B
1,1,0.564993,B
1,1,0.887833,B
1,1,0.672196,B
1,1,0.638877,B
1,1,0.585179,B
1,1,0.834072,B
1,1,0.873435,B
1,1,0.861688,B
1,1,0.682048,B
1,0,0.359421,B
1,0,0.470378,B
0,1,0.639776,B
0,1,0.767937,B
1,1,0.742346,B
1,1,0.905878,B
0,1,0.538500,B
1,1,0.971678,B
1,1,0.506316,B
1,1,0.918826,B
0,0,0.302772,B
0,1,0.665885,B
1,1,0.752421,B
0,1,0.647362,B
0,1,0.514014,B
1,1,0.777488,B
1,1,0.509730,B
0,1,0.570789,B
0,1,0.607943,B
1,1,0.719892,B
1,1,0.515172,B
1,1,0.783486,B
1,1,0.539000,B
1,1,0.548823,B
1,1,0.850121,B
0,1,0.782896,B
1,1,0.922402,B
1,1,0.868445,B
0,1,0.558749,B
0,1,0.818241,B
1,1,0.621901,B
1,1,0.900364,B
0,1,0.698260,B
1,1,0.732380,B
0,1,0.659966,B
0,1,0.560173,B
1,1,0.970987,B
1,1,0.728641,B
1,1,0.850506,B
0,1,0.586548,B
1,1,0.724404,B
1,1,0.886405,B
0,1,0.864468,B
1,1,0.848029,B
1,1,0.802421,B
0,1,0.510374,B
0,1,0.724255,B
1,1,0.839748,B
1,0,0.485641,B
0,1,0.779616,B
1,1,0.688615,B
0,1,0.625383,B
1,1,0.851001,B
1,1,0.503901,B
1,1,0.845432,B
1,1,0.867866,B
0,1,0.802526,B
1,1,0.734350,B
1,0,0.479263,B
0,1,0.596281,B
0,1,0.737313,B
0,0,0.482391,B
1,1,0.614021,B
1,1,0.503984,B
1,1,0.805404,B
1,1,0.940329,B
1,1,0.681670,B
0,1,0.724463,B
1,1,0.799314,B
0,1,0.834664,B
1,1,0.914350,B
1,1,0.815569,B
1,1,0.778130,B
1,1,0.774409,B
1,1,0.777117,B
1,1,0.531432,B
0,0,0.314398,B
0,1,0.916513,B
0,1,0.576182,B
1,1,0.860261,B
1,1,0.529092,B
1,1,0.828146,B
1,1,0.626736,B
1,1,0.637006,B
0,0,0.353537,B
1,1,0.786868,B
1,1,0.768965,B
0,1,0.743263,B
1,1,0.669207,B
1,1,0.859457,B
1,1,0.943380,B
1,1,0.676039,B
1,1,0.772463,B
1,1,0.607371,B
1,1,0.784855,B
0,1,0.564553,B
0,1,0.683476,B
1,1,0.758998,B
0,0,0.452374,B
0,1,0.788024,B
1,1,0.751798,B
1,0,0.474348,B
0,1,0.692782,B
1,1,0.821739,B
0,1,0.759449,B
1,1,0.605434,B
1,1,0.543443,B
1,1,0.857249,B
1,1,0.641965,B
1,1,0.651359,B
1,1,0.845998,B
0,0,0.452870,B
1,1,0.726758,B
1,1,0.761956,B
1,1,0.780053,B
1,1,0.725573,B
1,1,0.868488,B
1,1,0.702867,B
0,1,0.897416,B
1,1,0.850891,B
0,1,0.770016,B
0,1,0.707168,B
0,1,0.639906,B
0,1,0.540898,B
1,1,0.717018,B
1,1,0.766626,B
1,1,0.689554,B
1,1,0.974090,B
1,1,0.815619,B
1,0,0.482424,B
1,1,0.696140,B
1,1,0.982982,B
1,1,0.991363,B
1,1,0.685636,B
1,1,0.749132,B
1,1,0.879971,B
0,1,0.683904,B
1,1,0.858803,B
1,1,0.832926,B
1,1,0.534359,B
1,1,0.684063,B
1,1,0.860146,B
1,1,0.820009,B
0,1,0.733034,B
1,1,0.663599,B
1,1,0.774250,B
1,1,0.783287,B
0,0,0.383539,B
1,1,0.856677,B
1,1,0.815516,B
1,1,0.954866,B
1,1,0.537068,B
0,1,0.715819,B
0,1,0.753557,B
1,1,0.578449,B
1,1,0.828953,B
1,0,0.497059,B
1,1,0.654761,B
0,0,0.496180,B
1,1,0.808167,B
1,1,0.734265,B
1,1,0.628951,B
1,1,0.832316,B
1,1,0.767007,B
1,0,0.438938,B
1,1,0.953309,B
1,1,0.763666,B
1,1,0.832780,B
1,1,0.741572,B
1,1,0.531321,B
1,0,0.446320,B
1,1,0.953129,B
0,1,0.687074,B
0,1,0.851567,B
1,1,0.791447,B
1,1,0.947062,B
1,0,0.442566,B
0,1,0.802097,B
0,1,0.748819,B
0,1,0.858355,B
1,1,0.969968,B
1,1,0.968963,B
1,1,0.587830,B
1,1,0.931459,B
1,1,0.797617,B
1,1,0.852480,B
0,1,0.541801,B
1,0,0.418824,B
0,1,0.741294,B
1,1,0.921913,B
0,1,0.693119,B
1,1,0.700702,B
0,1,0.518799,B
0,1,0.516034,B
0,1,0.717041,B
1,1,0.768459,B
0,0,0.401412,B
1,1,0.571175,B
0,0,0.360923,B
1,0,0.305936,B
1,1,0.839196,B
0,0,0.470369,B
1,1,0.890455,B
1,1,0.908698,B
1,1,0.841399,B
1,1,0.705212,B
1,1,0.898594,B
1,1,0.527873,B
1,1,0.564083,B
0,1,0.705419,B
1,1,0.857789,B
1,1,0.837393,B
1,0,0.491219,B
1,1,0.739013,B
1,1,0.774783,B
1,1,0.684681,B
1,1,0.843380,B
1,1,0.750186,B
1,1,0.512366,B
1,0,0.365065,B
0,1,0.660451,B
1,1,0.831073,B
1,1,0.794257,B
1,1,0.805538,B
1,1,0.698852,B
0,1,0.877269,B
1,1,0.670047,B
1,1,0.675953,B
0,1,0.689270,B
1,1,0.607293,B
1,1,0.881847,B
1,1,0.662698,B
0,1,0.744882,B
0,1,0.535995,B
1,1,0.803925,B
0,1,0.800717,B
1,1,0.589690,B
1,1,0.807500,B
1,1,0.824612,B
1,1,0.915739,B
0,1,0.735492,B
0,1,0.668048,B
1,1,0.871719,B
1,1,0.607407,B
1,1,0.856624,B
0,0,0.449854,B
1,1,0.925268,B
1,1,0.867827,B
1,1,0.660248,B
1,1,0.916585,B
0,0,0.317232,B
1,1,0.986159,B
1,1,0.905684,B
0,1,0.859437,B
1,1,0.929576,B
1,0,0.425324,B
0,0,0.499601,B
1,1,0.826041,B
1,1,0.861088,B
0,1,0.820337,B
0,1,0.609881,B
0,1,0.912525,B
1,1,0.728994,B
0,1,0.550865,B
1,1,0.812488,B
1,1,0.938600,B
1,1,0.808237,B
1,1,0.909210,B
1,1,0.831066,B
1,1,0.607533,B
1,1,0.953531,B
1,1,0.777934,B
1,1,0.618123,B
1,1,0.901621,B
1,1,0.900636,B
1,1,0.865168,B
0,1,0.636646,B
1,1,0.636678,B
1,1,0.935047,B
1,0,0.492402,B
1,1,0.717620,B
1,1,0.655763,B
1,1,0.544632,B
1,1,0.641896,B
1,1,0.850287,B
1,1,0.565664,B
0,1,0.740120,B
0,1,0.732395,B
1,1,0.811399,B
1,1,0.882297,B
0,1,0.940420,B
1,1,0.559382,B
0,0,0.462073,B
1,1,0.741853,B
0,1,0.535956,B
1,1,0.681157,B
0,1,0.884132,B
1,1,0.652718,B
0,0,0.467484,B
1,1,0.681995,B
1,1,0.515586,B
1,1,0.857769,B
1,1,0.699844,B
1,1,0.686192,B
1,1,0.741339,B
1,1,0.798774,B
0,1,0.534714,B
1,1,0.684562,B
0,0,0.401532,B
1,1,0.648558,B
1,1,0.790923,B
1,1,0.942142,B
1,1,0.941248,B
1,1,0.650067,B
1,1,0.546624,B
0,1,0.891259,B
1,1,0.724794,B
1,1,0.747685,B
0,1,0.813085,B
1,1,0.926149,B
1,1,0.864540,B
1,1,0.855793,B
1,1,0.888166,B
1,1,0.665399,B
1,1,0.783869,B
0,1,0.864731,B
0,1,0.762984,B
1,0,0.473870,B
0,1,0.599452,B
0,1,0.574491,B
1,0,0.369541,B
1,1,0.813025,B
1,1,0.740391,B
0,1,0.542035,B
1,1,0.760204,B
1,1,0.825552,B
1,1,0.824182,B
1,1,0.761480,B
1,1,0.944314,B
0,1,0.921409,B
1,1,0.888283,B
1,1,0.689518,B
1,1,0.881775,B
1,1,0.956577,B
1,1,0.729134,B
0,1,0.669457,B
1,1,0.767248,B
0,1,0.554160,B
1,1,0.976949,B
0,1,0.917286,B
1,1,0.693526,B
1,1,0.922202,B
1,1,0.844646,B
1,1,0.733573,B
1,1,0.820645,B
1,1,0.518748,B
0,0,0.377717,B
0,1,0.666345,B
0,1,0.621041,B
0,1,0.949297,B
0,1,0.957262,B
1,1,0.630422,B
1,1,0.665580,B
1,1,0.955590,B
0,1,0.721142,B
0,1,0.625732,B
1,1,0.941535,B
1,1,0.834927,B
1,1,0.816974,B
1,1,0.737032,B
1,1,0.641189,B
1,1,0.558698,B
1,1,0.551304,B
0,1,0.644081,B
0,1,0.663446,B
1,1,0.612165,B
0,1,0.714468,B
1,1,0.632279,B
1,1,0.892702,B
1,1,0.559499,B
1,1,0.834885,B
1,1,0.844570,B
1,1,0.933512,B
0,1,0.670708,B
0,1,0.750975,B
1,1,0.506001,B
1,1,0.711251,B
0,1,0.716620,B
1,1,0.895148,B
1,0,0.393509,B
1,1,0.853322,B
0,1,0.627923,B
1,1,0.752144,B
1,1,0.797653,B
0,1,0.670811,B
0,1,0.821877,B
1,1,0.684162,B
1,0,0.410763,B
1,1,0.720341,B
1,1,0.868193,B
1,1,0.941158,B
1,1,0.897735,B
1,1,0.927614,B
1,1,0.913202,B
1,1,0.780203,B
1,1,0.693961,B
1,1,0.709282,B
1,1,0.977785,B
1,1,0.705607,B
1,1,0.592426,B
1,1,0.838304,B
1,1,0.501953,B
1,1,0.752172,B
0,1,0.568051,B
1,1,0.749498,B
1,1,0.716902,B
1,1,0.684311,B
0,0,0.244591,B
0,1,0.676922,B
1,1,0.897585,B
0,0,0.479764,B
1,1,0.851672,B
1,1,0.708233,B
1,1,0.767794,B
0,1,0.816077,B
0,1,0.778414,B
0,1,0.834026,B
1,1,0.919772,B
0,1,0.902692,B
0,0,0.475075,B
0,1,0.798805,B
0,1,0.534365,B
1,1,0.799136,B
1,1,0.947302,B
1,1,0.800245,B
0,1,0.614522,B
1,1,0.521509,B
1,1,0.832566,B
1,1,0.856258,B
1,1,0.875251,B
1,1,0.871767,B
1,1,0.667588,B
1,1,0.648903,B
0,1,0.706988,B
1,1,0.882089,B
1,1,0.792592,B
1,1,0.643394,B
0,1,0.860666,B
1,0,0.445690,B
1,1,0.751190,B
1,1,0.503452,B
1,1,0.941496,B
1,1,0.967676,B
1,1,0.714689,B
0,0,0.432529,B
0,1,0.850870,B
1,1,0.706559,B
1,1,0.786369,B
1,1,0.757149,B
1,1,0.688022,B
1,1,0.821267,B
1,1,0.751750,B
0,1,0.503451,B
0,1,0.659861,B
0,1,0.699825,B
0,1,0.583519,B
1,1,0.802637,B
1,1,0.708555,B
1,1,0.835283,B
1,0,0.465476,B
0,1,0.589929,B
1,1,0.656810,B
0,1,0.624882,B
0,1,0.658760,B
1,1,0.580243,B
1,1,0.728682,B
0,1,0.541641,B
0,1,0.666127,B
1,1,0.679384,B
0,1,0.825003,B
1,1,0.655469,B
1,1,0.784400,B
1,1,0.773341,B
1,1,0.861286,B
1,1,0.556310,B
1,1,0.656342,B
1,1,0.663242,B
0,1,0.674019,B
1,1,0.944381,B
1,0,0.348297,B
1,1,0.610771,B
1,1,0.726423,B
1,1,0.655215,B
1,1,0.853254,B
1,0,0.499979,B
1,1,0.635198,B
1,1,0.710428,B
1,1,0.747404,B
1,1,0.602547,B
1,1,0.926914,B
1,1,0.812227,B
1,1,0.700276,B
1,1,0.770714,B
1,1,0.644331,B
1,1,0.606687,B
1,1,0.747926,B
1,1,0.667221,B
1,1,0.833880,B
1,0,0.366160,B
1,1,0.985347,B
1,1,0.947746,B
1,0,0.497112,B
1,1,0.879154,B
1,1,0.660693,B
0,1,0.799595,B
0,1,0.779756,B
1,1,0.872232,B
0,1,0.634007,B
1,1,0.662323,B
1,1,0.747673,B
1,1,0.885734,B
1,1,0.537581,B
0,0,0.412573,B
0,1,0.874126,B
1,1,0.774431,B
0,1,0.686764,B
1,1,0.826704,B
1,1,0.953154,B
1,1,0.609641,B
1,1,0.817453,B
0,1,0.604228,B
1,1,0.721587,B
1,0,0.486781,B
1,1,0.799577,B
0,1,0.954045,B
0,1,0.501325,B
1,1,0.929326,B
1,1,0.654862,B
1,1,0.806232,B
1,1,0.536262,B
1,1,0.849698,B
0,1,0.678774,B
1,1,0.821233,B
1,1,0.774060,B
0,0,0.498160,B
1,1,0.704541,B
1,1,0.958613,B
0,0,0.362115,B
1,1,0.973938,B
1,1,0.913214,B
1,1,0.908575,B
1,1,0.551716,B
0,1,0.615359,B
1,1,0.853107,B
0,1,0.740414,B
0,1,0.509158,B
1,1,0.773061,B
1,1,0.859995,B
1,1,0.935233,B
1,1,0.797435,B
0,1,0.514794,B
0,1,0.660595,B
1,1,0.904894,B
1,1,0.859484,B
1,1,0.704928,B
1,1,0.946059,B
1,1,0.809334,B
0,1,0.709027,B
1,1,0.615840,B
1,1,0.930258,B
0,1,0.649670,B
1,1,0.921260,B
1,1,0.565392,B
1,1,0.667439,B
0,1,0.749924,B
1,1,0.807781,B
1,1,0.590632,B
1,1,0.757429,B
1,1,0.545895,B
0,1,0.866212,B
0,1,0.816380,B
1,1,0.662986,B
1,1,0.723642,B
1,1,0.819110,B
0,1,0.659002,B
1,1,0.952298,B
0,0,0.324666,B
1,1,0.629559,B
1,1,0.906358,B
1,1,0.765730,B
1,1,0.785915,B
0,1,0.731339,B
1,1,0.928743,B
1,1,0.846326,B
1,1,0.969749,B
1,1,0.748346,B
1,1,0.874919,B
1,1,0.979271,B
1,1,0.860900,B
0,1,0.530709,B
1,1,0.734841,B
1,1,0.854856,B
1,1,0.855381,B
1,1,0.665241,B
0,1,0.519929,B
1,1,0.813236,B
0,1,0.664627,B
0,1,0.708980,B
0,1,0.778512,B
1,1,0.703721,B
1,1,0.861275,B
1,1,0.911265,B
1,1,0.785751,B
1,1,0.793328,B
1,1,0.538869,B
1,1,0.740939,B
0,1,0.504074,B
1,1,0.763071,B
1,1,0.852084,B
0,1,0.545866,B
1,1,0.667802,B
1,1,0.559375,B
1,1,0.908103,B
1,1,0.691414,B
1,1,0.613258,B
0,1,0.593207,B
1,1,0.868375,B
1,1,0.874040,B
0,1,0.763845,B
1,1,0.662067,B
1,1,0.935879,B
1,0,0.460749,B
1,1,0.945364,B
1,0,0.494350,B
1,1,0.676153,B
1,1,0.755356,B
1,1,0.930283,B
0,1,0.585951,B
1,1,0.941676,B
1,1,0.753523,B
1,1,0.698062,B
1,1,0.740048,B
0,0,0.394949,B
0,1,0.791345,B
1,1,0.881343,B
1,1,0.951681,B
1,1,0.700909,B
0,1,0.626583,B
1,1,0.759178,B
0,0,0.408185,B
1,1,0.979442,B
1,1,0.705083,B
1,1,0.830406,B
0,1,0.751226,B
1,1,0.965096,B
1,1,0.612405,B
1,1,0.899122,B
0,1,0.781655,B
1,1,0.632040,B
0,1,0.746769,B
1,0,0.242067,B
1,1,0.654883,B
1,1,0.641140,B
1,1,0.835402,B
1,1,0.852679,B
1,1,0.613411,B
0,0,0.399813,B
0,1,0.521022,B
0,1,0.758169,B
1,1,0.842301,B
1,1,0.589590,B
1,1,0.833305,B
1,1,0.804984,B
1,1,0.581467,B
1,1,0.548028,B
0,1,0.745972,B
1,1,0.874285,B
0,0,0.331429,B
1,1,0.579880,B
0,1,0.681812,B
1,1,0.817376,B
1,1,0.680112,B
0,1,0.688270,B
1,1,0.691770,B
0,0,0.407728,B
1,1,0.691022,B
0,1,0.625241,B
1,1,0.809025,B
1,1,0.862807,B
1,1,0.762486,B
1,1,0.685520,B
1,1,0.903194,B
1,1,0.881285,B
1,1,0.820209,B
1,1,0.698463,B
1,1,0.890757,B
0,0,0.479104,B
1,1,0.836104,B
1,1,0.722455,B
1,1,0.733338,B
1,1,0.514708,B
1,1,0.638634,B
0,1,0.699096,B
1,1,0.585394,B
0,1,0.666883,B
1,1,0.746747,B
1,1,0.793770,B
0,1,0.546719,B
0,1,0.847880,B
0,1,0.616855,B
0,0,0.395630,B
1,1,0.500006,B
0,1,0.774058,B
1,0,0.480683,B
1,1,0.840034,B
0,0,0.366530,B
0,1,0.767666,B
1,1,0.842108,B
1,1,0.605931,B
1,0,0.468091,B
1,1,0.962198,B
1,1,0.593940,B
0,1,0.800014,B
1,1,0.677846,B
1,1,0.809629,B
1,1,0.739375,B
1,0,0.398575,B
1,1,0.673172,B
1,1,0.810268,B
1,1,0.887215,B
0,1,0.806342,B
1,1,0.717877,B
1,1,0.811008,B
1,1,0.922449,B
0,1,0.801120,B
0,1,0.765936,B
1,1,0.685869,B
1,1,0.885821,B
1,1,0.888966,B
0,1,0.675371,B
1,1,0.949518,B
0,1,0.689468,B
1,1,0.881326,B
1,1,0.715501,B
1,1,0.546276,B
1,1,0.715089,B
1,1,0.867229,B
0,1,0.592500,B
1,1,0.607586,B
1,1,0.760786,B
1,1,0.942210,B
1,1,0.818704,B
1,1,0.935446,B
1,1,0.900675,B
1,1,0.677438,B
1,1,0.907593,B
0,1,0.863169,B
1,1,0.744139,B
1,1,0.784157,B
1,1,0.899111,B
0,1,0.789075,B
0,1,0.861734,B
1,1,0.936821,B
1,1,0.813966,B
0,1,0.739715,B
1,1,0.907029,B
1,1,0.761936,B
1,1,0.559228,B
0,1,0.733150,B
1,0,0.413473,B
1,1,0.791246,B
1,1,0.674326,B
1,1,0.872492,B
1,1,0.662071,B
1,1,0.643049,B
1,1,0.742174,B
0,1,0.701334,B
1,0,0.193384,B
0,1,0.583578,B
0,1,0.500826,B
0,1,0.669540,B
1,1,0.674252,B
1,1,0.811136,B
1,1,0.849288,B
1,1,0.884474,B
1,1,0.857605,B
0,1,0.636592,B
0,1,0.675842,B
1,1,0.963848,B
1,1,0.876509,B
1,1,0.795933,B
1,1,0.809519,B
1,1,0.720139,B
1,1,0.735185,B
1,1,0.693205,B
0,1,0.836833,B
1,1,0.993491,B
1,1,0.736103,B
0,1,0.536466,B
1,1,0.631021,B
1,1,0.943985,B
0,0,0.433329,B
1,1,0.636110,B
1,1,0.660379,B
1,1,0.839600,B
1,1,0.961398,B
0,0,0.362432,B
1,1,0.922208,B
1,1,0.567063,B
1,1,0.929080,B
1,1,0.891283,B
1,1,0.904043,B
1,1,0.939359,B
1,1,0.858802,B
1,1,0.678213,B
1,1,0.595028,B
1,1,0.806793,B
1,1,0.676054,B
1,1,0.919203,B
1,1,0.633502,B
0,1,0.693615,B
1,1,0.973967,B
0,1,0.552169,B
1,1,0.838524,B
1,1,0.604280,B
1,1,0.737299,B
1,1,0.901865,B
0,0,0.482593,B
1,1,0.862125,B
1,1,0.834684,B
1,1,0.931307,B
0,1,0.824900,B
1,0,0.492689,B
1,1,0.703678,B
0,1,0.555678,B
1,1,0.742168,B
1,1,0.710139,B
1,1,0.618114,B
1,1,0.865365,B
1,1,0.632466,B
1,1,0.643374,B
1,1,0.897503,B
1,1,0.827697,B
1,1,0.569583,B
1,1,0.717678,B
1,1,0.800813,B
0,1,0.659926,B
1,1,0.590117,B
1,1,0.887485,B
0,0,0.476391,B
0,1,0.623379,B
1,1,0.860373,B
1,1,0.822389,B
0,1,0.848656,B
1,1,0.844462,B
1,1,0.828742,B
0,1,0.861990,B
1,1,0.856090,B
1,1,0.942471,B
0,1,0.633576,B
1,1,0.865007,B
1,1,0.587691,B
1,1,0.613527,B
0,1,0.771190,B
1,1,0.608543,B
1,1,0.893505,B
1,1,0.834426,B
1,1,0.712315,B
1,1,0.849800,B
0,1,0.662197,B
0,1,0.595341,B
0,1,0.759234,B
1,1,0.821398,B
1,1,0.777112,B
1,1,0.798436,B
1,1,0.666755,B
1,1,0.876878,B
1,1,0.793814,B
1,1,0.808394,B
1,1,0.725562,B
1,1,0.960924,B
1,1,0.761510,B
1,1,0.777731,B
0,1,0.891401,B
1,1,0.719386,B
0,1,0.506632,B
1,1,0.751415,B
1,1,0.849413,B
1,0,0.379037,B
1,1,0.796432,B
1,1,0.768445,B
1,1,0.768764,B
1,1,0.966511,B
1,1,0.800577,B
1,1,0.639460,B
0,1,0.902984,B
1,0,0.399279,B
0,1,0.544421,B
1,1,0.858774,B
0,0,0.452761,B
1,1,0.887739,B
1,1,0.771674,B
0,0,0.388920,B
1,1,0.762437,B
0,0,0.412477,B
1,1,0.924042,B
0,1,0.554708,B
1,1,0.756698,B
1,1,0.818761,B
1,1,0.555998,B
0,1,0.839792,B
1,1,0.612959,B
1,1,0.677469,B
0,0,0.362485,B
0,1,0.704225,B
0,1,0.635102,B
1,1,0.612843,B
0,0,0.326084,B
0,1,0.682309,B
1,1,0.905579,B
1,1,0.893765,B
0,1,0.640288,B
1,1,0.892456,B
1,1,0.622348,B
1,1,0.789738,B
0,1,0.664422,B
1,1,0.788525,B
1,1,0.715284,B
0,1,0.509633,B
1,1,0.861916,B
1,1,0.727492,B
1,1,0.792474,B
1,1,0.555726,B
1,1,0.617040,B
1,1,0.900352,B
1,1,0.863121,B
0,1,0.752198,B
1,1,0.851153,B
1,1,0.526859,B
1,1,0.831053,B
0,1,0.730433,B
0,1,0.545920,B
1,1,0.818805,B
1,1,0.855697,B
0,1,0.577620,B
1,1,0.643034,B
1,1,0.963245,B
1,1,0.844372,B
0,0,0.413436,B
1,1,0.872808,B
1,1,0.860745,B
1,1,0.755601,B
1,1,0.562427,B
1,1,0.683725,B
0,0,0.343811,B
1,1,0.864917,B
0,1,0.507412,B
1,1,0.601182,B
1,0,0.347450,B
0,1,0.718866,B
1,1,0.672100,B
0,0,0.311579,B
1,1,0.586503,B
1,1,0.790139,B
1,1,0.852161,B
1,1,0.532629,B
1,1,0.876150,B
1,1,0.820171,B
1,1,0.700712,B
0,1,0.661421,B
0,0,0.344321,B
0,1,0.594492,B
1,1,0.773900,B
1,1,0.899367,B
1,1,0.877207,B
0,1,0.856456,B
0,0,0.421928,B
1,1,0.596304,B
1,1,0.715550,B
1,1,0.858825,B
1,1,0.845732,B
1,1,0.761147,B
1,1,0.602872,B
0,1,0.817779,B
1,1,0.676554,B
1,1,0.719341,B
0,1,0.880589,B
1,1,0.562581,B
0,1,0.697160,B
1,1,0.809998,B
1,1,0.621668,B
1,1,0.935627,B
1,1,0.778809,B
1,0,0.476248,B
1,0,0.422101,B
0,1,0.631789,B
0,1,0.795929,B
1,1,0.766909,B
1,1,0.643706,B
0,1,0.714711,B
1,1,0.763285,B
1,1,0.763431,B
0,1,0.662345,B
0,1,0.729876,B
1,1,0.658169,B
1,1,0.751162,B
1,1,0.703948,B
0,1,0.743681,B
0,1,0.723140,B
0,0,0.444659,B
1,1,0.775095,B
1,1,0.713556,B
1,1,0.810732,B
0,1,0.584715,B
1,1,0.884245,B
0,1,0.692339,B
1,1,0.812377,B
1,1,0.590202,B
0,1,0.772983,B
1,1,0.840462,B
0,1,0.536341,B
1,1,0.865226,B
0,1,0.602519,B
1,1,0.735661,B
1,1,0.888991,B
1,1,0.899781,B
1,1,0.871973,B
1,1,0.769659,B
1,1,0.763359,B
1,1,0.766414,B
1,1,0.747984,B
1,1,0.540080,B
1,0,0.406843,B
0,0,0.492796,B
0,1,0.682946,B
1,1,0.853347,B
0,1,0.511209,B
0,1,0.653197,B
1,1,0.857391,B
1,0,0.445441,B
0,1,0.950374,B
1,1,0.655671,B
1,1,0.598071,B
1,1,0.747709,B
1,1,0.862909,B
1,1,0.982562,B
1,1,0.724470,B
1,1,0.741759,B
1,1,0.790838,B
1,1,0.676052,B
0,1,0.787277,B
0,1,0.681504,B
1,1,0.878962,B
1,1,0.945444,B
0,1,0.849396,B
1,0,0.419399,B
1,1,0.714453,B
1,1,0.926310,B
1,1,0.734437,B
1,1,0.734816,B
1,1,0.618294,B
0,1,0.741798,B
1,1,0.706478,B
1,1,0.828693,B
0,1,0.788482,B
0,1,0.655851,B
0,1,0.617447,B
1,1,0.894639,B
1,1,0.796144,B
0,1,0.578552,B
1,1,0.937946,B
0,1,0.637140,B
1,1,0.959542,B
1,1,0.746810,B
1,1,0.965153,B
1,1,0.670102,B
1,1,0.911148,B
1,1,0.699905,B
1,1,0.669104,B
1,1,0.836775,B
1,1,0.923526,B
1,1,0.863530,B
1,1,0.828736,B
1,1,0.840229,B
1,1,0.825315,B
1,1,0.849513,B
1,1,0.633958,B
1,1,0.894126,B
1,1,0.735365,B
1,1,0.741470,B
1,1,0.866296,B
1,1,0.847665,B
1,1,0.778700,B
1,1,0.657542,B
1,1,0.854175,B
0,1,0.685395,B
0,1,0.694999,B
0,1,0.577476,B
0,0,0.473981,B
1,1,0.782693,B
1,1,0.661036,B
1,1,0.987440,B
1,1,0.948578,B
1,1,0.833358,B
1,1,0.868510,B
1,1,0.794474,B
1,1,0.650000,B
1,1,0.819304,B
1,1,0.859968,B
1,1,0.702151,B
1,1,0.808101,B
1,1,0.583595,B
1,1,0.530936,B
1,1,0.538504,B
1,0,0.305775,B
0,1,0.609608,B
1,1,0.662424,B
1,0,0.461898,B
1,1,0.613994,B
1,1,0.753441,B
0,1,0.537375,B
1,1,0.983729,B
1,1,0.750321,B
1,1,0.893187,B
0,1,0.745991,B
1,1,0.921022,B
1,1,0.793286,B
1,1,0.769276,B
1,1,0.815201,B
1,1,0.848544,B
1,1,0.730585,B
1,1,0.864190,B
0,1,0.879122,B
0,1,0.604930,B
1,1,0.710191,B
1,1,0.794454,B
1,1,0.657761,B
1,1,0.728271,B
1,1,0.513365,B
0,1,0.683212,B
1,1,0.923529,B
0,1,0.810483,B
1,1,0.709975,B
1,1,0.717963,B
1,1,0.705547,B
1,1,0.929545,B
1,0,0.389158,B
1,1,0.789704,B
1,1,0.706141,B
1,1,0.743893,B
0,1,0.740965,B
0,1,0.529041,B
0,1,0.640908,B
1,1,0.796440,B
1,1,0.627488,B
1,1,0.834768,B
1,1,0.542054,B
1,1,0.573304,B
1,1,0.890729,B
1,1,0.833947,B
1,1,0.786360,B
0,1,0.671050,B
1,1,0.824137,B
1,1,0.738497,B
1,1,0.852222,B
1,1,0.879118,B
1,1,0.953987,B
1,1,0.737352,B
1,1,0.858345,B
1,1,0.531519,B
1,1,0.968512,B
0,1,0.600019,B
1,1,0.877749,B
1,1,0.787843,B
0,0,0.403469,B
1,1,0.835691,B
1,0,0.474175,B
1,1,0.745666,B
1,1,0.614585,B
1,1,0.805936,B
1,1,0.763089,B
1,0,0.497484,B
1,0,0.285100,B
1,1,0.867896,B
1,1,0.645859,B
1,0,0.458562,B
1,1,0.985447,B
0,1,0.732946,B
1,1,0.774496,B
0,1,0.724583,B
1,1,0.842346,B
1,1,0.762897,B
1,1,0.903176,B
0,1,0.891554,B
0,1,0.615800,B
0,1,0.752715,B
1,0,0.470922,B
0,1,0.621549,B
0,0,0.484614,B
1,1,0.740609,B
0,1,0.737384,B
0,1,0.687234,B
1,1,0.805046,B
1,1,0.767376,B
0,1,0.593827,B
1,0,0.466368,B
1,1,0.573475,B
0,0,0.482906,B
1,0,0.364428,B
0,1,0.689967,B
0,1,0.751590,B
1,1,0.561711,B
1,1,0.916352,B
1,1,0.937016,B
0,1,0.558428,B
1,1,0.619792,B
0,1,0.563054,B
1,1,0.638540,B
1,1,0.807416,B
0,1,0.667460,B
1,1,0.940665,B
1,1,0.740885,B
1,1,0.910745,B
0,0,0.182499,B
0,1,0.908582,B
1,1,0.829023,B
1,1,0.836009,B
1,1,0.809544,B
1,1,0.583923,B
1,0,0.489458,B
1,1,0.595949,B
1,1,0.699954,B
0,1,0.646200,B
1,1,0.561192,B
0,1,0.714428,B
1,1,0.884520,B
0,1,0.613747,B
1,1,0.640446,B
0,1,0.724581,B
1,1,0.784012,B
1,1,0.837677,B
1,0,0.402292,B
1,1,0.787014,B
1,1,0.977891,B
0,1,0.943875,B
1,1,0.918744,B
1,0,0.495864,B
1,0,0.350469,B
1,1,0.683050,B
1,1,0.629780,B
1,1,0.872567,B
1,1,0.834971,B
0,1,0.773139,B
0,1,0.707226,B
1,1,0.597351,B
1,1,0.741033,B
1,1,0.647790,B
1,1,0.665782,B
1,1,0.894724,B
0,1,0.730596,B
0,0,0.258820,B
1,1,0.667885,B
0,1,0.588261,B
1,1,0.714207,B
1,1,0.717664,B
1,1,0.649279,B
1,1,0.897510,B
1,1,0.710281,B
1,1,0.536358,B
0,1,0.649027,B
1,1,0.723174,B
1,1,0.780928,B
1,0,0.496105,B
1,1,0.655955,B
1,0,0.386403,B
1,1,0.855682,B
1,1,0.841775,B
1,1,0.858910,B
1,1,0.790786,B
1,1,0.615364,B
1,1,0.659627,B
0,0,0.493418,B
0,0,0.471572,B
0,0,0.488833,B
0,1,0.639213,B
1,1,0.809992,B
0,1,0.763333,B
1,1,0.776961,B
0,1,0.647021,B
1,1,0.923673,B
1,1,0.980071,B
0,0,0.451788,B
0,0,0.488201,B
1,1,0.806750,B
1,1,0.926995,B
1,1,0.698511,B
1,1,0.775788,B
1,1,0.748960,B
0,1,0.651008,B
0,1,0.703385,B
1,0,0.474864,B
0,1,0.707153,B
1,1,0.882398,B
1,1,0.973567,B
1,1,0.598120,B
1,1,0.822725,B
1,1,0.778607,B
1,1,0.924939,B
1,1,0.876700,B
1,0,0.427829,B
1,1,0.645301,B
0,1,0.768462,B
1,1,0.852148,B
1,1,0.820538,B
0,1,0.789937,B
1,1,0.612981,B
0,0,0.487242,B
1,1,0.704888,B
0,1,0.551282,B
1,1,0.981777,B
1,1,0.878581,B
0,1,0.581010,B
1,1,0.675416,B
1,1,0.792014,B
1,0,0.458131,B
1,1,0.943747,B
0,1,0.636740,B
0,0,0.288124,B
1,1,0.833598,B
0,1,0.670963,B
1,1,0.848148,B
1,1,0.668735,B
1,1,0.870295,B
1,1,0.776791,B
0,1,0.644234,B
1,1,0.906752,B
1,1,0.944127,B
1,1,0.821946,B
1,0,0.488426,B
0,1,0.576063,B
0,1,0.693319,B
1,0,0.436190,B
1,1,0.877644,B
1,0,0.466702,B
1,1,0.767276,B
1,1,0.886901,B
1,1,0.955721,B
1,1,0.792163,B
1,0,0.491543,B
1,1,0.687947,B
0,1,0.758397,B
1,1,0.701302,B
1,1,0.628426,B
1,1,0.982162,B
1,1,0.789887,B
0,1,0.627333,B
0,1,0.688419,B
0,1,0.725107,B
1,1,0.674740,B
1,1,0.795074,B
0,1,0.912920,B
1,1,0.919235,B
0,1,0.808144,B
1,1,0.511359,B
1,1,0.767819,B
1,1,0.584504,B
1,1,0.807283,B
1,1,0.979482,B
1,1,0.810689,B
0,1,0.518217,B
0,1,0.673673,B
1,1,0.573936,B
1,1,0.842374,B
0,0,0.373746,B
1,1,0.895481,B
1,1,0.839811,B
1,1,0.971724,B
1,1,0.773580,B
1,1,0.630695,B
1,1,0.611343,B
1,1,0.547828,B
1,1,0.870718,B
1,1,0.870120,B
1,1,0.896879,B
1,1,0.791231,B
1,1,0.785435,B
1,1,0.770356,B
1,1,0.823071,B
1,1,0.877335,B
1,1,0.797897,B
0,1,0.697685,B
1,1,0.883792,B
1,1,0.974618,B
1,1,0.767736,B
1,1,0.730547,B
1,1,0.801866,B
1,1,0.772995,B
1,1,0.749210,B
1,1,0.701883,B
1,1,0.792166,B
0,1,0.730584,B
0,0,0.293877,B
1,1,0.657746,B
1,1,0.993692,B
1,1,0.524124,B
1,1,0.781049,B
0,1,0.797601,B
1,1,0.748183,B
1,1,0.762901,B
1,1,0.705692,B
1,0,0.296429,B
1,1,0.575380,B
1,1,0.564885,B
1,1,0.606434,B
0,1,0.897323,B
0,1,0.761007,B
1,1,0.560506,B
0,1,0.771048,B
0,1,0.713353,B
0,0,0.438485,B
1,1,0.627627,B
1,1,0.766784,B
1,1,0.867759,B
1,1,0.907352,B
1,1,0.764194,B
1,1,0.794952,B
1,1,0.522275,B
1,1,0.630653,B
0,1,0.759385,B
1,1,0.842796,B
0,1,0.540011,B
1,1,0.571515,B
1,1,0.946877,B
1,1,0.848693,B
1,1,0.750215,B
1,0,0.434290,B
1,1,0.641347,B
1,1,0.928913,B
0,0,0.199459,B
1,1,0.918761,B
1,1,0.512862,B
0,0,0.297851,B
1,1,0.938139,B
1,1,0.686000,B
1,1,0.781556,B
1,1,0.774433,B
1,1,0.890913,B
0,0,0.482544,B
1,1,0.952636,B
1,1,0.842438,B
1,1,0.584302,B
1,1,0.561468,B
1,1,0.839861,B
1,1,0.832933,B
0,1,0.737654,B
1,1,0.570310,B
1,1,0.899219,B
1,1,0.653091,B
1,1,0.696734,B
1,1,0.768246,B
1,1,0.653027,B
1,1,0.826844,B
1,1,0.817896,B
1,1,0.612400,B
0,0,0.467374,B
1,1,0.706392,B
1,1,0.569912,B
1,1,0.770209,B
1,0,0.418711,B
1,1,0.872312,B
1,1,0.594765,B
1,1,0.900585,B
1,1,0.744698,B
1,1,0.788983,B
1,1,0.685390,B
0,1,0.606778,B
0,0,0.306516,B
1,1,0.688211,B
1,1,0.967668,B
1,1,0.775497,B
1,1,0.614489,B
0,1,0.744900,B
0,1,0.771968,B
1,1,0.757749,B
1,1,0.775325,B
1,1,0.889759,B
1,1,0.898771,B
1,1,0.737244,B
1,1,0.696477,B
1,1,0.628762,B
1,1,0.871362,B
1,1,0.842058,B
0,1,0.708882,B
0,1,0.722373,B
1,1,0.906838,B
1,1,0.917008,B
1,1,0.797697,B
0,1,0.784430,B
1,1,0.688215,B
1,1,0.926171,B
1,1,0.865994,B
0,0,0.166727,B
1,1,0.861154,B
1,1,0.550808,B
1,1,0.568162,B
0,1,0.603516,B
0,1,0.705885,B
0,1,0.539718,B
1,1,0.879123,B
1,1,0.790537,B
1,1,0.711237,B
1,1,0.672330,B
0,1,0.587648,B
0,1,0.580070,B
0,0,0.453799,B
1,1,0.820387,B
1,1,0.647650,B
0,1,0.595717,B
0,0,0.388373,B
1,1,0.629022,B
0,0,0.387415,B
0,0,0.229901,B
1,1,0.803467,B
1,0,0.323617,B
1,1,0.627816,B
1,1,0.714043,B
1,1,0.747551,B
0,1,0.664581,B
1,1,0.818192,B
0,1,0.857644,B
1,1,0.884678,B
1,1,0.754842,B
0,0,0.338356,B
0,1,0.570637,B
1,1,0.903656,B
1,1,0.833301,B
1,1,0.878054,B
1,1,0.741880,B
1,1,0.847466,B
0,1,0.866975,B
0,1,0.588738,B
1,1,0.749976,B
1,1,0.633369,B
0,1,0.682815,B
1,0,0.499294,B
1,1,0.741433,B
0,1,0.746223,B
1,1,0.665711,B
1,1,0.671353,B
0,1,0.927412,B
0,1,0.656900,B
1,1,0.784838,B
0,1,0.578742,B
1,1,0.547815,B
1,1,0.687499,B
1,1,0.712351,B
1,1,0.946711,B
1,1,0.592343,B
0,0,0.480493,B
1,1,0.847587,B
1,1,0.718065,B
1,0,0.422332,B
0,1,0.628413,B
1,1,0.702702,B
0,1,0.642619,B
1,1,0.841054,B
1,1,0.550898,B
1,1,0.835913,B
1,1,0.790276,B
1,1,0.899797,B
1,1,0.855940,B
1,1,0.769031,B
0,1,0.878664,B
0,1,0.799416,B
0,1,0.652814,B
1,1,0.570960,B
0,0,0.351277,B
0,1,0.529209,B
1,1,0.703633,B
1,1,0.858859,B
1,1,0.643170,B
1,1,0.805533,B
1,1,0.566131,B
0,1,0.794014,B
0,1,0.528615,B
1,1,0.656090,B
1,1,0.601842,B
1,1,0.677323,B
1,1,0.755298,B
1,1,0.886060,B
1,1,0.797969,B
0,1,0.867837,B
1,0,0.300714,B
1,1,0.824401,B
1,1,0.586317,B
1,1,0.966533,B
0,0,0.497201,B
1,1,0.518511,B
1,1,0.753423,B
1,1,0.616789,B
0,1,0.873333,B
1,1,0.771852,B
0,1,0.663436,B
1,1,0.681896,B
1,0,0.472333,B
1,1,0.902151,B
1,1,0.777428,B
1,1,0.935920,B
0,1,0.817854,B
1,1,0.559755,B
1,1,0.894432,B
1,0,0.435802,B
1,1,0.826178,B
1,1,0.912050,B
1,1,0.790740,B
1,1,0.918604,B
0,1,0.654501,B
1,1,0.829053,B
0,1,0.571933,B
1,1,0.870715,B
0,1,0.508558,B
0,1,0.901697,B
0,1,0.662008,B
1,1,0.572692,B
1,1,0.600047,B
0,0,0.462104,B
1,1,0.761230,B
1,1,0.793340,B
0,1,0.814761,B
1,1,0.719255,B
0,0,0.492877,B
1,1,0.565956,B
1,1,0.899283,B
1,1,0.617801,B
1,1,0.806273,B
1,1,0.739150,B
1,1,0.712148,B
1,1,0.727468,B
1,1,0.978835,B
0,0,0.265723,B
1,1,0.857059,B
0,1,0.812067,B
0,1,0.813801,B
1,1,0.947315,B
1,1,0.548381,B
1,1,0.699890,B
0,0,0.216985,B
1,1,0.601854,B
1,1,0.837444,B
1,0,0.480320,B
1,1,0.928064,B
1,0,0.408222,B
1,1,0.766418,B
0,1,0.704822,B
1,1,0.726173,B
1,1,0.743104,B
0,0,0.406646,B
0,1,0.750860,B
1,0,0.441255,B
1,1,0.833097,B
1,0,0.498709,B
0,1,0.698432,B
1,1,0.850742,B
1,1,0.683330,B
1,1,0.516604,B
1,1,0.848801,B
0,1,0.722086,B
1,1,0.647054,B
1,1,0.785872,B
1,1,0.687712,B
0,1,0.741564,B
1,1,0.711672,B
0,0,0.482131,B
0,0,0.335726,B
1,1,0.787222,B
1,1,0.668674,B
1,1,0.639679,B
0,0,0.212925,B
0,0,0.455540,B
0,1,0.637003,B
0,1,0.834727,B
1,1,0.741358,B
1,1,0.854081,B
1,1,0.872271,B
1,1,0.832379,B
0,1,0.523504,B
1,1,0.623593,B
1,1,0.659919,B
0,1,0.636601,B
1,1,0.832495,B
1,1,0.814417,B
1,1,0.648332,B
1,1,0.633384,B
1,1,0.957700,B
1,1,0.609836,B
0,0,0.339955,B
1,1,0.926509,B
0,1,0.815913,B
0,1,0.796406,B
1,0,0.478615,B
1,1,0.844675,B
1,1,0.580151,B
1,1,0.958535,B
1,0,0.426960,B
0,0,0.463363,B
1,1,0.784181,B
1,1,0.914101,B
1,1,0.870006,B
1,1,0.930622,B
1,1,0.802956,B
1,1,0.621532,B
0,1,0.779976,B
1,1,0.864175,B
0,0,0.163628,B
1,1,0.871000,B
1,1,0.663810,B
1,1,0.947184,B
1,1,0.845039,B
1,1,0.942138,B
1,1,0.737200,B
1,1,0.834085,B
1,1,0.882507,B
1,1,0.866999,B
1,1,0.777835,B
1,1,0.502456,B
1,1,0.802450,B
0,1,0.791162,B
1,0,0.453908,B
1,1,0.908833,B
0,1,0.726244,B
1,1,0.643021,B
1,1,0.619016,B
0,1,0.513245,B
1,0,0.493642,B
0,1,0.646610,B
1,1,0.833936,B
1,1,0.775462,B
1,1,0.629320,B
1,1,0.858443,B
1,1,0.947407,B
0,0,0.478376,B
1,1,0.723604,B
1,1,0.805338,B
1,1,0.700621,B
0,1,0.950843,B
1,1,0.742630,B
1,1,0.890614,B
1,1,0.692781,B
1,1,0.703338,B
0,1,0.505478,B
1,1,0.748453,B
1,1,0.634064,B
1,1,0.591460,B
0,1,0.668335,B
0,0,0.437463,B
1,1,0.695108,B
0,1,0.719161,B
1,1,0.876981,B
1,1,0.954671,B
1,0,0.436006,B
1,0,0.488318,B
0,1,0.517696,B
0,1,0.888644,B
0,0,0.416424,B
1,1,0.622327,B
1,1,0.723875,B
1,0,0.496545,B
1,1,0.505832,B
0,1,0.594583,B
0,1,0.556659,B
1,1,0.789431,B
1,1,0.612974,B
0,1,0.884450,B
1,1,0.746983,B
0,1,0.699414,B
0,1,0.648716,B
0,1,0.840955,B
1,1,0.902857,B
1,1,0.774660,B
1,1,0.565257,B
1,1,0.850559,B
1,1,0.852067,B
1,1,0.761004,B
1,1,0.824565,B
0,1,0.948778,B
1,1,0.768091,B
1,1,0.865568,B
0,1,0.932462,B
1,1,0.556292,B
0,1,0.859866,B
1,1,0.847898,B
1,1,0.563601,B
0,1,0.809540,B
1,1,0.852967,B
1,1,0.889940,B
1,1,0.661339,B
1,1,0.825574,B
1,1,0.797745,B
1,1,0.713023,B
1,1,0.821615,B
0,1,0.622769,B
1,1,0.851222,B
1,1,0.514363,B
0,1,0.842623,B
1,1,0.660566,B
1,1,0.731084,B
1,0,0.321732,B
1,1,0.734122,B
1,1,0.702012,B
0,1,0.582719,B
1,1,0.724705,B
1,1,0.908027,B
1,1,0.815758,B
1,1,0.803695,B
1,1,0.764428,B
1,1,0.935116,B
1,1,0.756020,B
1,1,0.950005,B
1,1,0.779459,B
1,1,0.675997,B
1,1,0.912862,B
1,1,0.661956,B
1,1,0.877483,B
1,1,0.765251,B
1,1,0.829023,B
1,1,0.867924,B
1,1,0.794609,B
0,1,0.552592,B
1,1,0.722013,B
1,1,0.716119,B
1,1,0.927871,B
1,1,0.884763,B
0,1,0.700715,B
1,1,0.904742,B
1,1,0.987923,B
1,1,0.635096,B
1,1,0.569340,B
1,1,0.627215,B
1,1,0.790228,B
0,1,0.819299,B
0,1,0.624912,B
1,1,0.813542,B
1,1,0.873444,B
1,0,0.333111,B
1,1,0.775839,B
1,1,0.910780,B
1,1,0.849550,B
0,1,0.673873,B
1,1,0.662684,B
0,0,0.430369,B
1,0,0.492724,B
1,1,0.600812,B
1,1,0.777391,B
1,1,0.789870,B
1,1,0.951558,B
1,1,0.786302,B
0,1,0.708221,B
1,1,0.912816,B
1,1,0.809626,B
1,1,0.816588,B
1,0,0.290652,B
1,1,0.607599,B
0,0,0.435858,B
1,1,0.770592,B
1,1,0.785619,B
1,1,0.507213,B
0,1,0.758731,B
0,1,0.527848,B
1,1,0.900499,B
1,1,0.823970,B
1,1,0.736688,B
0,1,0.817280,B
0,1,0.527132,B
1,1,0.910577,B
0,1,0.892412,B
1,1,0.664456,B
1,1,0.697372,B
1,1,0.905586,B
1,1,0.802981,B
1,0,0.439680,B
0,1,0.752871,B
1,1,0.597576,B
1,1,0.779257,B
0,0,0.409782,B
1,1,0.843302,B
1,1,0.552040,B
0,1,0.748827,B
0,1,0.588841,B
1,1,0.958708,B
1,1,0.949474,B
1,1,0.633077,B
1,1,0.745990,B
1,1,0.703589,B
1,0,0.263485,B
1,1,0.816258,B
1,1,0.772266,B
0,1,0.568382,B
1,1,0.708784,B
0,1,0.700028,B
0,1,0.656649,B
0,1,0.558567,B
1,1,0.754584,B
1,1,0.689372,B
1,1,0.909140,B
1,1,0.525876,B
1,1,0.925122,B
0,1,0.668968,B
1,1,0.753493,B
1,1,0.731683,B
0,0,0.483661,B
0,1,0.553679,B
1,1,0.626197,B
1,1,0.831644,B
1,1,0.778581,B
1,1,0.558586,B
1,1,0.638766,B
1,1,0.962991,B
1,1,0.635968,B
1,1,0.906120,B
0,0,0.321226,B
1,1,0.670926,B
1,1,0.971620,B
0,1,0.635283,B
1,1,0.838811,B
1,1,0.524339,B
0,1,0.598235,B
0,1,0.953127,B
1,1,0.897715,B
1,1,0.841521,B
1,0,0.325136,B
1,1,0.638149,B
1,1,0.842891,B
0,1,0.567694,B
1,1,0.886572,B
1,1,0.785005,B
0,1,0.606523,B
1,1,0.952445,B
1,1,0.900707,B
0,0,0.415231,B
1,1,0.589856,B
0,1,0.782093,B
1,1,0.796568,B
0,1,0.745123,B
0,0,0.486359,B
0,1,0.506253,B
1,1,0.937566,B
0,1,0.586387,B
1,1,0.923906,B
1,1,0.852740,B
1,1,0.781092,B
1,1,0.871762,B
1,1,0.647826,B
1,1,0.550740,B
1,1,0.759467,B
1,1,0.863657,B
0,0,0.326271,B
1,0,0.462461,B
0,1,0.658982,B
0,1,0.856541,B
1,1,0.983518,B
0,0,0.414661,B
1,1,0.743937,B
1,1,0.655179,B
1,1,0.702869,B
0,1,0.691944,B
1,1,0.754933,B
1,1,0.809858,B
1,1,0.882802,B
0,1,0.796607,B
0,0,0.467662,B
0,0,0.461250,B
1,1,0.638517,B
0,1,0.623766,B
0,1,0.647686,B
1,1,0.829055,B
0,1,0.650993,B
1,1,0.503093,B
1,1,0.746141,B
1,1,0.928745,B
1,1,0.867973,B
1,1,0.715326,B
1,1,0.673279,B
1,1,0.716657,B
1,1,0.794320,B
1,1,0.797357,B
0,1,0.544824,B
1,1,0.681685,B
0,0,0.435531,B
1,1,0.769413,B
1,1,0.645470,B
0,0,0.467411,B
1,0,0.248772,B
1,1,0.843810,B
1,1,0.701738,B
1,1,0.721974,B
0,1,0.799232,B
0,1,0.729405,B
1,1,0.690170,B
1,1,0.534668,B
1,1,0.937997,B
1,1,0.731396,B
1,1,0.896958,B
1,1,0.773202,B
1,1,0.766383,B
1,1,0.827883,B
0,1,0.773853,B
1,1,0.541150,B
1,1,0.884231,B
1,1,0.677327,B
1,1,0.639843,B
1,1,0.801799,B
1,0,0.270450,B
0,0,0.354553,B
1,1,0.827133,B
0,0,0.472586,B
1,1,0.609647,B
0,0,0.431443,B
1,1,0.900748,B
1,1,0.857799,B
1,0,0.411614,B
1,1,0.932962,B
1,1,0.758853,B
0,1,0.694321,B
1,1,0.657563,B
1,1,0.933965,B
0,1,0.710085,B
1,1,0.521080,B
1,1,0.855343,B
0,1,0.987016,B
1,1,0.723560,B
1,0,0.452389,B
1,1,0.787437,B
0,0,0.326375,B
1,1,0.722806,B
0,1,0.630887,B
1,1,0.800878,B
1,1,0.680521,B
1,1,0.531136,B
0,1,0.509852,B
0,1,0.606784,B
1,1,0.611768,B
0,1,0.521934,B
1,1,0.664275,B
1,1,0.854827,B
1,1,0.697959,B
1,1,0.918794,B
0,1,0.745019,B
0,1,0.663730,B
1,1,0.619294,B
1,1,0.690080,B
1,0,0.187378,B
0,0,0.419607,B
1,1,0.744223,B
0,0,0.455738,B
1,1,0.933470,B
1,1,0.966390,B
1,1,0.851519,B
1,1,0.747589,B
1,1,0.501259,B
1,1,0.976007,B
1,1,0.600607,B
1,1,0.836626,B
1,0,0.399805,B
1,1,0.803922,B
1,0,0.350278,B
0,1,0.824498,B
0,1,0.550062,B
1,1,0.895565,B
1,1,0.929225,B
0,1,0.763116,B
1,1,0.816382,B
1,1,0.563650,B
1,0,0.388268,B
1,1,0.614716,B
1,1,0.945543,B
1,1,0.511983,B
1,1,0.784671,B
1,0,0.489631,B
1,1,0.889141,B
0,1,0.667533,B
1,1,0.971248,B
1,1,0.675114,B
1,1,0.617065,B
0,1,0.751900,B
0,1,0.541318,B
1,1,0.696938,B
1,1,0.683488,B
1,1,0.792558,B
1,1,0.645662,B
0,1,0.755559,B
1,1,0.922081,B
1,1,0.698978,B
1,1,0.964551,B
0,1,0.820110,B
0,1,0.696148,B
1,1,0.754172,B
1,1,0.554417,B
1,1,0.809917,B
1,1,0.738480,B
0,1,0.729267,B
1,1,0.575456,B
0,1,0.700887,B
1,1,0.736913,B
1,0,0.499083,B
1,1,0.631095,B
0,1,0.893533,B
1,1,0.823290,B
1,1,0.900139,B
0,1,0.596209,B
1,1,0.942309,B
1,1,0.912492,B
1,1,0.639704,B
0,1,0.581552,B
1,1,0.773007,B
1,1,0.750470,B
1,1,0.836513,B
1,1,0.590988,B
0,0,0.433397,B
1,1,0.832504,B
0,1,0.789632,B
0,1,0.766887,B
0,1,0.582367,B
0,1,0.656960,B
1,1,0.755131,B
0,1,0.698572,B
1,1,0.697017,B
1,1,0.707804,B
1,1,0.805431,B
0,0,0.474440,B
0,0,0.451062,B
0,1,0.712457,B
0,1,0.657413,B
1,1,0.606444,B
0,1,0.753754,B
1,1,0.581090,B
0,1,0.606470,B
1,1,0.686873,B
1,0,0.449646,B
0,0,0.342135,B
0,1,0.713965,B
1,1,0.886499,B
0,1,0.721615,B
1,1,0.503086,B
1,1,0.647442,B
0,1,0.685709,B
1,1,0.915911,B
1,1,0.700867,B
1,0,0.415742,B
1,1,0.821035,B
1,1,0.825779,B
0,1,0.603275,B
0,1,0.833857,B
1,1,0.572656,B
0,1,0.620565,B
1,1,0.571156,B
1,0,0.494765,B
1,1,0.823353,B
1,1,0.874427,B
0,1,0.632972,B
1,1,0.783755,B
0,1,0.709512,B
1,1,0.741725,B
0,1,0.673791,B
1,1,0.942827,B
0,1,0.515452,B
0,1,0.564763,B
1,1,0.828035,B
0,0,0.440932,B
1,1,0.720948,B
0,1,0.747012,B
1,1,0.885936,B
1,1,0.509472,B
1,1,0.954062,B
1,1,0.661282,B
1,1,0.812345,B
1,1,0.860384,B
1,0,0.429482,B
0,1,0.795499,B
1,1,0.924187,B
0,1,0.650147,B
1,1,0.819544,B
1,1,0.667352,B
1,1,0.749665,B
1,1,0.720747,B
0,1,0.776392,B
1,1,0.932084,B
1,1,0.876012,B
1,1,0.815171,B
1,1,0.766395,B
1,1,0.577874,B
1,1,0.608112,B
1,1,0.751605,B
1,1,0.636418,B
1,1,0.885111,B
1,0,0.400979,B
1,1,0.954339,B
1,1,0.846737,B
1,1,0.565004,B
1,1,0.948041,B
1,1,0.906492,B
0,1,0.580254,B
1,1,0.848304,B
1,0,0.257144,B
1,1,0.551571,B
1,1,0.905904,B
1,1,0.845756,B
1,1,0.729886,B
1,1,0.730696,B
1,1,0.912028,B
1,1,0.904952,B
1,1,0.626698,B
0,0,0.239182,B
1,1,0.730022,B
1,1,0.785681,B
1,1,0.731541,B
0,1,0.722413,B
1,1,0.722364,B
1,1,0.948576,B
1,1,0.843891,B
1,1,0.727447,B
0,0,0.389985,B
1,1,0.718545,B
0,1,0.741448,B
1,1,0.853344,B
1,1,0.702325,B
1,1,0.834244,B
1,1,0.567863,B
1,1,0.831185,B
1,1,0.621791,B
0,1,0.792811,B
1,1,0.603146,B
1,1,0.599510,B
0,0,0.459358,B
1,1,0.750768,B
1,1,0.842168,B
1,1,0.621116,B
1,1,0.669165,B
1,1,0.873368,B
1,1,0.699094,B
1,1,0.868780,B
1,0,0.416527,B
1,1,0.633746,B
1,1,0.748351,B
0,1,0.593117,B
0,1,0.664029,B
1,1,0.786148,B
0,1,0.591021,B
0,1,0.653039,B
1,1,0.963382,B
1,1,0.564293,B
1,1,0.821221,B
0,1,0.567190,B
1,1,0.954087,B
1,1,0.674946,B
1,1,0.795390,B
1,1,0.864712,B
0,1,0.909016,B
0,1,0.624603,B
1,1,0.907006,B
1,1,0.625757,B
1,1,0.943011,B
1,1,0.745739,B
0,0,0.309587,B
0,1,0.575222,B
1,1,0.820553,B
1,1,0.928177,B
0,1,0.793620,B
0,1,0.852666,B
0,0,0.405525,B
1,1,0.556772,B
0,1,0.582837,B
1,0,0.441317,B
0,1,0.711038,B
1,1,0.813495,B
1,1,0.523962,B
1,1,0.816703,B
0,0,0.418203,B
1,1,0.606702,B
0,1,0.616021,B
1,1,0.862125,B
1,1,0.839656,B
0,1,0.630918,B
1,1,0.727915,B
0,1,0.722993,B
1,1,0.600889,B
1,1,0.790654,B
1,1,0.878257,B
0,1,0.631075,B
1,1,0.686948,B
0,1,0.579342,B
0,0,0.341662,B
1,1,0.612676,B
1,1,0.705990,B
1,1,0.911672,B
1,1,0.858579,B
1,1,0.682783,B
0,1,0.591549,B
1,0,0.495229,B
0,1,0.553584,B
1,1,0.570714,B
0,1,0.739624,B
1,1,0.849561,B
1,1,0.507569,B
1,1,0.912964,B
1,1,0.809635,B
1,1,0.581441,B
1,1,0.942203,B
1,1,0.847416,B
1,1,0.680020,B
1,1,0.636949,B
0,0,0.184080,B
1,1,0.758754,B
1,1,0.698712,B
1,1,0.664735,B
1,1,0.732269,B
0,0,0.311245,B
0,0,0.448321,B
0,1,0.673645,B
0,1,0.644186,B
1,1,0.578853,B
1,1,0.885300,B
0,1,0.875056,B
1,1,0.822784,B
1,1,0.865885,B
0,0,0.343994,B
1,1,0.871417,B
1,1,0.623634,B
1,1,0.765991,B
1,1,0.966520,B
0,1,0.771594,B
1,1,0.797935,B
0,1,0.683819,B
1,1,0.605991,B
1,1,0.664524,B
1,1,0.777507,B
1,1,0.927842,B
1,1,0.625436,B
1,1,0.788932,B
1,1,0.680688,B
1,1,0.708136,B
0,1,0.608177,B
0,1,0.515428,B
1,1,0.816421,B
0,1,0.680804,B
1,1,0.907190,B
0,1,0.553519,B
0,0,0.447832,B
1,1,0.925697,B
1,1,0.977716,B
0,1,0.775763,B
1,1,0.927786,B
0,0,0.453354,B
1,1,0.605591,B
1,1,0.874218,B
1,1,0.759234,B
1,1,0.604406,B
1,1,0.764056,B
1,1,0.672381,B
1,1,0.754508,B
1,1,0.843221,B
0,1,0.587255,B
0,1,0.546364,B
0,0,0.260142,B
1,1,0.766060,B
1,1,0.919421,B
1,1,0.624378,B
1,1,0.849649,B
1,1,0.995708,B
1,1,0.881155,B
0,1,0.701386,B
1,1,0.849006,B
1,1,0.724511,B
1,1,0.598979,B
1,1,0.790253,B
0,1,0.594416,B
1,1,0.615647,B
0,1,0.511232,B
1,1,0.786173,B
1,1,0.721593,B
0,1,0.730093,B
0,0,0.446538,B
1,1,0.855691,B
1,1,0.510793,B
0,0,0.461154,B
0,1,0.605377,B
1,1,0.957714,B
1,1,0.861539,B
0,1,0.701384,B
1,1,0.549068,B
1,1,0.960056,B
1,1,0.818632,B
1,1,0.501272,B
1,1,0.513903,B
1,1,0.950105,B
0,1,0.900433,B
1,1,0.779311,B
0,0,0.460758,B
1,0,0.410109,B
1,1,0.703166,B
0,1,0.764269,B
1,1,0.759757,B
0,1,0.510942,B
1,1,0.904749,B
1,1,0.642611,B
0,1,0.843541,B
1,1,0.719035,B
0,1,0.534450,B
1,1,0.899287,B
1,1,0.672735,B
1,1,0.855790,B
1,1,0.971219,B
0,1,0.533846,B
1,1,0.548878,B
1,1,0.805621,B
1,1,0.872148,B
1,1,0.768272,B
1,1,0.880264,B
0,1,0.551248,B
1,1,0.872024,B
1,1,0.790431,B
0,0,0.318198,B
1,1,0.624778,B
1,1,0.960732,B
0,0,0.446843,B
1,1,0.727936,B
1,1,0.804564,B
1,1,0.717615,B
0,1,0.657017,B
1,1,0.615358,B
1,1,0.836739,B
1,1,0.503226,B
1,1,0.950141,B
1,1,0.590204,B
0,1,0.756535,B
1,1,0.711534,B
0,1,0.730176,B
1,1,0.869020,B
1,1,0.715519,B
0,1,0.799938,B
1,1,0.928303,B
0,1,0.737981,B
1,1,0.557964,B
0,1,0.676217,B
0,1,0.538375,B
1,1,0.567367,B
1,1,0.866346,B
0,1,0.901322,B
1,1,0.882379,B
1,1,0.706321,B
1,1,0.763034,B
1,1,0.730530,B
0,1,0.687890,B
1,1,0.756777,B
1,1,0.844363,B
1,1,0.847107,B
1,0,0.214467,B
0,1,0.523503,B
1,1,0.748300,B
1,1,0.812829,B
1,1,0.883147,B
1,0,0.383050,B
1,1,0.796717,B
1,0,0.474725,B
1,0,0.497130,B
0,1,0.808934,B
1,1,0.677241,B
1,1,0.524705,B
1,1,0.559546,B
0,1,0.790144,B
1,1,0.879752,B
0,1,0.643702,B
1,1,0.953996,B
1,1,0.824292,B
1,1,0.975103,B
1,1,0.855132,B
1,1,0.590782,B
1,1,0.744764,B
1,1,0.534082,B
0,1,0.612080,B
1,0,0.420107,B
1,1,0.955279,B
0,1,0.612875,B
1,1,0.592148,B
1,1,0.963674,B
1,1,0.919856,B
0,0,0.404235,B
1,1,0.840602,B
1,1,0.900600,B
1,1,0.506695,B
0,1,0.741429,B
1,1,0.607871,B
1,1,0.858331,B
1,0,0.451784,B
0,0,0.442751,B
1,1,0.699003,B
1,1,0.768220,B
1,1,0.833034,B
1,1,0.685336,B
0,0,0.449473,B
0,1,0.639230,B
0,0,0.379601,B
1,1,0.553713,B
1,1,0.885250,B
1,1,0.623047,B
1,1,0.756716,B
1,1,0.735773,B
1,1,0.851939,B
1,1,0.646571,B
1,1,0.989253,B
0,0,0.363272,B
1,1,0.928999,B
1,1,0.744303,B
1,1,0.833358,B
1,1,0.807599,B
1,1,0.796460,B
1,1,0.573801,B
1,1,0.918940,B
1,0,0.404608,B
1,1,0.689464,B
1,1,0.823173,B
1,1,0.709585,B
1,0,0.476562,B
1,1,0.910472,B
1,1,0.968239,B
0,1,0.801624,B
1,1,0.747695,B
1,1,0.866022,B
0,1,0.905062,B
1,1,0.787354,B
0,1,0.671915,B
1,1,0.722054,B
1,1,0.801866,B
1,1,0.560601,B
0,0,0.394948,B
0,0,0.468179,B
1,1,0.649299,B
0,1,0.558075,B
1,1,0.747170,B
1,1,0.716518,B
1,1,0.898438,B
0,1,0.607687,B
1,1,0.836989,B
1,1,0.928069,B
1,1,0.637647,B
1,0,0.432228,B
1,0,0.446856,B
1,1,0.673083,B
1,1,0.767416,B
1,1,0.786328,B
1,1,0.892888,B
1,1,0.617168,B
1,1,0.738406,B
1,1,0.806292,B
1,1,0.656037,B
1,1,0.861966,B
0,1,0.550526,B
1,1,0.714393,B
0,1,0.681274,B
1,1,0.517729,B
1,1,0.703323,B
1,1,0.815158,B
0,1,0.830783,B
0,1,0.700137,B
1,1,0.596946,B
1,1,0.824615,B
1,1,0.628776,B
1,1,0.764445,B
1,1,0.952966,B
1,0,0.471102,B
1,1,0.937078,B
1,1,0.912462,B
1,0,0.486364,B
1,1,0.845460,B
1,1,0.787137,B
1,1,0.894825,B
0,1,0.563739,B
1,1,0.913887,B
0,1,0.584818,B
1,1,0.863050,B
0,1,0.673347,B
1,1,0.890979,B
1,1,0.748192,B
1,1,0.934661,B
1,1,0.822723,B
1,1,0.907266,B
1,1,0.976824,B
1,1,0.778957,B
1,1,0.911223,B
1,1,0.988088,B
1,1,0.932455,B
0,1,0.744037,B
1,0,0.348697,B
0,1,0.571106,B
1,1,0.807995,B
0,1,0.530989,B
1,1,0.795139,B
1,1,0.930245,B
1,1,0.839502,B
1,1,0.766204,B
1,1,0.636587,B
1,0,0.479460,B
0,1,0.619807,B
0,1,0.734220,B
1,1,0.753481,B
1,1,0.958912,B
1,1,0.933138,B
0,1,0.833374,B
1,1,0.598575,B
1,1,0.573498,B
1,1,0.903142,B
1,1,0.938725,B
1,1,0.764948,B
1,1,0.982185,B
1,1,0.860554,B
1,1,0.745812,B
0,1,0.764914,B
1,1,0.848666,B
1,1,0.533421,B
1,1,0.786066,B
1,1,0.898613,B
1,1,0.928861,B
1,1,0.751737,B
0,1,0.790373,B
1,1,0.724634,B
1,1,0.686300,B
1,1,0.659302,B
1,1,0.901939,B
0,1,0.693929,B
1,1,0.756355,B
1,1,0.568199,B
1,1,0.654394,B
1,1,0.895011,B
1,1,0.959366,B
0,0,0.432758,B
1,1,0.871413,B
1,1,0.780893,B
0,1,0.561283,B
1,1,0.849375,B
1,1,0.876804,B
1,1,0.852999,B
1,1,0.553670,B
1,1,0.840403,B
1,1,0.564443,B
0,1,0.782632,B
1,1,0.602353,B
0,0,0.472603,B
1,1,0.868348,B
0,0,0.499525,B
0,1,0.718020,B
1,1,0.635135,B
1,1,0.815260,B
1,1,0.764480,B
0,1,0.766591,B
1,1,0.745997,B
0,1,0.726050,B
1,1,0.876411,B
1,1,0.968575,B
1,0,0.394607,B
0,1,0.732190,B
1,1,0.835189,B
1,1,0.905784,B
0,1,0.692645,B
1,1,0.571400,B
1,1,0.877032,B
1,1,0.556830,B
1,1,0.747824,B
1,1,0.885833,B
1,1,0.953807,B
1,1,0.679982,B
0,1,0.868025,B
1,1,0.523777,B
1,1,0.772709,B
0,1,0.600968,B
1,1,0.588770,B
0,0,0.283471,B
1,1,0.962636,B
1,1,0.646961,B
0,1,0.605290,B
0,1,0.504594,B
1,1,0.961535,B
1,1,0.758281,B
1,1,0.678763,B
1,1,0.839294,B
0,1,0.671652,B
1,1,0.691834,B
1,1,0.699584,B
1,1,0.667004,B
1,1,0.832627,B
0,0,0.495688,B
0,1,0.683928,B
1,1,0.542442,B
0,1,0.654218,B
0,1,0.534452,B
1,0,0.321685,B
0,1,0.680508,B
1,0,0.479513,B
1,1,0.845831,B
1,1,0.848031,B
1,1,0.787338,B
1,1,0.939645,B
1,1,0.565467,B
0,1,0.602324,B
1,1,0.795102,B
1,1,0.537216,B
1,1,0.620349,B
0,1,0.503864,B
1,1,0.908490,B
1,1,0.769606,B
1,1,0.940840,B
1,1,0.953753,B
0,1,0.560343,B
0,1,0.748017,B
0,1,0.536539,B
1,1,0.911322,B
0,1,0.976168,B
1,1,0.731097,B
1,1,0.567165,B
1,1,0.782760,B
1,1,0.580867,B
0,1,0.893953,B
0,1,0.824597,B
1,1,0.868221,B
1,1,0.796344,B
1,1,0.923804,B
0,1,0.801478,B
1,1,0.940786,B
0,1,0.661142,B
1,1,0.946639,B
1,1,0.695127,B
1,1,0.551125,B
1,1,0.796313,B
1,1,0.777225,B
1,1,0.858067,B
1,1,0.588986,B
1,1,0.703355,B
1,0,0.393340,B
0,1,0.824151,B
0,0,0.316494,B
1,0,0.431779,B
1,1,0.803658,B
1,1,0.702260,B
1,1,0.907607,B
1,1,0.681158,B
1,1,0.731305,B
1,1,0.771779,B
1,1,0.779730,B
1,1,0.937440,B
0,1,0.819694,B
0,1,0.716570,B
1,0,0.435798,B
1,1,0.599262,B
1,1,0.686213,B
1,1,0.958516,B
0,1,0.532660,B
1,1,0.643113,B
1,1,0.876089,B
1,1,0.604283,B
1,0,0.448061,B
1,1,0.715168,B
1,1,0.686865,B
1,1,0.778998,B
1,1,0.834984,B
0,1,0.809356,B
1,1,0.703141,B
1,1,0.874994,B
1,1,0.841010,B
1,1,0.844573,B
1,1,0.701641,B
1,1,0.697128,B
1,1,0.599567,B
1,1,0.811426,B
1,1,0.713362,B
1,1,0.509842,B
1,1,0.793512,B
1,1,0.900064,B
0,1,0.812202,B
1,1,0.868224,B
1,1,0.919110,B
1,1,0.792098,B
1,1,0.796951,B
1,1,0.935945,B
1,1,0.603351,B
0,1,0.752264,B
0,0,0.499469,B
0,1,0.636383,B
1,1,0.864372,B
0,1,0.616874,B
0,1,0.754310,B
1,1,0.789438,B
1,1,0.524707,B
1,1,0.731241,B
0,1,0.749820,B
1,1,0.726373,B
1,1,0.846355,B
1,1,0.708160,B
1,1,0.855048,B
1,1,0.868924,B
1,1,0.950855,B
1,1,0.529854,B
1,1,0.919309,B
1,1,0.513304,B
1,1,0.690355,B
1,1,0.912258,B
0,0,0.382564,B
0,1,0.758074,B
1,1,0.561741,B
0,0,0.461396,B
1,1,0.743352,B
1,1,0.904578,B
1,1,0.733968,B
0,0,0.269270,B
1,1,0.893432,B
1,1,0.904384,B
1,1,0.643462,B
1,1,0.901048,B
1,1,0.778761,B
1,1,0.947975,B
0,1,0.830179,B
1,1,0.943504,B
1,1,0.642434,B
1,1,0.834257,B
0,1,0.547823,B
0,0,0.428396,B
1,1,0.880926,B
1,1,0.873033,B
1,1,0.772159,B
0,1,0.513041,B
0,1,0.757657,B
0,0,0.425754,B
1,1,0.645868,B
1,1,0.842068,B
0,0,0.250731,B
0,1,0.705804,B
1,1,0.959725,B
0,0,0.446162,B
1,1,0.823185,B
1,1,0.865913,B
1,1,0.737924,B
0,1,0.669155,B
1,1,0.736291,B
0,0,0.446018,B
1,1,0.748063,B
1,1,0.813242,B
0,1,0.829753,B
1,1,0.610102,B
0,0,0.404213,B
1,1,0.927340,B
0,1,0.771614,B
1,1,0.575917,B
0,1,0.768607,B
0,1,0.751746,B
1,1,0.645880,B
1,1,0.817013,B
0,1,0.786551,B
0,1,0.654660,B
1,1,0.818609,B
1,1,0.612086,B
1,1,0.700398,B
1,1,0.840317,B
0,1,0.579762,B
1,1,0.834245,B
1,1,0.552182,B
1,0,0.499985,B
0,1,0.731812,B
0,1,0.944938,B
0,1,0.795443,B
0,1,0.532809,B
1,1,0.771373,B
1,1,0.968505,B
1,1,0.867073,B
1,1,0.817564,B
0,0,0.492896,B
1,1,0.623732,B
0,0,0.479426,B
0,1,0.765329,B
1,1,0.547227,B
0,1,0.660200,B
1,1,0.892580,B
1,1,0.586078,B
0,1,0.647122,B
1,1,0.664069,B
0,1,0.712663,B
1,1,0.944160,B
1,1,0.659333,B
1,1,0.763088,B
1,1,0.901080,B
1,1,0.758725,B
0,0,0.343776,B
1,1,0.580361,B
0,1,0.752574,B
1,1,0.854793,B
1,1,0.895180,B
1,1,0.579490,B
1,1,0.546412,B
0,0,0.453720,B
1,1,0.879786,B
1,1,0.615910,B
1,1,0.813042,B
1,1,0.782945,B
1,1,0.734732,B
0,1,0.808490,B
0,1,0.763225,B
1,1,0.698204,B
0,1,0.792472,B
0,1,0.586752,B
0,1,0.686068,B
1,1,0.544326,B
0,0,0.233948,B
1,1,0.940054,B
1,1,0.810975,B
1,1,0.824539,B
1,1,0.912985,B
0,1,0.749033,B
1,1,0.766706,B
1,1,0.770848,B
0,1,0.610677,B
1,1,0.649791,B
0,1,0.727645,B
1,1,0.818419,B
1,1,0.949673,B
1,1,0.774483,B
1,1,0.763768,B
1,1,0.596474,B
1,1,0.918041,B
1,1,0.906987,B
0,1,0.630005,B
1,1,0.669597,B
0,1,0.872254,B
1,1,0.826518,B
1,1,0.696602,B
1,1,0.900344,B
1,1,0.924075,B
1,1,0.771290,B
0,1,0.624566,B
1,1,0.774464,B
0,1,0.587880,B
0,1,0.731689,B
0,1,0.839237,B
1,1,0.711025,B
1,1,0.538826,B
0,0,0.425266,B
1,1,0.723027,B
1,1,0.779950,B
1,1,0.682079,B
0,1,0.574874,B
1,1,0.910156,B
1,1,0.736380,B
0,1,0.769906,B
1,1,0.896938,B
1,0,0.440700,B
1,1,0.879987,B
0,1,0.717471,B
1,1,0.775480,B
0,1,0.666358,B
1,1,0.874167,B
1,1,0.802619,B
1,1,0.860788,B
1,1,0.734761,B
0,1,0.672366,B
1,1,0.603735,B
0,1,0.752739,B
1,1,0.826467,B
1,1,0.722439,B
0,1,0.739415,B
1,1,0.510423,B
0,1,0.859654,B
1,1,0.940730,B
1,1,0.798182,B
1,1,0.956586,B
1,1,0.697237,B
1,1,0.894548,B
1,1,0.749064,B
1,1,0.606178,B
0,1,0.871928,B
1,1,0.826622,B
0,1,0.743246,B
0,1,0.739034,B
0,1,0.770838,B
1,1,0.605616,B
1,1,0.535634,B
1,1,0.795537,B
0,1,0.532890,B
1,1,0.589421,B
1,1,0.578675,B
1,1,0.809750,B
0,1,0.575600,B
1,1,0.799330,B
0,1,0.741650,B
1,1,0.833476,B
0,0,0.484186,B
1,1,0.891540,B
1,1,0.730364,B
0,1,0.584238,B
1,1,0.777739,B
1,1,0.954510,B
1,1,0.686739,B
1,1,0.627726,B
1,1,0.969609,B
1,1,0.622036,B
1,1,0.744274,B
1,1,0.615053,B
0,1,0.569166,B
0,1,0.561318,B
1,1,0.727124,B
1,1,0.923975,B
1,1,0.722640,B
1,1,0.941426,B
1,1,0.886585,B
0,0,0.465462,B
1,1,0.920643,B
1,1,0.839025,B
1,1,0.767373,B
1,1,0.823466,B
1,1,0.713013,B
0,1,0.610645,B
1,1,0.955948,B
0,0,0.456814,B
1,1,0.862642,B
1,1,0.739758,B
1,1,0.707668,B
1,1,0.590133,B
1,1,0.921009,B
1,0,0.413053,B
0,1,0.658041,B
1,1,0.839828,B
1,1,0.830619,B
1,1,0.628639,B
1,1,0.572453,B
0,1,0.601286,B
1,1,0.970941,B
1,1,0.659958,B
0,1,0.501183,B
0,1,0.554063,B
0,1,0.841963,B
1,1,0.853996,B
1,1,0.900052,B
1,1,0.818611,B
1,1,0.605018,B
1,1,0.531929,B
1,1,0.768804,B
1,1,0.968384,B
1,1,0.503326,B
0,1,0.812259,B
1,1,0.803379,B
0,1,0.522762,B
0,1,0.866520,B
1,1,0.913337,B
1,1,0.891759,B
0,1,0.649118,B
1,1,0.828083,B
1,1,0.950322,B
0,1,0.704254,B
1,1,0.710113,B
1,1,0.707293,B
0,0,0.448325,B
0,1,0.633333,B
0,0,0.387889,B
1,1,0.677779,B
1,1,0.559146,B
1,1,0.567686,B
0,0,0.355296,B
1,1,0.733407,B
0,1,0.710895,B
1,1,0.797855,B
1,1,0.867044,B
0,1,0.856905,B
1,1,0.787076,B
1,1,0.829230,B
0,1,0.710014,B
1,1,0.525564,B
0,0,0.308176,B
1,1,0.939554,B
1,1,0.668857,B
1,1,0.825822,B
1,1,0.691161,B
0,0,0.456415,B
0,0,0.499933,B
0,1,0.832682,B
1,1,0.804792,B
0,1,0.620108,B
1,1,0.671378,B
0,1,0.639782,B
1,1,0.622057,B
1,1,0.650774,B
1,1,0.721402,B
1,1,0.919084,B
0,0,0.303845,B
0,1,0.771725,B
0,0,0.487821,B
1,0,0.463723,B
1,1,0.636895,B
0,1,0.715106,B
1,1,0.833146,B
1,1,0.956291,B
1,1,0.942271,B
1,1,0.856230,B
1,1,0.509352,B
1,1,0.810447,B
1,1,0.898033,B
1,1,0.726003,B
1,1,0.764379,B
1,1,0.564921,B
1,1,0.508329,B
1,1,0.899240,B
0,1,0.834016,B
0,0,0.321533,B
1,1,0.751326,B
1,1,0.646428,B
1,1,0.937735,B
1,1,0.949266,B
1,1,0.842645,B
1,1,0.800019,B
1,1,0.674146,B
0,1,0.890115,B
1,1,0.844246,B
1,1,0.777237,B
1,1,0.897188,B
1,1,0.774960,B
0,0,0.354937,B
1,1,0.647345,B
1,0,0.490984,B
1,1,0.670023,B
1,1,0.736902,B
0,1,0.747312,B
1,1,0.820435,B
1,1,0.732748,B
1,1,0.809517,B
1,1,0.874038,B
1,1,0.867006,B
1,1,0.742019,B
1,1,0.636545,B
1,1,0.840217,B
1,1,0.884672,B
1,0,0.469779,B
0,1,0.832182,B
0,1,0.679027,B
1,1,0.600722,B
1,1,0.944193,B
1,1,0.645072,B
1,1,0.983525,B
1,1,0.949682,B
1,1,0.777812,B
0,1,0.785094,B
1,1,0.908976,B
1,1,0.898647,B
1,1,0.742591,B
1,1,0.549778,B
1,1,0.507555,B
1,1,0.881178,B
1,1,0.709653,B
0,1,0.517354,B
1,1,0.845094,B
1,1,0.683458,B
0,1,0.623750,B
1,1,0.828396,B
1,1,0.588369,B
1,1,0.675906,B
1,1,0.962986,B
0,1,0.631821,B
1,1,0.670882,B
0,1,0.693171,B
1,1,0.972324,B
1,1,0.796681,B
1,1,0.647263,B
1,1,0.827456,B
0,1,0.848166,B
1,1,0.610652,B
1,1,0.819667,B
1,1,0.596317,B
1,1,0.840051,B
1,1,0.697064,B
1,1,0.885081,B
1,1,0.819649,B
0,1,0.714974,B
1,1,0.842578,B
1,1,0.584813,B
1,1,0.709221,B
1,1,0.531214,B
1,1,0.825784,B
1,1,0.700038,B
1,1,0.760664,B
1,1,0.670996,B
0,1,0.621747,B
1,1,0.746636,B
0,1,0.842455,B
1,1,0.946701,B
1,1,0.780811,B
0,1,0.615138,B
0,1,0.519770,B
1,1,0.786285,B
0,1,0.656868,B
1,1,0.700505,B
0,1,0.731662,B
1,0,0.338477,B
0,1,0.520273,B
0,1,0.614135,B
1,0,0.472135,B
1,1,0.886525,B
1,1,0.743464,B
1,1,0.807194,B
1,1,0.547654,B
1,1,0.586119,B
1,1,0.619915,B
1,1,0.871401,B
0,1,0.711474,B
0,0,0.413236,B
0,1,0.858862,B
1,1,0.891543,B
1,0,0.356320,B
1,1,0.701305,B
1,1,0.823986,B
0,1,0.792032,B
0,1,0.596542,B
0,1,0.823805,B
1,1,0.906521,B
1,1,0.811191,B
1,1,0.518279,B
0,1,0.661506,B
1,1,0.807011,B
1,1,0.919463,B
0,1,0.585301,B
1,1,0.613347,B
1,1,0.771391,B
1,1,0.926424,B
0,1,0.737510,B
1,1,0.832838,B
0,1,0.945481,B
0,1,0.696113,B
1,1,0.820498,B
1,1,0.776553,B
1,1,0.853102,B
1,1,0.736412,B
1,1,0.722465,B
1,1,0.692424,B
1,1,0.966078,B
1,1,0.624928,B
0,1,0.678847,B
0,1,0.753503,B
