y_true,y_pred,score,group
1,0,0.427378,A
0,0,0.258190,A
1,0,0.485756,A
1,0,0.259152,A
0,0,0.355411,A
0,1,0.588563,A
1,1,0.731365,A
1,1,0.598225,A
0,0,0.443301,A
0,0,0.294198,A
0,0,0.165289,A
0,0,0.348903,A
1,1,0.674428,A
0,1,0.713555,A
1,1,0.746944,A
0,0,0.233003,A
0,0,0.344063,A
0,1,0.582502,A
1,1,0.729969,A
1,0,0.479165,A
1,1,0.660602,A
1,1,0.698073,A
0,1,0.524009,A
1,1,0.513041,A
1,0,0.222228,A
1,0,0.355644,A
1,1,0.797834,A
0,0,0.417646,A
0,0,0.409384,A
1,1,0.507368,A
0,1,0.532404,A
0,0,0.340931,A
1,0,0.282888,A
1,0,0.317845,A
0,0,0.495489,A
1,1,0.840692,A
1,0,0.412088,A
0,0,0.362548,A
1,1,0.733030,A
1,1,0.655271,A
1,1,0.709627,A
1,1,0.569184,A
1,1,0.540107,A
1,1,0.606768,A
0,0,0.381853,A
0,1,0.506704,A
1,0,0.402937,A
0,1,0.675268,A
1,1,0.533024,A
1,0,0.161388,A
1,1,0.778363,A
0,0,0.404731,A
0,0,0.400512,A
0,1,0.641147,A
0,1,0.593467,A
0,0,0.292878,A
0,1,0.539532,A
1,1,0.824659,A
0,0,0.114243,A
1,0,0.392041,A
1,0,0.490509,A
0,0,0.384703,A
0,1,0.710090,A
1,0,0.477030,A
0,0,0.324663,A
1,1,0.651256,A
1,1,0.865322,A
0,0,0.334612,A
0,0,0.235315,A
1,1,0.931214,A
0,0,0.420789,A
0,0,0.233729,A
0,0,0.384763,A
0,0,0.174848,A
1,1,0.872023,A
1,1,0.561420,A
0,1,0.549775,A
0,1,0.524812,A
0,1,0.521482,A
1,1,0.725210,A
1,1,0.571916,A
1,0,0.466607,A
0,1,0.539588,A
0,0,0.386532,A
1,0,0.182553,A
1,0,0.490924,A
0,0,0.467324,A
1,1,0.836478,A
0,0,0.459663,A
1,0,0.384022,A
0,1,0.603363,A
0,0,0.292072,A
0,0,0.270830,A
1,0,0.308946,A
1,1,0.847747,A
1,1,0.595892,A
1,0,0.349048,A
1,1,0.517264,A
1,1,0.692824,A
0,0,0.480673,A
0,0,0.470825,A
1,0,0.374590,A
0,0,0.418871,A
0,0,0.301869,A
0,1,0.508144,A
1,1,0.631856,A
1,0,0.284446,A
0,0,0.466085,A
1,0,0.280979,A
0,1,0.581454,A
1,1,0.518845,A
1,1,0.577637,A
0,0,0.231588,A
1,1,0.876272,A
1,1,0.606871,A
1,1,0.534413,A
0,0,0.199952,A
1,1,0.713691,A
0,0,0.263970,A
1,1,0.703788,A
0,0,0.353283,A
0,0,0.478939,A
1,1,0.733999,A
0,1,0.542013,A
1,1,0.678844,A
0,0,0.479673,A
0,0,0.364734,A
1,1,0.640474,A
0,1,0.581274,A
1,0,0.411604,A
1,0,0.376785,A
1,1,0.636320,A
1,1,0.745027,A
1,1,0.819607,A
0,0,0.499858,A
1,0,0.281084,A
0,1,0.597743,A
1,1,0.534508,A
1,1,0.584818,A
0,1,0.502560,A
0,1,0.629218,A
1,1,0.649563,A
1,1,0.657452,A
1,1,0.714877,A
1,1,0.605393,A
0,1,0.677394,A
0,0,0.469557,A
0,1,0.628272,A
1,1,0.750634,A
0,1,0.733176,A
1,1,0.670655,A
1,1,0.670573,A
1,0,0.434147,A
1,1,0.519432,A
1,0,0.158900,A
1,0,0.389023,A
0,1,0.515205,A
1,1,0.582081,A
0,0,0.426571,A
1,1,0.532673,A
1,1,0.636476,A
0,0,0.268683,A
1,1,0.755753,A
0,1,0.632518,A
0,0,0.310615,A
1,1,0.845802,A
1,0,0.494916,A
1,1,0.527868,A
0,0,0.166186,A
1,0,0.463483,A
1,0,0.315307,A
1,0,0.354293,A
1,1,0.852792,A
1,1,0.746920,A
1,1,0.817624,A
0,1,0.617048,A
0,1,0.667767,A
1,1,0.601604,A
1,1,0.723603,A
0,0,0.488384,A
1,1,0.591717,A
0,0,0.331523,A
0,0,0.449607,A
0,1,0.550609,A
1,1,0.589251,A
1,1,0.896282,A
0,1,0.647627,A
0,0,0.363744,A
0,0,0.111131,A
1,1,0.673554,A
1,1,0.713958,A
1,0,0.482657,A
0,1,0.524819,A
1,1,0.804946,A
1,1,0.582245,A
1,0,0.332633,A
0,1,0.602837,A
1,1,0.756311,A
0,1,0.684014,A
1,0,0.394323,A
0,1,0.541523,A
0,1,0.601255,A
1,0,0.383609,A
1,1,0.540567,A
0,0,0.490445,A
1,1,0.506570,A
1,0,0.487619,A
0,1,0.673334,A
1,0,0.498414,A
1,0,0.486836,A
1,1,0.631458,A
1,0,0.325684,A
0,1,0.605120,A
1,1,0.586606,A
1,1,0.706228,A
0,0,0.397136,A
1,1,0.663544,A
0,0,0.480433,A
0,0,0.455479,A
0,1,0.660831,A
0,0,0.370080,A
0,0,0.439905,A
1,1,0.629804,A
0,0,0.101703,A
1,1,0.713034,A
0,0,0.439952,A
0,1,0.519616,A
0,1,0.676458,A
0,0,0.304022,A
0,0,0.444246,A
1,1,0.517326,A
0,1,0.529497,A
1,1,0.590644,A
1,1,0.875420,A
0,0,0.191298,A
1,0,0.206652,A
1,0,0.378419,A
0,0,0.487792,A
0,0,0.357649,A
1,0,0.375910,A
0,1,0.503474,A
0,1,0.590009,A
1,1,0.524706,A
1,0,0.453958,A
0,0,0.256624,A
0,0,0.277887,A
1,0,0.425220,A
1,1,0.752707,A
1,0,0.255814,A
0,1,0.709621,A
0,1,0.505481,A
0,0,0.409244,A
1,0,0.498813,A
1,1,0.502118,A
0,0,0.371981,A
0,1,0.624603,A
1,1,0.713632,A
1,0,0.290555,A
1,1,0.669634,A
0,0,0.326966,A
1,0,0.265532,A
1,0,0.194986,A
1,0,0.236171,A
0,0,0.218641,A
0,0,0.256055,A
0,0,0.452219,A
0,0,0.499466,A
1,0,0.494606,A
0,1,0.881867,A
0,0,0.401738,A
0,1,0.515620,A
1,1,0.514718,A
0,1,0.640730,A
1,1,0.647527,A
0,0,0.440084,A
0,0,0.349947,A
1,0,0.366629,A
1,1,0.747373,A
1,0,0.252050,A
0,0,0.405691,A
1,1,0.634534,A
1,0,0.406082,A
0,1,0.527095,A
1,1,0.571752,A
0,0,0.478856,A
1,1,0.685254,A
0,0,0.313196,A
0,1,0.712044,A
1,1,0.890693,A
1,0,0.461372,A
0,1,0.658644,A
1,0,0.384049,A
1,1,0.599510,A
0,0,0.221576,A
1,0,0.380928,A
0,0,0.290505,A
1,1,0.594839,A
1,1,0.670753,A
0,0,0.181843,A
1,1,0.731760,A
0,1,0.601629,A
1,1,0.682966,A
1,1,0.825299,A
1,1,0.530553,A
1,0,0.371171,A
1,1,0.559631,A
0,0,0.361620,A
0,0,0.469424,A
1,1,0.969477,A
1,1,0.751060,A
1,1,0.608161,A
1,1,0.700251,A
1,1,0.864191,A
1,1,0.581214,A
0,1,0.726316,A
1,1,0.693434,A
0,0,0.206613,A
1,0,0.189416,A
0,0,0.421795,A
0,0,0.319854,A
1,1,0.784479,A
0,0,0.301172,A
0,0,0.442939,A
0,0,0.472073,A
0,1,0.680485,A
0,0,0.351657,A
0,0,0.455164,A
0,0,0.337976,A
0,0,0.467349,A
1,1,0.533883,A
0,1,0.650721,A
1,1,0.811193,A
0,0,0.458314,A
1,0,0.351440,A
1,1,0.825531,A
1,0,0.467045,A
0,0,0.264126,A
0,0,0.073310,A
1,1,0.692900,A
1,1,0.607126,A
0,0,0.430429,A
0,1,0.500134,A
1,1,0.666820,A
0,0,0.112433,A
1,0,0.465587,A
0,1,0.571207,A
0,0,0.261343,A
1,1,0.863539,A
1,1,0.588263,A
0,0,0.261067,A
0,0,0.476187,A
1,1,0.610197,A
0,0,0.231926,A
0,0,0.330158,A
1,1,0.730425,A
1,0,0.373896,A
0,0,0.436930,A
1,0,0.260340,A
1,1,0.584117,A
1,1,0.752441,A
0,0,0.417566,A
1,1,0.509777,A
1,1,0.562541,A
0,0,0.392449,A
1,1,0.554670,A
0,0,0.113380,A
0,0,0.483260,A
0,0,0.457742,A
0,0,0.306794,A
1,0,0.413358,A
1,1,0.664337,A
1,1,0.528349,A
0,1,0.529555,A
0,0,0.150365,A
0,0,0.424727,A
1,1,0.649101,A
0,0,0.420305,A
1,0,0.498854,A
0,0,0.429477,A
1,1,0.736593,A
1,1,0.554444,A
0,1,0.647543,A
1,1,0.721521,A
0,0,0.448681,A
0,0,0.475370,A
0,0,0.221221,A
1,0,0.403116,A
1,0,0.138263,A
0,0,0.327345,A
1,0,0.345411,A
1,1,0.748040,A
0,1,0.534340,A
1,1,0.802621,A
1,0,0.307535,A
0,0,0.319884,A
0,0,0.255302,A
1,1,0.595406,A
0,0,0.472385,A
1,0,0.398847,A
0,0,0.441177,A
1,1,0.617649,A
0,0,0.495089,A
0,1,0.592330,A
1,0,0.212339,A
1,1,0.768288,A
0,0,0.184143,A
1,0,0.340270,A
1,0,0.445581,A
0,0,0.237168,A
0,0,0.335578,A
0,0,0.330213,A
1,1,0.955970,A
1,1,0.626250,A
0,0,0.168980,A
1,1,0.754976,A
1,1,0.818602,A
0,1,0.640301,A
0,0,0.181803,A
0,1,0.783847,A
0,0,0.349889,A
1,1,0.680080,A
1,1,0.523123,A
0,0,0.316037,A
0,0,0.352269,A
0,0,0.467526,A
1,1,0.973224,A
0,0,0.167492,A
0,1,0.695397,A
0,1,0.756170,A
1,1,0.566905,A
0,1,0.568856,A
0,1,0.667229,A
1,0,0.401805,A
1,0,0.340453,A
0,1,0.574386,A
0,1,0.529261,A
0,1,0.565729,A
0,1,0.693580,A
1,0,0.187243,A
1,1,0.699712,A
1,1,0.660030,A
0,0,0.273654,A
1,0,0.384047,A
1,0,0.470209,A
0,0,0.332950,A
1,1,0.673511,A
0,0,0.309911,A
0,1,0.630323,A
1,1,0.760763,A
1,1,0.817253,A
1,1,0.913304,A
0,1,0.671910,A
1,0,0.370437,A
0,1,0.792477,A
0,1,0.540382,A
0,1,0.578440,A
0,0,0.380979,A
1,1,0.850811,A
0,0,0.477022,A
0,0,0.246788,A
1,1,0.532680,A
0,0,0.458278,A
1,1,0.712819,A
0,0,0.384457,A
1,1,0.523428,A
0,0,0.482465,A
0,1,0.546556,A
0,0,0.441878,A
1,1,0.784437,A
0,1,0.545643,A
1,1,0.819605,A
0,1,0.617262,A
0,1,0.655081,A
0,0,0.420679,A
0,0,0.300045,A
0,0,0.445620,A
1,1,0.708432,A
0,0,0.263076,A
1,1,0.757680,A
0,0,0.287225,A
1,1,0.729704,A
1,1,0.507343,A
1,0,0.192005,A
1,0,0.222905,A
0,0,0.398193,A
1,1,0.660973,A
0,1,0.796633,A
1,0,0.456084,A
0,0,0.491158,A
1,1,0.777271,A
1,1,0.565480,A
1,1,0.707355,A
0,0,0.445712,A
0,0,0.432311,A
1,1,0.749216,A
0,1,0.698865,A
1,1,0.666511,A
0,1,0.883007,A
1,1,0.632390,A
1,0,0.247724,A
1,1,0.565561,A
0,1,0.534316,A
1,1,0.744563,A
1,1,0.626878,A
1,1,0.766199,A
1,1,0.720410,A
0,1,0.863786,A
1,1,0.542038,A
0,1,0.638617,A
0,1,0.581776,A
1,1,0.526758,A
0,1,0.663076,A
0,1,0.625977,A
0,1,0.570585,A
1,0,0.496075,A
0,0,0.312048,A
0,0,0.462876,A
0,0,0.179255,A
0,1,0.557389,A
1,0,0.466484,A
0,0,0.461420,A
0,0,0.302707,A
1,1,0.783389,A
0,0,0.359300,A
1,0,0.270324,A
0,1,0.779251,A
1,1,0.517706,A
1,1,0.742282,A
0,0,0.492272,A
1,0,0.278912,A
1,1,0.788726,A
1,0,0.482600,A
0,0,0.353744,A
1,1,0.681796,A
0,0,0.356919,A
0,0,0.438204,A
1,0,0.382727,A
0,1,0.626857,A
1,1,0.633828,A
0,1,0.842229,A
1,0,0.420035,A
0,1,0.552396,A
1,0,0.461930,A
0,1,0.729057,A
0,1,0.717654,A
0,1,0.508132,A
0,0,0.161587,A
0,0,0.351836,A
0,1,0.598949,A
0,0,0.082502,A
0,0,0.342614,A
0,0,0.301304,A
1,1,0.813081,A
0,1,0.738546,A
0,0,0.250802,A
0,0,0.452102,A
1,0,0.384010,A
0,1,0.555034,A
0,1,0.727550,A
0,0,0.279074,A
0,1,0.587311,A
0,1,0.616257,A
1,1,0.833462,A
1,0,0.412797,A
0,1,0.580499,A
0,0,0.299669,A
0,0,0.182606,A
0,0,0.481280,A
1,1,0.661767,A
1,1,0.766171,A
0,0,0.206145,A
1,1,0.651280,A
1,1,0.716162,A
0,0,0.458240,A
1,1,0.721200,A
1,1,0.754091,A
1,1,0.705870,A
1,1,0.664349,A
1,1,0.854392,A
0,1,0.516051,A
1,1,0.714618,A
1,1,0.618172,A
0,1,0.550045,A
1,1,0.556098,A
0,0,0.096693,A
1,1,0.612531,A
0,0,0.407987,A
0,1,0.523769,A
1,1,0.619821,A
1,1,0.781192,A
0,0,0.263645,A
1,1,0.723976,A
0,0,0.162767,A
1,0,0.419986,A
0,0,0.135628,A
0,0,0.268676,A
1,1,0.705406,A
0,0,0.471589,A
0,1,0.555930,A
0,0,0.292929,A
0,0,0.281058,A
0,1,0.562783,A
1,1,0.528339,A
1,1,0.500336,A
1,1,0.749164,A
0,0,0.377018,A
0,1,0.577660,A
0,1,0.753237,A
0,0,0.349294,A
1,1,0.600884,A
0,0,0.235589,A
1,1,0.693265,A
0,0,0.358941,A
0,1,0.537299,A
1,0,0.336047,A
1,0,0.323628,A
1,1,0.819875,A
1,0,0.347556,A
0,0,0.326742,A
1,1,0.539456,A
1,1,0.524119,A
1,1,0.586436,A
0,1,0.568568,A
0,0,0.189361,A
1,1,0.670236,A
1,1,0.641626,A
0,0,0.374246,A
1,1,0.500189,A
0,1,0.562157,A
0,1,0.704391,A
1,1,0.745951,A
0,1,0.721699,A
0,0,0.352744,A
1,0,0.477532,A
1,1,0.560448,A
1,1,0.709447,A
0,0,0.469124,A
1,0,0.308737,A
0,0,0.376858,A
0,0,0.245576,A
0,0,0.303157,A
0,1,0.730950,A
1,1,0.602604,A
1,0,0.428139,A
0,0,0.451102,A
1,0,0.415487,A
1,1,0.537462,A
1,0,0.430762,A
1,0,0.498429,A
1,1,0.751039,A
0,0,0.262857,A
0,0,0.450464,A
1,1,0.669222,A
1,1,0.508289,A
0,1,0.732476,A
0,1,0.545145,A
0,0,0.103207,A
1,1,0.688000,A
0,0,0.323002,A
1,1,0.522297,A
1,1,0.561149,A
0,0,0.346886,A
0,0,0.430291,A
1,1,0.524182,A
0,0,0.320407,A
1,1,0.610913,A
1,1,0.625108,A
0,1,0.821163,A
0,0,0.497683,A
0,0,0.333903,A
0,0,0.414234,A
1,1,0.695886,A
0,0,0.407629,A
0,1,0.562234,A
1,1,0.522045,A
0,1,0.561055,A
0,1,0.621307,A
0,0,0.193630,A
0,0,0.288673,A
1,1,0.705535,A
1,1,0.545591,A
1,1,0.625388,A
0,0,0.197541,A
1,1,0.626600,A
0,1,0.822296,A
1,0,0.288158,A
0,0,0.492320,A
1,1,0.838716,A
1,0,0.414897,A
1,1,0.531786,A
0,0,0.472437,A
1,0,0.460923,A
1,0,0.450279,A
1,1,0.570462,A
1,0,0.437356,A
1,1,0.881407,A
1,1,0.692883,A
0,0,0.260142,A
0,0,0.396166,A
0,0,0.355384,A
0,1,0.501410,A
1,0,0.401002,A
1,1,0.573558,A
0,1,0.524305,A
0,0,0.305531,A
0,0,0.243866,A
0,1,0.578366,A
1,1,0.733137,A
0,0,0.261608,A
1,0,0.408184,A
1,1,0.568840,A
0,0,0.320681,A
1,0,0.330640,A
1,0,0.270285,A
1,1,0.592406,A
1,1,0.833306,A
0,0,0.195615,A
1,0,0.393095,A
0,0,0.325989,A
0,1,0.820990,A
0,0,0.389290,A
1,0,0.469890,A
0,0,0.431270,A
1,1,0.748123,A
0,0,0.346985,A
1,0,0.461104,A
0,0,0.263769,A
0,1,0.599351,A
1,1,0.518310,A
1,1,0.514914,A
0,0,0.309916,A
0,1,0.672055,A
0,1,0.552947,A
0,0,0.274170,A
0,0,0.317836,A
1,1,0.606329,A
1,1,0.552580,A
0,1,0.568004,A
1,0,0.356247,A
1,0,0.441037,A
0,0,0.452871,A
0,0,0.358052,A
1,1,0.579341,A
0,0,0.338693,A
1,0,0.499592,A
1,0,0.268257,A
1,1,0.507531,A
0,0,0.192737,A
1,1,0.829158,A
1,1,0.893275,A
1,1,0.651982,A
0,0,0.493842,A
0,1,0.526240,A
1,0,0.433883,A
1,1,0.722253,A
0,0,0.216028,A
1,0,0.450945,A
0,1,0.527595,A
0,0,0.367053,A
0,0,0.280313,A
0,0,0.384965,A
1,1,0.587593,A
1,0,0.480956,A
0,0,0.205355,A
0,1,0.555804,A
1,0,0.444445,A
0,1,0.603691,A
1,0,0.453970,A
0,0,0.232686,A
0,1,0.511881,A
1,1,0.580133,A
1,1,0.905049,A
0,1,0.586458,A
0,0,0.231392,A
0,1,0.657382,A
1,0,0.389546,A
0,0,0.329758,A
1,0,0.182293,A
1,1,0.950078,A
1,1,0.759786,A
1,1,0.559303,A
0,0,0.108648,A
1,0,0.416577,A
1,1,0.827585,A
1,0,0.380344,A
1,1,0.573289,A
0,0,0.343686,A
1,1,0.876428,A
1,0,0.478359,A
1,0,0.482413,A
0,0,0.401210,A
0,0,0.090494,A
0,1,0.716135,A
1,0,0.306725,A
0,0,0.338816,A
1,0,0.429991,A
0,0,0.303732,A
1,1,0.576100,A
1,1,0.743400,A
1,1,0.551944,A
1,1,0.534971,A
0,1,0.688109,A
0,0,0.378356,A
1,1,0.653005,A
1,0,0.493064,A
1,0,0.430618,A
1,0,0.343905,A
0,0,0.206779,A
0,0,0.255546,A
1,1,0.539427,A
1,0,0.431941,A
0,0,0.417864,A
1,1,0.520656,A
1,0,0.282472,A
0,0,0.489171,A
1,1,0.840817,A
0,0,0.108593,A
1,1,0.535482,A
0,0,0.286917,A
1,0,0.159102,A
1,0,0.323589,A
0,0,0.464080,A
0,1,0.647301,A
1,0,0.413285,A
0,0,0.255375,A
1,1,0.720755,A
0,0,0.420604,A
1,1,0.768440,A
1,1,0.660304,A
1,1,0.682019,A
0,0,0.389580,A
1,1,0.825758,A
1,1,0.782729,A
0,0,0.192197,A
1,1,0.588543,A
0,0,0.364092,A
0,0,0.308370,A
1,0,0.128158,A
0,0,0.493847,A
1,1,0.772688,A
1,1,0.600280,A
1,0,0.143831,A
1,1,0.648328,A
0,0,0.445757,A
1,1,0.887028,A
0,0,0.160715,A
1,0,0.358061,A
1,0,0.138635,A
0,0,0.254941,A
0,1,0.709315,A
0,0,0.427002,A
0,0,0.404783,A
0,0,0.381020,A
0,0,0.458495,A
1,0,0.410548,A
0,0,0.273711,A
0,0,0.188280,A
0,0,0.149547,A
0,1,0.550122,A
0,0,0.437447,A
1,1,0.587263,A
0,0,0.344573,A
1,0,0.466332,A
0,0,0.467970,A
0,1,0.665826,A
1,1,0.600172,A
0,1,0.533847,A
0,0,0.366471,A
1,0,0.227226,A
1,1,0.553116,A
1,0,0.476414,A
1,1,0.673429,A
1,1,0.500263,A
1,0,0.327385,A
0,0,0.398015,A
1,0,0.254156,A
1,0,0.321665,A
1,1,0.522282,A
0,0,0.431263,A
0,0,0.355172,A
1,1,0.746141,A
0,0,0.395404,A
0,1,0.748448,A
1,1,0.665067,A
1,0,0.437577,A
0,1,0.620346,A
0,0,0.161865,A
0,0,0.332190,A
1,0,0.469188,A
0,1,0.515161,A
1,0,0.379988,A
0,0,0.325356,A
1,1,0.585742,A
1,0,0.384563,A
0,0,0.438380,A
1,1,0.713863,A
0,1,0.585632,A
1,1,0.910306,A
1,0,0.494101,A
1,1,0.638893,A
1,0,0.349740,A
1,1,0.603738,A
0,1,0.678450,A
0,0,0.318000,A
1,1,0.693116,A
1,1,0.608011,A
1,1,0.652494,A
0,0,0.239158,A
1,0,0.415591,A
0,1,0.515181,A
0,1,0.511232,A
0,1,0.788921,A
0,1,0.569845,A
0,0,0.194747,A
0,0,0.369208,A
1,1,0.683187,A
0,1,0.596887,A
1,0,0.392994,A
0,0,0.492972,A
0,1,0.630758,A
1,1,0.799310,A
0,0,0.307591,A
1,1,0.676082,A
1,1,0.675609,A
1,1,0.661411,A
0,0,0.227847,A
1,1,0.711349,A
0,1,0.516911,A
0,0,0.451058,A
1,0,0.438289,A
1,1,0.699177,A
1,1,0.759947,A
0,0,0.231862,A
0,0,0.479208,A
0,0,0.414973,A
0,1,0.680777,A
1,1,0.559299,A
0,0,0.338292,A
1,1,0.639288,A
1,1,0.718839,A
1,0,0.329765,A
0,1,0.506367,A
1,1,0.643112,A
1,1,0.768017,A
0,0,0.499414,A
1,0,0.452424,A
1,1,0.622504,A
0,0,0.402599,A
1,0,0.490629,A
1,1,0.607180,A
1,0,0.408587,A
1,1,0.660575,A
1,1,0.745742,A
0,0,0.281059,A
1,1,0.820869,A
0,0,0.252711,A
0,1,0.783347,A
1,0,0.290261,A
0,1,0.686392,A
0,1,0.590311,A
1,0,0.299987,A
1,1,0.718306,A
0,0,0.111976,A
0,0,0.148209,A
1,0,0.413224,A
0,0,0.358547,A
1,1,0.573368,A
0,0,0.305283,A
1,1,0.576625,A
1,1,0.725632,A
0,1,0.543898,A
0,1,0.634109,A
0,0,0.363992,A
1,1,0.636312,A
1,1,0.589090,A
0,1,0.571989,A
1,1,0.631841,A
0,0,0.379664,A
1,1,0.543714,A
0,1,0.790866,A
0,1,0.602455,A
1,1,0.640619,A
0,0,0.246964,A
0,1,0.704991,A
1,1,0.765126,A
1,1,0.786692,A
1,1,0.746420,A
1,0,0.299902,A
1,1,0.589952,A
1,0,0.274406,A
1,0,0.433473,A
1,0,0.276354,A
1,1,0.715520,A
1,1,0.759258,A
0,0,0.253721,A
0,0,0.185412,A
0,0,0.247875,A
1,1,0.725730,A
0,1,0.655227,A
0,0,0.350387,A
1,1,0.634941,A
1,1,0.716723,A
1,1,0.675941,A
1,1,0.573594,A
1,1,0.720425,A
1,1,0.766542,A
0,0,0.132121,A
1,0,0.445914,A
1,1,0.690692,A
1,1,0.537538,A
0,1,0.649886,A
1,0,0.485618,A
0,0,0.396599,A
0,0,0.212867,A
0,0,0.457255,A
0,1,0.542644,A
0,0,0.468720,A
0,0,0.394147,A
1,1,0.739963,A
1,1,0.639606,A
1,0,0.364185,A
1,1,0.739768,A
1,0,0.227474,A
1,1,0.705941,A
0,0,0.095695,A
1,1,0.717164,A
1,1,0.558653,A
1,0,0.328548,A
1,0,0.338553,A
1,0,0.482113,A
0,0,0.273558,A
0,0,0.393653,A
1,1,0.851919,A
1,1,0.829603,A
1,0,0.456270,A
1,1,0.615761,A
0,1,0.646402,A
0,0,0.134454,A
0,0,0.491076,A
1,1,0.836962,A
1,0,0.358797,A
1,1,0.717568,A
0,0,0.255105,A
0,1,0.824096,A
0,1,0.531318,A
1,1,0.741749,A
1,0,0.457304,A
1,1,0.820064,A
0,0,0.308737,A
1,1,0.537916,A
1,1,0.623514,A
0,0,0.354792,A
0,0,0.288188,A
1,1,0.657599,A
1,0,0.269793,A
0,0,0.070661,A
0,1,0.858397,A
0,0,0.325948,A
1,1,0.658567,A
1,0,0.374773,A
0,0,0.362179,A
1,1,0.780160,A
0,1,0.511907,A
1,0,0.319465,A
0,0,0.410824,A
0,0,0.401088,A
1,1,0.811079,A
0,0,0.124903,A
1,1,0.513065,A
0,0,0.402288,A
1,1,0.508615,A
0,0,0.361064,A
0,0,0.360671,A
0,0,0.246973,A
0,1,0.616789,A
0,1,0.718602,A
0,1,0.524999,A
0,1,0.936769,A
0,0,0.308232,A
0,1,0.543050,A
1,1,0.591859,A
1,1,0.549028,A
1,1,0.560193,A
1,1,0.677672,A
0,1,0.559601,A
1,1,0.824122,A
1,1,0.776236,A
1,0,0.403698,A
1,0,0.496599,A
1,0,0.477674,A
1,0,0.467256,A
1,1,0.789444,A
0,1,0.607917,A
1,1,0.671202,A
0,0,0.401661,A
1,1,0.505168,A
0,1,0.606777,A
0,0,0.496410,A
0,0,0.310574,A
0,0,0.259955,A
0,0,0.355783,A
1,1,0.781456,A
1,1,0.917980,A
0,0,0.419965,A
0,0,0.327984,A
0,0,0.138199,A
1,1,0.653204,A
1,1,0.694874,A
0,1,0.549885,A
1,0,0.499966,A
0,0,0.410335,A
1,1,0.756058,A
0,0,0.291776,A
0,0,0.436942,A
1,0,0.482662,A
0,0,0.352925,A
1,0,0.169230,A
1,1,0.609900,A
1,0,0.387345,A
0,1,0.511337,A
0,0,0.333660,A
0,1,0.537091,A
0,0,0.368332,A
1,1,0.814974,A
0,1,0.567507,A
1,1,0.555156,A
1,0,0.130621,A
1,1,0.863065,A
0,0,0.422860,A
0,0,0.457255,A
1,1,0.525793,A
0,1,0.681034,A
1,1,0.508654,A
0,0,0.105633,A
0,0,0.380206,A
1,1,0.895918,A
1,0,0.450918,A
1,1,0.698166,A
1,1,0.764578,A
1,1,0.622122,A
1,1,0.521141,A
1,1,0.698272,A
1,0,0.289752,A
0,1,0.720289,A
0,0,0.371837,A
1,0,0.367528,A
1,0,0.449107,A
0,0,0.162900,A
0,1,0.636739,A
0,1,0.799660,A
0,0,0.410414,A
0,0,0.468747,A
0,1,0.693975,A
1,0,0.181254,A
0,0,0.360997,A
0,0,0.427055,A
0,0,0.100129,A
1,1,0.728747,A
0,0,0.408572,A
1,1,0.545833,A
0,0,0.220972,A
0,1,0.643356,A
1,0,0.286964,A
0,0,0.480173,A
1,0,0.434816,A
0,0,0.483185,A
1,0,0.428318,A
1,1,0.683929,A
0,0,0.278448,A
1,1,0.846187,A
1,0,0.316774,A
0,0,0.219813,A
1,1,0.508697,A
1,1,0.644986,A
1,1,0.755765,A
1,1,0.807229,A
0,0,0.335417,A
0,1,0.578008,A
1,1,0.682478,A
1,0,0.377460,A
0,0,0.348570,A
1,0,0.334171,A
0,1,0.709355,A
1,0,0.337271,A
0,0,0.483360,A
0,0,0.469391,A
1,1,0.700879,A
0,0,0.328479,A
0,0,0.284265,A
0,1,0.676458,A
0,0,0.348412,A
1,0,0.474438,A
1,1,0.538852,A
0,1,0.722435,A
0,0,0.192557,A
0,0,0.191734,A
0,0,0.469086,A
1,1,0.706058,A
0,0,0.373591,A
0,0,0.335157,A
0,1,0.715031,A
0,0,0.232136,A
1,0,0.448369,A
0,1,0.657085,A
1,1,0.707532,A
1,0,0.451290,A
0,0,0.384874,A
1,0,0.484814,A
0,1,0.551609,A
0,0,0.352047,A
1,1,0.654276,A
0,0,0.300977,A
0,0,0.392593,A
1,0,0.318543,A
1,0,0.464715,A
0,0,0.268239,A
1,0,0.283968,A
1,0,0.447068,A
0,1,0.528241,A
0,0,0.186189,A
1,1,0.751675,A
1,1,0.895030,A
1,1,0.676231,A
1,0,0.414868,A
1,1,0.501721,A
0,0,0.241883,A
1,0,0.458261,A
1,1,0.562997,A
1,1,0.553464,A
0,1,0.536071,A
0,0,0.063256,A
1,0,0.193737,A
0,0,0.384783,A
1,1,0.558594,A
1,1,0.827292,A
0,0,0.217936,A
0,0,0.388831,A
0,1,0.551202,A
1,1,0.653406,A
0,0,0.338907,A
1,0,0.377595,A
1,1,0.763736,A
1,1,0.764688,A
0,0,0.288423,A
0,0,0.355242,A
1,1,0.838928,A
1,0,0.436372,A
0,1,0.766367,A
0,1,0.596066,A
1,1,0.731897,A
1,1,0.802611,A
0,0,0.444116,A
1,1,0.614552,A
0,1,0.509627,A
0,0,0.204460,A
1,1,0.726913,A
1,1,0.584128,A
0,0,0.358252,A
1,0,0.479571,A
0,0,0.241900,A
0,0,0.217288,A
0,1,0.696600,A
0,0,0.142125,A
1,0,0.451813,A
1,1,0.842409,A
0,0,0.101043,A
0,0,0.377462,A
1,1,0.711256,A
1,0,0.377049,A
1,1,0.624128,A
0,1,0.543048,A
1,1,0.727533,A
0,0,0.371674,A
0,0,0.213296,A
0,1,0.557275,A
1,1,0.718436,A
0,0,0.203459,A
0,0,0.124244,A
1,1,0.598942,A
0,0,0.338259,A
0,0,0.327084,A
0,0,0.293765,A
0,1,0.570468,A
0,0,0.336457,A
0,0,0.326124,A
0,0,0.200614,A
0,1,0.706458,A
1,0,0.454459,A
1,0,0.489696,A
0,1,0.572604,A
0,1,0.508624,A
1,1,0.696878,A
0,0,0.353994,A
1,1,0.655524,A
1,1,0.522667,A
1,1,0.514681,A
0,0,0.408552,A
1,1,0.584556,A
1,0,0.322015,A
1,0,0.446264,A
1,1,0.930768,A
0,0,0.211891,A
0,0,0.260477,A
0,1,0.558976,A
1,1,0.868552,A
1,0,0.433406,A
1,1,0.663361,A
0,1,0.600020,A
0,0,0.487493,A
1,0,0.291086,A
1,0,0.443988,A
1,1,0.526429,A
0,0,0.238749,A
0,0,0.355571,A
0,1,0.569236,A
0,0,0.426353,A
0,0,0.279559,A
1,0,0.291705,A
1,1,0.613192,A
1,1,0.562159,A
1,1,0.624889,A
1,1,0.554989,A
1,1,0.612075,A
1,1,0.571745,A
0,0,0.165666,A
0,0,0.339575,A
0,0,0.303970,A
1,0,0.288886,A
0,1,0.514034,A
1,0,0.186698,A
0,1,0.629846,A
1,1,0.625770,A
1,0,0.451734,A
1,1,0.887044,A
0,1,0.574602,A
1,1,0.612608,A
1,1,0.867205,A
1,1,0.569005,A
1,1,0.523712,A
0,0,0.271166,A
0,1,0.584088,A
1,0,0.333639,A
1,1,0.664138,A
0,0,0.061006,A
0,1,0.712627,A
1,0,0.269865,A
0,0,0.280062,A
0,0,0.065732,A
1,1,0.625117,A
1,1,0.572199,A
0,1,0.747738,A
0,0,0.135464,A
1,0,0.412648,A
1,0,0.167537,A
1,0,0.446728,A
0,0,0.440075,A
1,0,0.389952,A
0,1,0.549531,A
1,1,0.557952,A
0,1,0.540372,A
1,0,0.431548,A
0,0,0.392166,A
1,0,0.367905,A
0,1,0.790211,A
0,1,0.583352,A
0,0,0.333729,A
1,1,0.730337,A
1,0,0.427335,A
0,0,0.480953,A
1,0,0.253533,A
1,1,0.801581,A
0,1,0.676703,A
0,0,0.083812,A
1,1,0.722006,A
0,1,0.725395,A
1,1,0.803273,A
0,0,0.446653,A
0,1,0.502753,A
0,1,0.538685,A
0,1,0.695511,A
1,1,0.594638,A
0,0,0.448846,A
0,0,0.231587,A
1,1,0.561942,A
0,0,0.462724,A
0,1,0.597043,A
0,1,0.519306,A
1,1,0.502685,A
0,0,0.230933,A
1,0,0.449870,A
0,1,0.675267,A
0,1,0.602611,A
0,1,0.549643,A
1,1,0.545283,A
0,0,0.257732,A
0,1,0.554918,A
0,0,0.355964,A
1,1,0.680127,A
0,0,0.219541,A
1,0,0.499919,A
1,1,0.811427,A
1,1,0.694421,A
0,0,0.396837,A
1,1,0.613426,A
0,0,0.368890,A
1,1,0.847244,A
1,1,0.677535,A
1,1,0.948859,A
1,0,0.380225,A
0,1,0.676394,A
0,1,0.620738,A
0,0,0.239024,A
1,1,0.540947,A
1,1,0.787291,A
0,1,0.651438,A
1,0,0.395794,A
0,0,0.413102,A
1,1,0.617218,A
0,0,0.161088,A
0,0,0.315050,A
0,0,0.234991,A
1,0,0.485203,A
1,1,0.645764,A
0,1,0.700797,A
1,1,0.637712,A
0,0,0.309807,A
0,0,0.310529,A
1,1,0.674571,A
1,0,0.248889,A
0,1,0.758715,A
1,0,0.418523,A
1,1,0.537032,A
1,1,0.681277,A
1,0,0.404887,A
0,1,0.550898,A
0,0,0.137607,A
1,1,0.743069,A
0,0,0.395465,A
1,0,0.271312,A
1,1,0.674556,A
1,1,0.641497,A
1,1,0.586333,A
1,0,0.478315,A
0,1,0.652514,A
1,1,0.755053,A
1,1,0.693261,A
0,0,0.368001,A
1,1,0.801270,A
0,1,0.615207,A
0,0,0.318263,A
0,0,0.319556,A
1,1,0.574833,A
1,0,0.397258,A
1,1,0.570821,A
1,0,0.412510,A
1,0,0.347251,A
0,1,0.511842,A
1,0,0.490119,A
1,1,0.619324,A
1,0,0.357067,A
0,0,0.256348,A
0,1,0.645040,A
1,1,0.927210,A
1,1,0.810176,A
1,1,0.644629,A
0,0,0.390401,A
0,0,0.179704,A
0,0,0.283006,A
1,1,0.512723,A
1,1,0.712725,A
0,0,0.311067,A
0,0,0.479884,A
0,0,0.385623,A
1,1,0.704435,A
1,0,0.274967,A
1,1,0.934381,A
0,1,0.755655,A
0,0,0.372794,A
0,0,0.322443,A
0,0,0.263324,A
0,0,0.436356,A
0,1,0.743069,A
1,1,0.507494,A
1,1,0.715340,A
0,1,0.653829,A
1,0,0.405003,A
0,1,0.723612,A
1,1,0.714709,A
0,1,0.810304,A
0,1,0.647983,A
0,0,0.291413,A
1,1,0.633566,A
1,1,0.642126,A
1,0,0.374326,A
0,1,0.593666,A
0,0,0.386828,A
0,1,0.580736,A
0,1,0.593412,A
1,1,0.570219,A
1,1,0.629716,A
1,0,0.468961,A
1,1,0.581598,A
0,1,0.522254,A
1,1,0.554498,A
1,1,0.551927,A
1,1,0.548988,A
1,1,0.881206,A
1,1,0.732798,A
1,0,0.318982,A
0,1,0.667019,A
0,0,0.448256,A
0,1,0.605521,A
1,1,0.612861,A
1,1,0.841834,A
0,1,0.594241,A
1,0,0.457303,A
0,1,0.657324,A
1,1,0.898411,A
1,0,0.493407,A
0,1,0.842776,A
0,0,0.275167,A
1,1,0.640830,A
1,1,0.500395,A
1,1,0.553438,A
0,0,0.281482,A
0,0,0.415318,A
1,0,0.320461,A
1,1,0.512463,A
1,1,0.837501,A
0,1,0.643934,A
1,0,0.244636,A
0,0,0.309588,A
0,1,0.592734,A
0,1,0.610021,A
1,1,0.751882,A
1,1,0.620808,A
1,1,0.882028,A
0,1,0.650522,A
1,0,0.305452,A
0,0,0.230859,A
1,1,0.586725,A
1,1,0.823362,A
0,0,0.305071,A
1,1,0.934567,A
1,0,0.386359,A
1,1,0.530582,A
0,0,0.248953,A
0,1,0.659065,A
0,0,0.487376,A
0,1,0.555994,A
1,1,0.596983,A
0,1,0.593399,A
0,1,0.546702,A
1,1,0.652018,A
1,1,0.750170,A
0,0,0.059898,A
1,0,0.439612,A
1,1,0.609496,A
1,1,0.832200,A
0,1,0.545903,A
0,0,0.098382,A
0,0,0.153042,A
1,1,0.705980,A
1,0,0.436518,A
0,1,0.537140,A
0,0,0.308738,A
0,0,0.416714,A
0,0,0.417423,A
0,1,0.690278,A
1,1,0.659643,A
0,1,0.537865,A
0,0,0.118791,A
0,0,0.330779,A
0,0,0.479224,A
0,1,0.664813,A
0,0,0.251721,A
1,1,0.645428,A
0,1,0.514665,A
0,1,0.578178,A
1,0,0.389093,A
1,0,0.337809,A
1,1,0.833349,A
1,1,0.525273,A
0,0,0.278296,A
0,1,0.610686,A
0,0,0.277059,A
1,1,0.724697,A
1,0,0.232801,A
0,1,0.548696,A
0,0,0.358056,A
1,1,0.586828,A
0,0,0.326048,A
0,0,0.470542,A
0,1,0.674946,A
0,1,0.608687,A
1,0,0.472560,A
1,1,0.558552,A
0,1,0.793792,A
0,1,0.744974,A
1,1,0.517492,A
0,0,0.370765,A
0,0,0.212606,A
0,1,0.689281,A
1,0,0.374025,A
1,1,0.685393,A
0,1,0.567981,A
1,1,0.522843,A
0,0,0.468575,A
1,1,0.715731,A
0,0,0.431175,A
0,0,0.416082,A
0,1,0.625156,A
1,1,0.705442,A
1,1,0.836609,A
0,0,0.449492,A
1,1,0.599573,A
1,0,0.430527,A
1,1,0.700710,A
1,0,0.461618,A
1,1,0.831799,A
0,0,0.292780,A
0,0,0.218739,A
0,0,0.295455,A
1,0,0.487088,A
0,0,0.386394,A
0,1,0.521057,A
1,1,0.513508,A
0,0,0.391871,A
0,0,0.485232,A
1,1,0.521335,A
0,0,0.306539,A
0,0,0.314553,A
0,1,0.530925,A
0,0,0.382151,A
1,1,0.794223,A
1,1,0.729663,A
1,1,0.598682,A
0,1,0.748135,A
1,1,0.596965,A
1,1,0.594992,A
0,1,0.538421,A
0,0,0.379648,A
0,1,0.869094,A
0,0,0.293477,A
1,1,0.849180,A
0,0,0.272928,A
1,0,0.413258,A
0,0,0.251992,A
0,1,0.693699,A
1,1,0.758349,A
1,0,0.277344,A
0,1,0.638802,A
0,0,0.454919,A
0,1,0.522669,A
0,0,0.495787,A
1,0,0.338557,A
1,0,0.392561,A
1,1,0.505486,A
1,1,0.529686,A
1,1,0.638861,A
0,0,0.313904,A
1,1,0.776632,A
0,0,0.128299,A
1,1,0.521940,A
1,1,0.714930,A
0,0,0.491795,A
1,1,0.731636,A
1,0,0.300089,A
0,0,0.332163,A
1,1,0.751952,A
1,1,0.778795,A
0,0,0.474066,A
0,0,0.454113,A
1,1,0.823360,A
0,0,0.464508,A
1,1,0.690174,A
1,1,0.629516,A
1,0,0.399349,A
0,0,0.253221,A
0,0,0.417753,A
1,1,0.779989,A
0,0,0.462698,A
1,1,0.850113,A
0,0,0.222980,A
0,1,0.578918,A
0,0,0.208565,A
1,1,0.682800,A
0,0,0.342260,A
1,0,0.317944,A
1,1,0.515748,A
1,0,0.295228,A
1,0,0.464876,A
0,0,0.308101,A
0,0,0.166857,A
0,0,0.483694,A
0,1,0.546950,A
0,0,0.458635,A
1,0,0.481668,A
1,1,0.623841,A
0,0,0.285774,A
1,1,0.714323,A
0,0,0.259325,A
0,1,0.598465,A
1,1,0.764839,A
1,0,0.407756,A
0,0,0.256084,A
1,1,0.651483,A
0,0,0.450317,A
0,0,0.196895,A
1,1,0.681668,A
0,0,0.483946,A
1,0,0.451348,A
1,1,0.729320,A
0,0,0.142355,A
0,0,0.233725,A
0,1,0.600230,A
1,0,0.407715,A
1,0,0.472576,A
0,0,0.180590,A
1,1,0.538682,A
0,1,0.525402,A
0,1,0.642335,A
1,1,0.514900,A
0,0,0.430586,A
1,0,0.380778,A
0,1,0.518387,A
0,1,0.635365,A
0,1,0.666435,A
0,0,0.427655,A
0,0,0.263588,A
0,0,0.326254,A
1,1,0.524190,A
0,0,0.277774,A
1,0,0.490919,A
0,1,0.833103,A
0,1,0.516197,A
1,1,0.799512,A
0,0,0.424647,A
1,0,0.272825,A
1,0,0.497145,A
0,0,0.180509,A
0,0,0.325162,A
0,1,0.893691,A
0,0,0.388981,A
1,0,0.452660,A
1,1,0.920836,A
0,0,0.472375,A
0,0,0.205450,A
0,0,0.436258,A
1,1,0.609611,A
0,1,0.510984,A
1,1,0.680195,A
1,0,0.345075,A
1,1,0.696898,A
1,0,0.450431,A
0,0,0.311750,A
1,1,0.670054,A
0,0,0.411795,A
0,0,0.465204,A
0,0,0.432474,A
1,0,0.130898,A
1,0,0.325290,A
1,1,0.685444,A
1,1,0.696674,A
1,1,0.765687,A
1,1,0.697371,A
1,1,0.741631,A
1,0,0.344455,A
0,0,0.151242,A
1,1,0.550574,A
1,1,0.610302,A
0,0,0.341981,A
0,1,0.597633,A
1,1,0.797379,A
0,0,0.150338,A
0,1,0.876530,A
1,1,0.546859,A
1,1,0.770396,A
0,1,0.575766,A
1,1,0.850141,A
0,0,0.320091,A
0,1,0.566273,A
0,0,0.441780,A
0,0,0.363592,A
1,1,0.587015,A
1,0,0.454821,A
1,1,0.796660,A
0,0,0.414648,A
0,0,0.114413,A
1,1,0.680985,A
0,1,0.665973,A
1,1,0.669170,A
1,0,0.498243,A
0,0,0.359217,A
1,1,0.646112,A
1,1,0.651465,A
0,0,0.478336,A
0,1,0.516272,A
0,0,0.232199,A
1,0,0.498186,A
0,0,0.368123,A
0,0,0.215946,A
0,0,0.497205,A
1,1,0.873903,A
0,1,0.501612,A
1,0,0.416509,A
0,0,0.377375,A
1,1,0.545729,A
1,1,0.824320,A
1,1,0.732731,A
0,0,0.389259,A
0,1,0.641986,A
0,0,0.485346,A
0,1,0.601740,A
1,0,0.286359,A
1,1,0.561643,A
1,1,0.518095,A
1,0,0.219522,A
1,0,0.457031,A
0,0,0.499920,A
1,1,0.541116,A
0,0,0.271503,A
0,0,0.353150,A
0,0,0.317848,A
1,1,0.816693,A
0,0,0.497230,A
0,1,0.565812,A
1,1,0.766559,A
0,0,0.380070,A
0,0,0.341685,A
1,0,0.484667,A
1,1,0.506328,A
1,0,0.481088,A
1,1,0.601389,A
0,0,0.397249,A
1,0,0.354378,A
1,1,0.870612,A
1,0,0.133318,A
0,0,0.065271,A
1,1,0.780756,A
0,1,0.649991,A
1,1,0.787658,A
0,0,0.371316,A
1,0,0.260830,A
0,1,0.590309,A
0,0,0.392768,A
1,1,0.593969,A
1,0,0.490855,A
1,1,0.763448,A
0,1,0.805814,A
0,0,0.297527,A
1,1,0.887016,A
1,1,0.812338,A
0,1,0.609254,A
0,0,0.345788,A
0,0,0.331953,A
1,1,0.571991,A
1,1,0.532254,A
1,1,0.786912,A
0,0,0.398897,A
1,0,0.477269,A
0,0,0.407446,A
0,0,0.475959,A
1,1,0.619699,A
0,0,0.338136,A
1,1,0.575620,A
0,0,0.210182,A
1,1,0.834075,A
1,1,0.674136,A
0,0,0.366115,A
0,0,0.288723,A
1,0,0.389163,A
0,0,0.268607,A
1,0,0.426084,A
0,1,0.575886,A
1,1,0.765209,A
1,1,0.651659,A
1,1,0.544593,A
0,0,0.174677,A
0,0,0.377886,A
1,1,0.759479,A
0,1,0.516543,A
0,0,0.423883,A
1,1,0.878896,A
0,0,0.247656,A
0,0,0.413428,A
1,1,0.874863,A
0,0,0.476597,A
1,0,0.320192,A
0,0,0.204721,A
0,0,0.402817,A
1,1,0.713098,A
1,0,0.284446,A
1,1,0.673775,A
0,1,0.521596,A
0,1,0.600241,A
0,0,0.338867,A
1,0,0.457460,A
0,1,0.745241,A
1,1,0.637228,A
0,0,0.253391,A
1,1,0.787944,A
1,1,0.688915,A
0,0,0.419153,A
0,0,0.438913,A
0,1,0.507928,A
1,1,0.827355,A
0,0,0.183516,A
1,1,0.893771,A
1,1,0.551994,A
1,1,0.758605,A
1,0,0.469297,A
1,1,0.602837,A
0,0,0.341254,A
1,1,0.816846,A
1,1,0.644771,A
0,0,0.426142,A
0,0,0.266773,A
1,1,0.766743,A
1,1,0.505249,A
0,0,0.458119,A
0,0,0.497278,A
1,0,0.283234,A
0,0,0.364851,A
1,1,0.654062,A
0,1,0.790422,A
1,1,0.571042,A
0,0,0.254445,A
0,1,0.549279,A
0,0,0.411929,A
1,1,0.560701,A
1,1,0.551375,A
1,1,0.605488,A
0,0,0.319142,A
0,0,0.123993,A
0,0,0.153717,A
0,0,0.236593,A
0,0,0.497134,A
0,0,0.217641,A
0,0,0.464529,A
0,1,0.642975,A
1,1,0.500292,A
0,1,0.552482,A
1,1,0.838121,A
0,0,0.357694,A
0,0,0.087538,A
0,1,0.640452,A
1,1,0.920951,A
0,1,0.566065,A
0,0,0.413671,A
1,0,0.320176,A
1,0,0.424421,A
1,1,0.775686,A
0,0,0.378152,A
1,0,0.411839,A
0,0,0.223932,A
1,1,0.708062,A
0,1,0.587423,A
0,0,0.299596,A
1,1,0.850928,A
1,1,0.759272,A
0,0,0.419082,A
0,1,0.635124,A
0,0,0.059665,A
0,1,0.534502,A
0,0,0.343583,A
1,1,0.699876,A
0,0,0.240696,A
0,1,0.632660,A
0,1,0.551133,A
1,1,0.805956,A
0,0,0.392859,A
0,0,0.362632,A
0,0,0.221938,A
1,0,0.269371,A
0,0,0.323855,A
0,1,0.502470,A
0,0,0.224502,A
1,1,0.527457,A
1,1,0.626956,A
1,1,0.614575,A
0,0,0.264486,A
0,0,0.162487,A
1,1,0.560251,A
1,1,0.570066,A
0,1,0.501558,A
0,0,0.121429,A
1,0,0.484288,A
0,0,0.335058,A
0,1,0.530960,A
0,0,0.327488,A
0,0,0.363709,A
0,0,0.480267,A
1,1,0.621937,A
1,1,0.599551,A
0,1,0.686535,A
0,0,0.477634,A
1,1,0.697246,A
1,1,0.552819,A
1,1,0.531643,A
1,1,0.786808,A
1,0,0.293253,A
1,1,0.619556,A
1,1,0.762742,A
1,1,0.636832,A
0,1,0.742618,A
0,0,0.339178,A
1,0,0.351777,A
0,1,0.587294,A
1,0,0.253954,A
1,1,0.915711,A
1,1,0.656205,A
0,0,0.415105,A
1,1,0.581465,A
0,0,0.440619,A
0,1,0.642168,A
0,0,0.218050,A
1,1,0.732981,A
1,0,0.448069,A
1,1,0.792579,A
0,0,0.455809,A
1,0,0.231844,A
0,1,0.579923,A
0,1,0.513939,A
0,0,0.443064,A
1,1,0.584302,A
0,0,0.293086,A
0,1,0.828606,A
1,0,0.466318,A
1,0,0.440509,A
0,1,0.535941,A
0,1,0.637481,A
1,1,0.537992,A
0,0,0.456907,A
0,0,0.212461,A
0,1,0.651580,A
0,0,0.338998,A
0,0,0.459579,A
0,1,0.581082,A
1,1,0.580638,A
1,1,0.608746,A
1,1,0.510119,A
0,0,0.401398,A
1,0,0.396208,A
0,1,0.647602,A
1,1,0.604920,A
0,1,0.514271,A
1,1,0.517918,A
0,0,0.426586,A
0,0,0.274434,A
0,1,0.543436,A
0,0,0.435707,A
1,1,0.574794,A
1,1,0.893546,A
1,1,0.555062,A
0,1,0.590552,A
0,1,0.734263,A
1,0,0.296250,A
1,1,0.672052,A
1,1,0.767123,A
0,0,0.438344,A
0,1,0.562475,A
1,1,0.665507,A
0,0,0.388006,A
1,1,0.612544,A
1,1,0.657664,A
0,0,0.305879,A
1,1,0.751773,A
0,1,0.524457,A
0,0,0.167644,A
0,0,0.269016,A
0,0,0.212119,A
1,0,0.461919,A
1,1,0.685793,A
1,0,0.491821,A
1,0,0.385953,A
1,1,0.794708,A
0,0,0.472699,A
1,1,0.555378,A
1,1,0.615083,A
0,0,0.104249,A
1,1,0.816454,A
1,0,0.364694,A
0,1,0.605145,A
1,1,0.692170,A
0,0,0.445881,A
0,0,0.181858,A
0,0,0.234177,A
1,1,0.772111,A
1,1,0.545757,A
1,1,0.775178,A
1,1,0.572104,A
0,1,0.592946,A
0,0,0.256407,A
1,1,0.628593,A
0,0,0.043246,A
0,0,0.407328,A
1,0,0.264105,A
1,0,0.227358,A
1,1,0.611599,A
1,1,0.740357,A
0,0,0.263575,A
0,0,0.305420,A
1,0,0.327900,A
0,0,0.047645,A
1,1,0.653403,A
0,1,0.525470,A
1,0,0.337533,A
1,0,0.473652,A
1,1,0.605135,A
0,0,0.354836,A
0,0,0.324755,A
1,1,0.621961,A
0,0,0.170188,A
0,0,0.268760,A
0,0,0.078162,A
0,0,0.248195,A
1,1,0.725949,A
1,1,0.539310,A
0,1,0.749235,A
1,1,0.735730,A
0,1,0.527334,A
1,0,0.106752,A
0,1,0.588493,A
0,0,0.134640,A
1,0,0.269565,A
1,1,0.610117,A
0,0,0.317533,A
0,0,0.472614,A
1,1,0.864145,A
1,1,0.603668,A
1,1,0.770514,A
1,1,0.544433,A
0,0,0.475388,A
1,1,0.626119,A
1,1,0.594309,A
1,0,0.297696,A
0,0,0.428533,A
1,0,0.117585,A
0,1,0.523639,A
1,1,0.670283,A
1,0,0.470998,A
0,0,0.360143,A
1,0,0.232786,A
0,1,0.663358,A
1,0,0.400420,A
0,1,0.550226,A
1,1,0.591740,A
0,1,0.605992,A
0,0,0.471754,A
1,1,0.540986,A
0,1,0.544137,A
1,1,0.651152,A
0,0,0.362471,A
1,1,0.540162,A
1,1,0.859563,A
0,1,0.565189,A
0,1,0.517893,A
1,1,0.613777,A
0,0,0.387770,A
0,0,0.477258,A
0,1,0.566211,A
0,0,0.491971,A
0,0,0.327490,A
1,0,0.457564,A
0,0,0.229906,A
1,0,0.459842,A
0,1,0.510079,A
0,0,0.288207,A
1,1,0.664649,A
1,1,0.876300,A
0,0,0.223691,A
0,0,0.476698,A
0,0,0.478225,A
0,0,0.429026,A
1,1,0.640900,A
1,0,0.171732,A
1,0,0.431272,A
0,0,0.284601,A
0,1,0.678746,A
1,0,0.444678,A
1,1,0.622170,A
0,0,0.483356,A
1,1,0.628989,A
1,1,0.569626,A
0,1,0.630293,A
1,1,0.623688,A
1,1,0.663788,A
1,0,0.428119,A
0,1,0.543655,A
0,0,0.402967,A
1,1,0.703287,A
1,0,0.480036,A
0,0,0.279256,A
0,1,0.564821,A
0,0,0.493370,A
0,0,0.421090,A
0,0,0.065415,A
0,1,0.636140,A
0,0,0.208855,A
1,1,0.613744,A
1,1,0.689420,A
1,1,0.779419,A
1,0,0.466131,A
0,0,0.221591,A
0,1,0.639432,A
0,1,0.625067,A
0,1,0.508389,A
1,0,0.486872,A
0,1,0.552947,A
0,1,0.805298,A
1,1,0.717664,A
0,0,0.490992,A
0,0,0.237801,A
0,0,0.491524,A
0,0,0.164502,A
0,0,0.355845,A
0,1,0.613328,A
1,0,0.378223,A
1,0,0.470781,A
0,1,0.665143,A
0,1,0.648392,A
1,1,0.544369,A
1,1,0.538614,A
1,1,0.795538,A
1,1,0.636641,A
0,0,0.384217,A
1,1,0.696526,A
1,0,0.318699,A
1,1,0.704617,A
0,0,0.217279,A
1,0,0.350909,A
0,0,0.308322,A
1,1,0.629289,A
1,0,0.461666,A
0,0,0.281997,A
0,1,0.531275,A
0,0,0.226909,A
1,1,0.693544,A
0,0,0.463071,A
1,1,0.642621,A
0,0,0.343314,A
1,1,0.733010,A
1,1,0.529509,A
0,0,0.101453,A
0,0,0.300985,A
0,1,0.546612,A
0,0,0.181621,A
1,1,0.701941,A
0,0,0.298677,A
0,1,0.633203,A
1,1,0.889308,A
1,1,0.547165,A
0,0,0.473594,A
0,0,0.286480,A
1,1,0.804928,A
1,1,0.753230,A
1,1,0.553797,A
1,1,0.634207,A
1,1,0.554090,A
0,1,0.622916,A
1,1,0.757059,A
0,0,0.416923,A
1,1,0.581889,A
1,0,0.430965,A
0,1,0.634704,A
0,0,0.474120,A
1,0,0.224514,A
1,0,0.397149,A
1,0,0.427305,A
1,1,0.825701,A
1,1,0.625948,A
0,0,0.316991,A
0,0,0.432499,A
1,1,0.750310,A
1,0,0.167992,A
1,1,0.639780,A
0,0,0.096988,A
1,1,0.600221,A
1,1,0.797106,A
0,0,0.302391,A
0,1,0.565504,A
1,1,0.870064,A
0,0,0.479439,A
0,0,0.382498,A
1,1,0.843685,A
0,1,0.521819,A
1,1,0.713779,A
0,0,0.202366,A
1,1,0.639138,A
1,1,0.580198,A
0,0,0.321416,A
0,1,0.746874,A
0,0,0.367772,A
1,0,0.423094,A
0,1,0.544711,A
0,1,0.534257,A
1,1,0.711795,A
0,1,0.580094,A
0,1,0.801936,A
0,0,0.435900,A
1,1,0.797137,A
1,1,0.578098,A
0,0,0.384790,A
1,1,0.503108,A
1,1,0.668740,A
1,1,0.509291,A
0,0,0.307703,A
0,0,0.296280,A
0,0,0.292432,A
1,0,0.359973,A
0,1,0.565678,A
1,1,0.507706,A
1,1,0.607203,A
0,1,0.587062,A
0,0,0.432166,A
0,1,0.534137,A
1,1,0.656236,A
0,0,0.466979,A
0,0,0.353586,A
1,0,0.311428,A
1,1,0.631810,A
1,0,0.391018,A
1,1,0.616642,A
1,0,0.441351,A
1,1,0.658809,A
1,1,0.634286,A
1,1,0.682610,A
1,1,0.527255,A
0,1,0.684803,A
1,1,0.679436,A
1,1,0.843086,A
1,1,0.538706,A
1,1,0.714365,A
0,0,0.233119,A
0,1,0.567891,A
1,1,0.818301,A
0,0,0.183586,A
0,1,0.535343,A
1,1,0.523262,A
0,1,0.532968,A
0,0,0.383479,A
1,1,0.541314,A
1,1,0.592365,A
0,1,0.579655,A
0,0,0.324285,A
1,1,0.630388,A
0,1,0.760099,A
1,1,0.552901,A
0,1,0.624109,A
1,0,0.288640,A
0,0,0.413408,A
0,0,0.234993,A
1,1,0.818548,A
0,0,0.301252,A
0,1,0.708434,A
1,0,0.310979,A
0,0,0.161041,A
0,0,0.270347,A
0,0,0.135249,A
0,1,0.746945,A
1,0,0.489257,A
0,1,0.672773,A
0,0,0.449246,A
0,0,0.321924,A
1,0,0.416254,A
1,1,0.846336,A
0,1,0.591077,A
0,1,0.733896,A
1,1,0.670235,A
0,0,0.298244,A
1,1,0.524746,A
0,1,0.625591,A
1,0,0.233576,A
1,1,0.532940,A
0,0,0.380744,A
0,0,0.384703,A
0,1,0.548265,A
1,1,0.549493,A
0,0,0.284264,A
0,1,0.628171,A
0,1,0.629560,A
0,1,0.543685,A
1,1,0.632707,A
1,0,0.437948,A
0,0,0.163359,A
1,1,0.537852,A
0,0,0.299429,A
0,0,0.375822,A
1,0,0.181122,A
1,0,0.307916,A
0,0,0.338862,A
0,0,0.330745,A
0,0,0.448626,A
1,0,0.472098,A
0,1,0.544856,A
1,1,0.866714,A
1,0,0.480663,A
1,0,0.443488,A
0,1,0.654406,A
1,0,0.466452,A
1,0,0.488380,A
0,1,0.505388,A
0,0,0.282493,A
0,0,0.407532,A
0,0,0.222453,A
0,1,0.691543,A
1,1,0.663975,A
0,0,0.439986,A
0,0,0.386024,A
0,1,0.820590,A
1,0,0.177259,A
1,1,0.671328,A
0,0,0.337772,A
0,1,0.649527,A
0,0,0.363797,A
1,1,0.735283,A
1,1,0.894295,A
1,0,0.377907,A
0,0,0.251676,A
0,1,0.517216,A
1,1,0.841076,A
0,0,0.239855,A
0,0,0.420955,A
1,1,0.811931,A
0,1,0.554756,A
1,1,0.819584,A
1,1,0.736838,A
0,0,0.372798,A
0,1,0.512398,A
1,1,0.652797,A
0,1,0.845407,A
0,0,0.377920,A
1,1,0.581273,A
1,1,0.519338,A
0,0,0.341563,A
0,1,0.509225,A
1,1,0.716289,A
0,0,0.483805,A
0,0,0.416576,A
0,0,0.497450,A
1,0,0.253343,A
1,0,0.440630,A
0,0,0.106914,A
1,0,0.448342,A
0,1,0.514799,A
0,1,0.599473,A
1,1,0.527996,A
1,1,0.608632,A
1,1,0.602273,A
0,0,0.197729,A
0,1,0.687028,A
1,1,0.854968,A
0,0,0.423279,A
0,0,0.258883,A
1,1,0.585781,A
0,1,0.506151,A
1,0,0.300071,A
1,1,0.757154,A
1,1,0.628021,A
0,0,0.123146,A
0,1,0.514833,A
1,0,0.423106,A
0,0,0.448274,A
0,0,0.229768,A
1,1,0.504355,A
0,0,0.310098,A
0,0,0.207809,A
0,0,0.134227,A
0,0,0.237699,A
1,0,0.352361,A
1,1,0.624740,A
1,0,0.348303,A
0,0,0.435198,A
0,0,0.231152,A
0,1,0.674241,A
0,0,0.305005,A
0,0,0.194793,A
0,1,0.513098,A
0,0,0.452281,A
0,1,0.520512,A
1,0,0.291415,A
1,1,0.603323,A
1,1,0.831124,A
1,0,0.489061,A
1,1,0.597714,A
0,1,0.550077,A
0,0,0.195557,A
0,0,0.228143,A
1,1,0.508324,A
0,0,0.438071,A
0,0,0.380975,A
0,1,0.584497,A
1,0,0.435074,A
0,0,0.468914,A
1,1,0.512339,A
0,0,0.463879,A
1,1,0.684411,A
1,1,0.613764,A
0,0,0.139279,A
1,1,0.821838,A
1,1,0.602781,A
0,1,0.693289,A
0,0,0.190198,A
0,0,0.388839,A
1,0,0.491782,A
1,1,0.507238,A
0,0,0.413668,A
1,0,0.209428,A
0,0,0.227638,A
1,1,0.623055,A
1,1,0.750480,A
0,0,0.155216,A
1,1,0.654032,A
1,0,0.298095,A
1,1,0.593664,A
1,1,0.639456,A
1,1,0.719396,A
0,1,0.599474,A
1,1,0.765073,A
0,0,0.324205,A
1,1,0.823842,A
1,0,0.334029,A
0,0,0.447221,A
0,1,0.708296,A
1,1,0.642039,A
1,0,0.462760,A
0,0,0.247119,A
0,0,0.259392,A
1,1,0.721651,A
1,1,0.845797,A
1,0,0.481200,A
1,1,0.540238,A
0,1,0.550542,A
1,1,0.881788,A
0,1,0.575128,A
0,1,0.585749,A
0,0,0.341804,A
0,0,0.306053,A
0,1,0.510717,A
0,0,0.265990,A
0,0,0.339684,A
0,1,0.594851,A
0,1,0.571355,A
1,1,0.758498,A
0,1,0.571057,A
0,0,0.151588,A
1,1,0.688746,A
0,1,0.522968,A
0,1,0.538936,A
0,1,0.579104,A
1,1,0.741988,A
1,1,0.782743,A
1,0,0.302442,A
0,0,0.299486,A
0,0,0.494838,A
1,1,0.676407,A
1,0,0.479781,A
1,0,0.369546,A
1,0,0.441406,A
1,1,0.514106,A
1,0,0.299101,A
0,0,0.152744,A
0,0,0.073761,A
1,0,0.442371,A
1,0,0.469700,A
1,0,0.445133,A
0,1,0.508837,A
1,1,0.896302,A
0,0,0.331643,A
1,1,0.594292,A
1,0,0.393381,A
0,1,0.801031,A
1,1,0.504779,A
0,0,0.302009,A
1,1,0.625628,A
0,0,0.227375,A
0,1,0.615856,A
1,1,0.527160,A
1,1,0.651700,A
0,0,0.078570,A
0,0,0.413298,A
0,0,0.155525,A
1,1,0.550518,A
1,1,0.798842,A
0,0,0.188005,A
1,0,0.349497,A
0,0,0.297925,A
0,0,0.320789,A
1,1,0.524654,A
0,1,0.520482,A
0,0,0.152071,A
0,0,0.384397,A
0,0,0.478832,A
0,1,0.633961,A
0,1,0.844603,A
1,0,0.438149,A
0,1,0.642117,A
1,1,0.577302,A
0,1,0.628421,A
0,0,0.211297,A
1,1,0.847118,A
1,0,0.455202,A
0,0,0.413732,A
1,1,0.679071,A
0,0,0.229843,A
0,1,0.726763,A
0,1,0.711788,A
1,1,0.549035,A
0,0,0.392456,A
0,0,0.355254,A
1,1,0.718108,A
1,1,0.663507,A
1,1,0.515247,A
0,0,0.392988,A
1,1,0.703616,A
1,0,0.307657,A
0,1,0.516789,A
1,1,0.921898,A
0,0,0.260832,A
0,0,0.216956,A
0,1,0.619050,A
0,1,0.738015,A
0,0,0.215445,A
1,1,0.650451,A
1,0,0.314737,A
1,1,0.707894,A
0,1,0.759430,A
0,1,0.539557,A
0,0,0.417731,A
1,0,0.477724,A
1,0,0.445846,A
1,0,0.461014,A
0,0,0.477764,A
1,0,0.464009,A
1,1,0.697863,A
0,1,0.704433,A
1,1,0.597789,A
1,1,0.716761,A
1,0,0.275203,A
1,1,0.580602,A
1,0,0.328126,A
1,0,0.400831,A
1,1,0.731515,A
1,0,0.251940,A
1,1,0.517167,A
1,1,0.680436,A
0,1,0.708312,A
0,1,0.575237,A
0,0,0.374599,A
1,1,0.639341,A
0,1,0.598789,A
1,0,0.355341,A
0,0,0.313528,A
1,0,0.306877,A
0,0,0.435531,A
0,0,0.143135,A
0,0,0.358616,A
0,0,0.325796,A
0,0,0.365858,A
1,0,0.391260,A
0,0,0.386383,A
0,0,0.225747,A
1,0,0.335168,A
0,0,0.303799,A
1,1,0.810799,A
0,0,0.334930,A
0,0,0.452862,A
0,1,0.678760,A
1,1,0.559106,A
1,0,0.330134,A
0,1,0.557126,A
0,0,0.254588,A
1,0,0.427747,A
1,1,0.529944,A
0,0,0.058873,A
0,0,0.498174,A
1,1,0.706422,A
1,1,0.512376,A
1,1,0.506062,A
1,0,0.456993,A
1,0,0.404243,A
0,0,0.268250,A
0,0,0.305010,A
0,0,0.435106,A
0,1,0.584919,A
0,1,0.566448,A
0,1,0.661146,A
0,0,0.433521,A
1,0,0.463872,A
1,1,0.610349,A
0,0,0.201099,A
1,1,0.843982,A
0,1,0.722774,A
1,1,0.617168,A
0,0,0.418050,A
1,1,0.528493,A
0,0,0.176487,A
1,1,0.512442,A
1,1,0.541282,A
1,1,0.558604,A
0,0,0.473313,A
1,1,0.559307,A
0,0,0.345318,A
0,1,0.601037,A
1,0,0.494943,A
1,1,0.524798,A
1,1,0.679519,A
1,1,0.640360,A
0,0,0.485228,A
1,1,0.634418,A
1,0,0.385030,A
1,1,0.820134,A
0,0,0.224512,A
0,0,0.309282,A
0,1,0.544660,A
0,0,0.207658,A
0,1,0.907520,A
1,0,0.144044,A
0,0,0.420371,A
1,0,0.476925,A
1,1,0.846948,A
0,0,0.417371,A
0,1,0.557901,A
1,1,0.650147,A
0,1,0.577995,A
1,0,0.322279,A
1,1,0.505742,A
1,1,0.676477,A
0,0,0.264234,A
1,0,0.421897,A
1,1,0.552282,A
1,1,0.711034,A
1,0,0.334137,A
0,0,0.394791,A
1,0,0.202073,A
1,1,0.716323,A
0,0,0.366700,A
1,0,0.478949,A
0,1,0.591483,A
0,0,0.296075,A
0,1,0.562632,A
0,0,0.212993,A
1,0,0.449234,A
1,0,0.479483,A
0,1,0.645754,A
1,1,0.510351,A
1,1,0.567644,A
0,1,0.513996,A
1,1,0.816486,A
0,1,0.519452,A
1,1,0.549345,A
0,0,0.334955,A
1,1,0.685563,A
0,1,0.689678,A
1,0,0.380417,A
0,0,0.275523,A
0,1,0.634004,A
1,1,0.640328,A
1,0,0.410103,A
0,0,0.136586,A
1,1,0.654624,A
1,1,0.681165,A
0,1,0.569690,A
0,1,0.607932,A
0,1,0.865884,A
1,0,0.397697,A
0,1,0.766461,A
1,0,0.389070,A
0,1,0.650297,A
1,0,0.367063,A
0,0,0.233781,A
1,1,0.642986,A
0,0,0.468821,A
1,0,0.277055,A
1,0,0.477177,A
1,1,0.674742,A
1,1,0.577849,A
1,1,0.850761,A
0,0,0.330463,A
1,0,0.315385,A
1,0,0.344331,A
1,0,0.313055,A
1,1,0.503298,A
1,0,0.453759,A
1,0,0.394735,A
0,1,0.646799,A
1,1,0.888212,A
1,1,0.716104,A
0,1,0.654343,A
1,1,0.721601,A
0,0,0.266660,A
1,1,0.589625,A
1,0,0.417250,A
1,1,0.798162,A
0,1,0.718187,A
1,0,0.358942,A
0,0,0.314127,A
0,0,0.426653,A
0,0,0.432117,A
1,1,0.616470,A
1,0,0.480083,A
1,1,0.895704,A
0,1,0.714567,A
1,1,0.512989,A
1,1,0.673731,A
0,1,0.551260,A
1,0,0.435871,A
1,0,0.098055,A
1,0,0.355632,A
0,0,0.484087,A
0,0,0.255327,A
1,1,0.599073,A
0,1,0.551318,A
0,1,0.751239,A
0,1,0.531876,A
1,1,0.561802,A
0,0,0.314518,A
1,1,0.534526,A
1,1,0.945666,A
0,0,0.358735,A
1,1,0.863440,A
0,1,0.776855,A
0,0,0.487948,A
0,0,0.286006,A
0,0,0.377038,A
0,1,0.800165,A
1,1,0.602855,A
0,0,0.389830,A
1,0,0.436294,A
0,0,0.451704,A
1,1,0.589894,A
0,0,0.449331,A
1,0,0.408227,A
0,0,0.207726,A
0,0,0.351049,A
0,1,0.587881,A
1,1,0.644024,A
1,1,0.624396,A
1,0,0.472958,A
1,1,0.739407,A
1,1,0.654676,A
0,0,0.143904,A
1,0,0.471021,A
1,0,0.347346,A
0,0,0.364742,A
1,0,0.400890,A
1,1,0.500291,A
1,0,0.351839,A
1,1,0.523548,A
1,1,0.553779,A
1,1,0.511963,A
0,1,0.504869,A
0,1,0.696825,A
0,1,0.638331,A
0,1,0.625883,A
0,0,0.462626,A
1,1,0.534775,A
0,0,0.349094,A
1,1,0.658602,A
0,0,0.410141,A
1,1,0.907847,A
1,1,0.642571,A
1,1,0.767134,A
0,0,0.228307,A
1,1,0.564974,A
1,1,0.541326,A
0,0,0.361753,A
1,1,0.752490,A
1,0,0.348675,A
0,0,0.405758,A
0,0,0.217366,A
0,1,0.766293,A
0,1,0.631960,A
0,1,0.507419,A
0,1,0.810075,A
1,0,0.469071,A
0,1,0.500883,A
0,1,0.530754,A
0,0,0.288685,A
0,0,0.411495,A
1,1,0.778656,A
1,1,0.818482,A
1,1,0.530587,A
0,0,0.387539,A
1,1,0.598046,A
0,0,0.355384,A
0,1,0.581037,A
1,1,0.680972,A
1,0,0.442128,A
1,0,0.372695,A
0,0,0.314897,A
1,1,0.640388,A
1,1,0.789847,A
1,0,0.475291,A
1,1,0.813227,A
0,1,0.624197,A
0,1,0.646862,A
0,0,0.395750,A
0,0,0.348965,A
1,0,0.425407,A
0,0,0.424973,A
0,0,0.332754,A
0,1,0.563170,A
0,1,0.717179,A
1,1,0.519573,A
0,1,0.565022,A
0,1,0.609367,A
1,1,0.631142,A
1,1,0.543352,A
0,0,0.322880,A
1,1,0.697595,A
0,0,0.394917,A
1,1,0.586976,A
1,0,0.490112,A
1,1,0.551032,A
0,0,0.409363,A
1,1,0.664039,A
1,1,0.590233,A
0,0,0.306699,A
1,0,0.345920,A
0,0,0.444734,A
0,1,0.650022,A
0,0,0.428177,A
0,0,0.269867,A
1,0,0.288623,A
1,0,0.495041,A
0,0,0.490254,A
0,0,0.406254,A
0,1,0.512922,A
0,0,0.266947,A
1,0,0.287523,A
1,1,0.615909,A
0,0,0.211052,A
0,0,0.437240,A
0,0,0.349001,A
1,1,0.661643,A
0,0,0.423531,A
0,0,0.371334,A
1,1,0.659904,A
0,0,0.279903,A
1,1,0.700031,A
0,0,0.280041,A
1,1,0.892538,A
0,1,0.561471,A
0,0,0.191120,A
1,1,0.846634,A
1,0,0.491695,A
1,0,0.411796,A
0,1,0.576621,A
1,0,0.336811,A
0,0,0.182592,A
0,1,0.643140,A
1,0,0.222518,A
1,0,0.351726,A
1,0,0.483780,A
0,1,0.550606,A
1,0,0.368464,A
0,0,0.340799,A
0,0,0.433750,A
1,1,0.611550,A
1,1,0.510947,A
0,1,0.500272,A
1,0,0.365059,A
0,0,0.298898,A
1,1,0.852694,A
0,1,0.568653,A
0,1,0.529658,A
0,0,0.397217,A
0,1,0.515675,A
0,1,0.625990,A
0,0,0.380803,A
1,1,0.548363,A
0,0,0.421385,A
0,0,0.416629,A
0,1,0.627650,A
0,1,0.623037,A
1,1,0.597318,A
1,1,0.596525,A
1,1,0.666764,A
0,1,0.509001,A
1,1,0.700808,A
1,1,0.791402,A
0,0,0.238479,A
1,0,0.238645,A
0,1,0.579217,A
0,0,0.222502,A
1,1,0.651828,A
1,1,0.516126,A
1,1,0.544525,A
1,1,0.879626,A
0,0,0.230810,A
1,1,0.638631,A
0,0,0.336146,A
0,0,0.370252,A
1,1,0.657180,A
1,1,0.666244,A
1,1,0.536459,A
0,0,0.321849,A
0,0,0.482034,A
0,0,0.193025,A
0,0,0.478018,A
0,0,0.175984,A
1,1,0.512772,A
1,0,0.361663,A
1,1,0.723160,A
0,0,0.256630,A
1,0,0.324321,A
0,0,0.370613,A
0,1,0.501797,A
0,0,0.472093,A
1,1,0.667230,A
1,1,0.577262,A
0,1,0.629882,A
0,0,0.364632,A
1,1,0.667613,A
1,1,0.735137,A
1,1,0.694474,A
1,1,0.597443,A
0,0,0.492264,A
1,1,0.811353,A
0,0,0.243422,A
0,0,0.444392,A
0,0,0.404391,A
1,1,0.543359,A
0,0,0.305245,A
1,0,0.436222,A
1,0,0.495394,A
1,0,0.331505,A
1,1,0.846376,A
0,1,0.566208,A
1,0,0.401033,A
1,1,0.544794,A
1,1,0.935682,A
1,0,0.495122,A
0,0,0.380978,A
0,0,0.199977,A
0,1,0.806391,A
1,0,0.380782,A
0,1,0.539406,A
1,0,0.423362,A
1,1,0.552140,A
1,1,0.525668,A
1,0,0.437939,A
1,0,0.409687,A
1,0,0.383011,A
0,1,0.515579,A
0,0,0.404699,A
0,1,0.534753,A
1,0,0.314857,A
0,0,0.230626,A
0,1,0.644075,A
1,1,0.657897,A
1,0,0.289670,A
0,0,0.390326,A
1,1,0.649326,A
0,1,0.542501,A
1,1,0.598319,A
1,1,0.548911,A
1,0,0.357228,A
1,1,0.757049,A
1,0,0.463910,A
0,0,0.240091,A
1,1,0.712531,A
0,1,0.643975,A
1,0,0.258109,A
0,1,0.536238,A
0,0,0.203006,A
1,1,0.807946,A
1,1,0.890335,A
0,0,0.448411,A
1,1,0.827628,A
0,0,0.409474,A
1,0,0.361812,A
0,0,0.377684,A
1,0,0.381206,A
1,1,0.509104,A
1,1,0.575705,A
0,1,0.540170,A
0,0,0.356557,A
1,1,0.655162,A
0,0,0.330037,A
1,1,0.873285,A
1,0,0.387411,A
0,0,0.466844,A
1,0,0.345784,A
1,0,0.452673,A
1,1,0.660517,A
0,1,0.633690,A
0,0,0.337534,A
0,1,0.544475,A
0,0,0.459700,A
1,0,0.436511,A
0,1,0.603577,A
0,1,0.780144,A
1,1,0.552494,A
0,0,0.425543,A
1,1,0.739193,A
1,1,0.743461,A
1,1,0.568955,A
1,1,0.571931,A
0,0,0.481698,A
0,0,0.368752,A
1,1,0.554074,A
0,0,0.191315,A
0,0,0.092116,A
0,0,0.296796,A
0,0,0.451394,A
1,0,0.489039,A
1,1,0.630853,A
1,0,0.371721,A
1,0,0.212627,A
1,1,0.814367,A
0,0,0.288032,A
0,0,0.422385,A
0,1,0.693398,A
0,1,0.519327,A
0,0,0.314702,A
1,1,0.592121,A
0,1,0.552984,A
0,1,0.526413,A
0,0,0.194016,A
1,1,0.645757,A
1,1,0.554885,A
1,0,0.413856,A
0,0,0.129619,A
0,0,0.219599,A
0,0,0.310571,A
1,1,0.708967,A
0,0,0.213390,A
0,0,0.213307,A
1,0,0.330728,A
0,1,0.888156,A
0,0,0.411362,A
0,0,0.244760,A
1,1,0.693463,A
0,0,0.448461,A
0,0,0.139345,A
1,1,0.633905,A
1,1,0.605284,A
0,0,0.338722,A
1,1,0.682377,A
1,1,0.654258,A
1,1,0.893342,A
0,0,0.390592,A
1,1,0.627957,A
0,0,0.142095,A
0,1,0.776609,A
1,1,0.557118,A
1,1,0.757499,A
1,0,0.073133,A
0,1,0.510294,A
1,0,0.320701,A
1,0,0.263149,A
0,1,0.513634,A
0,0,0.337658,A
1,1,0.540004,A
0,0,0.148100,A
0,1,0.625998,A
1,1,0.625675,A
0,0,0.414630,A
1,1,0.850389,A
1,1,0.796640,A
1,1,0.743365,A
1,0,0.479705,A
0,0,0.216658,A
1,1,0.877088,A
1,1,0.602527,A
0,1,0.669647,A
0,1,0.518883,A
1,1,0.544848,A
1,0,0.366351,A
0,0,0.247844,A
1,1,0.561616,A
0,1,0.694989,A
1,0,0.466338,A
0,0,0.170031,A
1,1,0.832951,A
0,0,0.307159,A
1,1,0.546935,A
1,1,0.766652,A
0,0,0.392377,A
1,0,0.370527,A
1,0,0.428285,A
1,0,0.372416,A
1,0,0.370771,A
1,0,0.314530,A
0,0,0.445460,A
1,1,0.547430,A
0,0,0.474886,A
1,0,0.413095,A
0,0,0.357237,A
1,0,0.462781,A
1,0,0.446380,A
0,0,0.446057,A
1,1,0.757074,A
0,1,0.533229,A
0,0,0.167511,A
0,0,0.208478,A
0,0,0.433369,A
0,0,0.194083,A
0,0,0.328972,A
0,1,0.654298,A
0,1,0.686735,A
0,1,0.729162,A
0,1,0.689537,A
0,0,0.105006,A
1,1,0.548398,A
0,0,0.337404,A
0,1,0.526385,A
0,0,0.458992,A
1,1,0.682284,A
1,0,0.404802,A
0,0,0.473535,A
0,0,0.133575,A
1,0,0.434990,A
1,1,0.691989,A
0,0,0.271623,A
0,0,0.185042,A
0,0,0.281932,A
0,0,0.313964,A
1,0,0.295433,A
1,1,0.601529,A
0,1,0.571781,A
1,1,0.841158,A
0,0,0.397038,A
0,0,0.225850,A
1,1,0.782843,A
1,1,0.543550,A
1,1,0.521080,A
0,0,0.114354,A
0,0,0.308395,A
0,1,0.592239,A
1,1,0.717439,A
1,1,0.658821,A
0,0,0.348274,A
0,0,0.116108,A
0,1,0.661672,A
1,1,0.537300,A
1,1,0.663003,A
1,1,0.510032,A
0,1,0.593546,A
1,0,0.267167,A
1,1,0.743583,A
1,0,0.268483,A
1,1,0.928631,A
0,0,0.493356,A
0,0,0.338748,A
0,0,0.475394,A
0,1,0.617094,A
0,0,0.453526,A
0,0,0.164399,A
1,0,0.441050,A
1,0,0.405413,A
1,1,0.556625,A
0,0,0.413360,A
1,1,0.698757,A
1,1,0.518499,A
1,1,0.868202,A
0,1,0.556518,A
1,0,0.411152,A
1,1,0.735742,A
1,1,0.895204,A
1,1,0.607521,A
0,1,0.638242,A
0,0,0.238754,A
1,0,0.467893,A
1,1,0.704818,A
0,0,0.433570,A
0,1,0.783970,A
1,0,0.468895,A
0,0,0.349538,A
1,0,0.379241,A
1,1,0.635610,A
0,1,0.674422,A
1,1,0.876278,A
0,0,0.207792,A
1,1,0.581523,A
0,0,0.168023,A
0,1,0.640366,A
0,0,0.396235,A
1,1,0.763536,A
0,0,0.132246,A
0,0,0.453888,A
1,1,0.771609,A
1,0,0.423312,A
1,0,0.108238,A
1,0,0.339404,A
0,1,0.545510,A
0,1,0.656818,A
1,1,0.649847,A
1,0,0.499049,A
0,1,0.528467,A
1,0,0.342944,A
1,1,0.529194,A
1,0,0.463191,A
1,1,0.571606,A
1,0,0.423867,A
1,1,0.556617,A
1,1,0.589223,A
0,1,0.665079,A
0,0,0.271972,A
1,1,0.588967,A
0,0,0.444785,A
0,1,0.600146,A
0,0,0.453520,A
0,0,0.480055,A
1,1,0.716279,A
1,0,0.464266,A
1,1,0.938427,A
0,1,0.542267,A
0,1,0.776374,A
0,1,0.683535,A
0,0,0.334343,A
1,0,0.451877,A
1,1,0.609459,A
0,0,0.294296,A
0,0,0.304765,A
0,0,0.356287,A
0,1,0.559935,A
0,1,0.663929,A
0,0,0.326601,A
0,0,0.320207,A
1,0,0.470250,A
1,1,0.716496,A
0,1,0.611380,A
1,1,0.650123,A
1,1,0.565909,A
0,0,0.404801,A
1,1,0.573421,A
1,1,0.927341,A
0,0,0.459520,A
1,1,0.650525,A
0,0,0.370050,A
0,1,0.701640,A
1,1,0.855458,A
0,0,0.341901,A
0,0,0.442589,A
1,0,0.403068,A
0,1,0.568201,A
1,1,0.812906,A
1,1,0.596940,A
1,1,0.888572,A
0,0,0.418513,A
0,0,0.121299,A
0,0,0.369419,A
0,0,0.095318,A
0,0,0.314694,A
1,1,0.820852,A
1,0,0.325918,A
0,0,0.185044,A
1,0,0.384820,A
1,1,0.501511,A
1,1,0.517030,A
0,1,0.520050,A
1,0,0.443224,A
0,1,0.755345,A
1,1,0.729767,A
0,0,0.177318,A
1,1,0.887906,A
1,0,0.424550,A
0,0,0.186492,A
1,1,0.600220,A
0,0,0.474940,A
1,0,0.444418,A
0,1,0.564615,A
1,0,0.367096,A
0,1,0.523649,A
1,0,0.355934,A
0,1,0.609555,A
1,1,0.659361,A
0,0,0.462036,A
0,0,0.120961,A
1,1,0.568697,A
1,0,0.494388,A
0,0,0.219293,A
0,1,0.649221,A
0,0,0.174357,A
0,1,0.891572,A
0,1,0.537845,A
1,1,0.694795,A
1,0,0.454915,A
1,1,0.647697,A
1,0,0.318071,A
1,1,0.715678,A
1,1,0.675514,A
0,1,0.509503,A
1,1,0.620233,A
0,0,0.149529,A
1,1,0.602744,A
1,0,0.455210,A
1,1,0.886600,A
0,1,0.650076,A
0,0,0.284594,A
0,0,0.411725,A
1,1,0.571922,A
0,0,0.216790,A
1,0,0.416215,A
1,0,0.476971,A
1,0,0.315893,A
1,0,0.463983,A
0,0,0.274673,A
1,1,0.590130,A
0,0,0.432954,A
1,1,0.584299,A
1,1,0.612959,A
0,1,0.776033,A
1,1,0.801504,A
1,0,0.389708,A
0,0,0.282499,A
0,1,0.626571,A
1,0,0.305411,A
1,0,0.380577,A
0,1,0.860434,A
1,1,0.597131,A
1,0,0.185171,A
1,1,0.684420,A
0,0,0.423246,A
0,1,0.592903,A
0,1,0.511307,A
1,1,0.649472,A
1,1,0.729804,A
1,0,0.434106,A
0,1,0.671758,A
1,0,0.459676,A
1,0,0.442552,A
0,0,0.312523,A
1,1,0.583126,A
1,0,0.424012,A
1,1,0.822374,A
1,1,0.727204,A
0,0,0.407614,A
0,0,0.273899,A
0,0,0.363736,A
0,0,0.415009,A
0,0,0.217445,A
0,1,0.549902,A
0,0,0.218178,A
0,0,0.203852,A
0,0,0.255132,A
0,0,0.394722,A
1,1,0.666402,A
0,0,0.421855,A
1,1,0.835316,A
0,0,0.417693,A
0,0,0.486573,A
0,0,0.444499,A
0,0,0.361516,A
0,0,0.303599,A
0,0,0.461975,A
1,1,0.574260,A
0,0,0.486301,A
1,1,0.541035,A
1,0,0.352341,A
1,0,0.321327,A
0,1,0.674503,A
0,0,0.291598,A
1,1,0.658795,A
1,1,0.895218,A
1,1,0.600997,A
1,1,0.581859,A
1,1,0.757979,A
1,1,0.696201,A
0,1,0.523244,A
0,1,0.583148,A
0,0,0.281914,A
1,1,0.605913,A
1,1,0.720896,A
1,1,0.710727,A
0,1,0.533919,A
0,0,0.456996,A
0,0,0.449186,A
0,0,0.398785,A
0,0,0.408999,A
0,0,0.251430,A
1,1,0.617738,A
0,1,0.620193,A
0,1,0.662387,A
1,1,0.738043,A
1,0,0.256103,A
1,1,0.538135,A
0,0,0.463718,A
1,1,0.532079,A
1,1,0.530837,A
0,1,0.583242,A
1,1,0.639816,A
1,0,0.447063,A
1,0,0.341558,A
0,0,0.452054,A
1,0,0.441607,A
1,0,0.349760,A
1,1,0.528714,A
0,1,0.702512,A
0,0,0.393427,A
1,0,0.477175,A
1,0,0.163745,A
0,1,0.639820,A
0,0,0.356498,A
1,1,0.631180,A
1,1,0.651082,A
0,0,0.193581,A
0,0,0.087215,A
0,0,0.182020,A
0,0,0.351751,A
0,0,0.341026,A
1,0,0.498963,A
1,1,0.772393,A
0,1,0.504431,A
1,1,0.685766,A
1,0,0.484808,A
1,1,0.681527,A
0,0,0.465653,A
0,0,0.387283,A
0,0,0.100587,A
1,0,0.478197,A
1,0,0.489418,A
1,1,0.685430,A
1,0,0.410629,A
0,0,0.450313,A
0,0,0.346480,A
0,0,0.481696,A
1,1,0.510082,A
0,1,0.589639,A
0,0,0.174093,A
1,1,0.758310,A
0,0,0.222884,A
0,0,0.435817,A
0,1,0.580956,A
0,0,0.289509,A
1,1,0.557674,A
0,0,0.376216,A
0,0,0.328840,A
1,1,0.584745,A
1,1,0.678082,A
0,1,0.620956,A
0,0,0.273205,A
1,0,0.414421,A
0,1,0.619080,A
1,1,0.795557,A
0,1,0.507248,A
0,1,0.580299,A
1,0,0.451413,A
1,1,0.602254,A
1,1,0.593426,A
0,1,0.842896,A
1,1,0.778938,A
0,0,0.440123,A
1,0,0.386797,A
0,1,0.860868,A
1,1,0.569147,A
0,0,0.488022,A
1,0,0.224163,A
1,0,0.401030,A
1,1,0.708677,A
1,0,0.466713,A
0,0,0.187689,A
1,0,0.216444,A
1,1,0.524670,A
1,1,0.606627,A
1,1,0.797271,A
0,1,0.500513,A
1,1,0.516928,A
0,0,0.178574,A
0,0,0.372893,A
1,1,0.671399,A
1,1,0.648944,A
0,1,0.686054,A
1,1,0.622563,A
1,1,0.726911,A
1,1,0.672101,A
0,0,0.239918,A
0,0,0.237194,A
1,1,0.772157,A
0,1,0.635669,A
1,1,0.547788,A
0,0,0.474990,A
0,0,0.193369,A
1,0,0.407782,A
0,0,0.212156,A
1,1,0.576888,A
0,1,0.705747,A
1,1,0.882015,A
1,1,0.668535,A
1,0,0.456892,A
0,1,0.640519,A
1,0,0.493383,A
1,1,0.788564,A
1,0,0.372314,A
0,1,0.521509,A
1,1,0.850391,A
1,1,0.662395,A
0,0,0.420235,A
0,0,0.450904,A
0,1,0.565095,A
1,1,0.505241,A
1,0,0.459452,A
0,0,0.436867,A
1,1,0.926570,A
1,1,0.732936,A
0,0,0.474446,A
0,0,0.426951,A
0,1,0.636567,A
1,1,0.698662,A
1,1,0.881386,A
1,1,0.764551,A
1,1,0.660084,A
0,1,0.625226,A
1,0,0.468863,A
1,1,0.660245,A
1,0,0.259404,A
1,1,0.577095,A
1,1,0.767601,A
0,0,0.270242,A
1,0,0.309306,A
1,0,0.290568,A
1,1,0.705295,A
1,1,0.649689,A
1,1,0.565651,A
0,1,0.607675,A
0,0,0.353354,A
1,1,0.568610,A
0,0,0.088857,A
0,1,0.767245,A
0,1,0.654548,A
1,1,0.850900,A
1,0,0.472843,A
0,0,0.124794,A
1,1,0.704489,A
1,1,0.814272,A
1,0,0.350651,A
1,0,0.289559,A
0,0,0.117040,A
0,0,0.412642,A
0,0,0.447267,A
1,1,0.656143,A
0,1,0.587696,A
0,1,0.624344,A
0,1,0.798718,A
0,0,0.487470,A
0,0,0.035293,A
1,1,0.678313,A
1,1,0.596649,A
1,1,0.680098,A
0,1,0.521850,A
1,1,0.697638,A
1,0,0.372627,A
1,0,0.286093,A
1,0,0.493502,A
0,0,0.346755,A
0,0,0.464829,A
0,0,0.119924,A
1,0,0.492575,A
0,1,0.733804,A
1,1,0.552070,A
0,0,0.268429,A
0,0,0.446586,A
1,1,0.647643,A
0,1,0.542943,A
1,1,0.778306,A
0,0,0.382227,A
1,0,0.476579,A
1,0,0.400577,A
0,0,0.346001,A
1,0,0.324705,A
1,1,0.520629,A
1,1,0.827061,A
0,0,0.262561,A
0,1,0.682133,A
1,1,0.628843,A
0,0,0.222946,A
0,0,0.493623,A
0,0,0.331018,A
1,0,0.410284,A
1,0,0.440630,A
1,1,0.502647,A
1,0,0.369656,A
1,1,0.623656,A
1,1,0.519126,A
1,1,0.933378,A
1,1,0.547362,A
1,0,0.217623,A
1,1,0.697290,A
0,1,0.784636,A
1,0,0.168157,A
1,1,0.574635,A
0,0,0.202805,A
1,1,0.603440,A
0,1,0.657094,A
1,1,0.560081,A
1,1,0.574610,A
1,0,0.324333,A
1,0,0.431905,A
1,0,0.306028,A
0,0,0.309556,A
1,0,0.143044,A
0,1,0.609732,A
1,1,0.714828,A
1,1,0.818394,A
1,1,0.754378,A
1,1,0.599039,A
1,1,0.615850,A
0,1,0.896185,A
1,1,0.777342,A
1,1,0.721785,A
0,1,0.502046,A
1,1,0.563016,A
0,1,0.535275,A
1,1,0.564588,A
1,1,0.831668,A
1,0,0.427263,A
0,0,0.268505,A
0,0,0.242183,A
1,1,0.598703,A
0,0,0.216003,A
1,0,0.471365,A
1,0,0.410072,A
0,0,0.239794,A
1,0,0.426026,A
0,1,0.788331,A
0,0,0.101258,A
0,1,0.694390,A
0,0,0.418202,A
0,0,0.192434,A
0,1,0.647031,A
0,0,0.461405,A
0,0,0.273280,A
1,1,0.727287,A
1,1,0.593110,A
1,1,0.689156,A
0,0,0.266137,A
1,1,0.846366,A
1,1,0.604132,A
1,1,0.890455,A
0,0,0.279327,A
0,0,0.458754,A
0,0,0.299453,A
0,1,0.534947,A
1,0,0.405593,A
0,1,0.630943,A
0,1,0.624736,A
0,0,0.254655,A
0,0,0.450419,A
1,1,0.581618,A
1,1,0.610382,A
1,0,0.390443,A
0,0,0.248673,A
0,0,0.194870,A
1,0,0.207576,A
0,1,0.531864,A
0,1,0.500170,A
0,0,0.438422,A
1,1,0.762562,A
0,1,0.526032,A
1,0,0.395581,A
1,1,0.805606,A
1,1,0.567775,A
0,0,0.400377,A
0,0,0.313582,A
1,0,0.387392,A
1,1,0.838050,A
0,0,0.292133,A
1,1,0.521680,A
1,1,0.558894,A
0,0,0.339153,A
1,0,0.380618,A
0,0,0.435666,A
1,1,0.901793,A
0,0,0.363393,A
0,1,0.571292,A
1,1,0.532399,A
0,0,0.150789,A
1,1,0.575224,A
1,0,0.472953,A
0,0,0.388675,A
0,0,0.420395,A
1,0,0.448908,A
1,1,0.775550,A
1,0,0.454002,A
1,1,0.617793,A
0,1,0.517546,A
1,1,0.535438,A
1,1,0.579669,A
1,1,0.505618,A
0,0,0.470803,A
0,0,0.242277,A
1,1,0.899275,A
1,0,0.417642,A
0,0,0.121585,A
1,1,0.525415,A
1,0,0.306497,A
0,1,0.661788,A
1,1,0.660725,A
1,0,0.396478,A
0,1,0.525371,A
0,1,0.505405,A
0,0,0.299626,A
0,0,0.426769,A
0,0,0.441493,A
1,1,0.716641,A
1,1,0.744323,A
1,1,0.892291,A
1,1,0.731654,A
1,1,0.626056,A
1,1,0.597496,A
0,0,0.380291,A
1,1,0.601914,A
1,1,0.600839,A
0,0,0.112766,A
0,1,0.567009,A
1,1,0.541661,A
0,0,0.483143,A
0,0,0.267916,A
1,0,0.428472,A
0,0,0.362898,A
1,1,0.509213,A
1,1,0.713965,A
1,0,0.459348,A
0,0,0.286831,A
1,1,0.563962,A
1,0,0.266616,A
1,0,0.459079,A
0,1,0.542127,A
1,1,0.652642,A
0,1,0.651140,A
0,0,0.344288,A
1,0,0.186267,A
1,0,0.294937,A
1,1,0.686186,A
1,1,0.549661,A
0,0,0.488201,A
1,0,0.401211,A
1,0,0.334887,A
0,1,0.606255,A
0,0,0.100965,A
0,1,0.520089,A
1,1,0.504093,A
1,1,0.765250,A
1,1,0.638466,A
0,0,0.296712,A
1,1,0.827616,A
1,0,0.496154,A
1,1,0.553046,A
1,1,0.752479,A
1,1,0.628962,A
0,1,0.510025,A
1,1,0.821448,A
0,1,0.559133,A
1,1,0.500341,A
1,0,0.416597,A
0,0,0.233922,A
0,1,0.635586,A
1,1,0.909729,A
0,0,0.346389,A
1,0,0.175181,A
0,1,0.516776,A
1,0,0.434146,A
0,1,0.506340,A
0,0,0.459672,A
1,0,0.318445,A
0,0,0.318141,A
0,0,0.239752,A
1,0,0.331739,A
1,1,0.616315,A
1,0,0.165304,A
1,1,0.654758,A
1,0,0.329297,A
1,1,0.744687,A
0,0,0.396442,A
0,1,0.569917,A
1,0,0.445692,A
0,0,0.325657,A
0,1,0.599918,A
1,0,0.413059,A
1,0,0.431734,A
1,0,0.261640,A
1,1,0.697037,A
0,0,0.291518,A
0,0,0.366653,A
1,0,0.310287,A
0,0,0.161913,A
0,1,0.713104,A
0,0,0.309408,A
0,0,0.185853,A
1,0,0.394372,A
0,1,0.654349,A
0,0,0.387210,A
1,1,0.615928,A
1,1,0.647567,A
1,0,0.455143,A
0,0,0.411634,A
1,1,0.683105,A
1,1,0.880848,A
1,1,0.644127,A
1,0,0.477489,A
1,1,0.720926,A
0,0,0.071738,A
1,0,0.412788,A
1,1,0.576601,A
1,1,0.539679,A
1,0,0.402607,A
1,1,0.627592,A
1,0,0.435479,A
1,1,0.506420,A
0,1,0.512361,A
1,1,0.532055,A
0,1,0.508727,A
1,1,0.743808,A
0,0,0.428920,A
0,0,0.233209,A
1,1,0.624352,A
1,0,0.316430,A
0,1,0.548670,A
1,0,0.427668,A
1,1,0.740223,A
0,0,0.390717,A
0,1,0.648332,A
1,1,0.508667,A
1,0,0.454592,A
0,0,0.248281,A
0,0,0.442449,A
0,1,0.624007,A
0,0,0.241081,A
1,1,0.750173,A
1,1,0.779565,A
1,1,0.677773,A
1,1,0.717453,A
1,1,0.607608,A
0,0,0.498236,A
0,1,0.746746,A
1,0,0.484301,A
1,1,0.547661,A
1,1,0.521351,A
1,0,0.419195,A
0,0,0.492528,A
0,0,0.402139,A
1,1,0.524990,A
1,1,0.668545,A
1,0,0.484605,A
0,0,0.267040,A
0,1,0.598807,A
0,0,0.332852,A
1,0,0.374917,A
1,0,0.398237,A
0,0,0.367796,A
0,1,0.644540,A
1,1,0.756478,A
1,1,0.633171,A
1,0,0.408359,A
0,0,0.126525,A
1,1,0.554753,A
1,0,0.479245,A
0,1,0.518745,A
1,0,0.405281,A
0,1,0.539703,A
1,0,0.453649,A
1,0,0.499885,A
0,0,0.411086,A
1,1,0.560235,A
1,1,0.703086,A
1,1,0.618348,A
0,0,0.486207,A
1,1,0.737206,A
0,0,0.261783,A
0,1,0.541915,A
0,0,0.305044,A
0,1,0.715666,A
1,1,0.703620,A
1,1,0.668738,A
0,0,0.173875,A
0,0,0.342066,A
0,0,0.447787,A
0,1,0.531600,A
1,1,0.804681,A
0,0,0.447101,A
1,1,0.664450,A
1,1,0.504126,A
1,1,0.751892,A
1,0,0.380299,A
0,0,0.373674,A
1,1,0.514679,A
0,0,0.249360,A
1,1,0.739246,A
0,0,0.305695,A
1,1,0.539829,A
1,1,0.915245,A
0,0,0.488988,A
1,0,0.335464,A
0,0,0.484453,A
0,0,0.273134,A
0,1,0.536298,A
1,1,0.507348,A
1,1,0.677728,A
1,1,0.872293,A
1,1,0.529051,A
0,1,0.669092,A
1,1,0.683571,A
0,0,0.373458,A
1,0,0.467401,A
1,1,0.617781,A
1,1,0.636442,A
0,0,0.352061,A
1,1,0.519597,A
0,0,0.313688,A
0,1,0.553627,A
0,0,0.266097,A
0,0,0.369982,A
0,0,0.202144,A
1,1,0.748605,A
1,1,0.542006,A
1,1,0.549443,A
0,1,0.784936,A
1,1,0.733082,A
1,0,0.451628,A
0,1,0.542011,A
0,1,0.523306,A
0,1,0.722364,A
0,1,0.560784,A
0,0,0.497294,A
1,1,0.717460,A
1,1,0.672870,A
1,1,0.740983,A
1,0,0.491776,A
1,1,0.759379,A
1,0,0.414366,A
0,0,0.452423,A
1,0,0.412419,A
1,0,0.450459,A
0,0,0.323662,A
0,0,0.492809,A
1,1,0.712525,A
1,0,0.458672,A
0,1,0.716392,A
0,0,0.377915,A
1,1,0.644530,A
0,0,0.391380,A
1,1,0.587394,A
0,0,0.277358,A
1,1,0.570474,A
1,0,0.312945,A
0,0,0.331975,A
0,1,0.500084,A
0,1,0.529231,A
1,1,0.728235,A
1,1,0.729911,A
1,0,0.320826,A
0,0,0.491712,A
0,0,0.244081,A
0,1,0.611713,A
0,1,0.731702,A
1,0,0.358250,A
0,1,0.564757,A
1,1,0.506914,A
0,0,0.320125,A
1,1,0.634012,A
0,0,0.023030,A
0,1,0.637172,A
1,1,0.720364,A
1,0,0.436448,A
0,0,0.262951,A
1,1,0.606366,A
1,1,0.652032,A
0,0,0.331344,A
1,0,0.441706,A
1,1,0.567311,A
0,1,0.800751,A
1,1,0.666496,A
1,1,0.573815,A
1,0,0.413105,A
1,1,0.680554,A
1,1,0.639084,A
1,1,0.538489,A
1,0,0.468891,A
1,1,0.679544,A
0,0,0.463830,A
0,0,0.389567,A
1,0,0.348911,A
0,0,0.291513,A
1,1,0.815489,A
0,0,0.095142,A
0,0,0.350159,A
0,1,0.631407,A
0,0,0.464073,A
1,1,0.610073,A
1,1,0.675113,A
1,0,0.362745,A
0,0,0.081876,A
0,0,0.372856,A
1,0,0.267952,A
1,1,0.728593,A
1,0,0.347649,A
1,1,0.771827,A
1,0,0.464558,A
0,0,0.323381,A
0,0,0.278688,A
0,0,0.131398,A
1,0,0.496166,A
0,0,0.226015,A
0,1,0.553396,A
1,1,0.895823,A
1,0,0.443597,A
0,0,0.447696,A
1,1,0.620428,A
1,1,0.618985,A
1,0,0.352972,A
1,1,0.599602,A
1,1,0.844482,A
0,1,0.529790,A
0,1,0.588223,A
1,1,0.541315,A
1,1,0.582621,A
0,1,0.786910,A
0,0,0.197491,A
0,0,0.452002,A
0,0,0.352674,A
0,1,0.531695,A
1,1,0.880370,A
0,0,0.296056,A
0,1,0.544650,A
0,0,0.406566,A
1,1,0.621423,A
1,0,0.308299,A
1,1,0.766412,A
1,1,0.676577,A
1,1,0.530204,A
1,0,0.356314,A
1,0,0.269588,A
0,0,0.355819,A
1,1,0.567106,A
0,0,0.309161,A
0,1,0.683170,A
0,0,0.427520,A
1,1,0.705814,A
1,1,0.557490,A
0,1,0.734545,A
0,0,0.254787,A
0,1,0.581367,A
1,0,0.403359,A
1,1,0.759683,A
0,1,0.633782,A
0,0,0.439085,A
1,0,0.314127,A
0,1,0.518242,A
1,1,0.567562,A
0,1,0.641482,A
1,1,0.978320,A
0,0,0.200255,A
0,0,0.193044,A
1,0,0.360982,A
1,1,0.632085,A
0,1,0.695361,A
0,0,0.315278,A
1,0,0.462105,A
1,1,0.602063,A
1,1,0.712771,A
1,1,0.774432,A
0,1,0.547062,A
1,1,0.604231,A
0,0,0.352410,A
1,0,0.453921,A
1,0,0.430889,A
0,1,0.781709,A
1,1,0.555270,A
1,1,0.562214,A
0,1,0.727383,A
1,1,0.562168,A
1,0,0.408764,A
1,0,0.493238,A
0,1,0.511868,A
1,0,0.483270,A
0,1,0.643241,A
1,1,0.575166,A
1,0,0.236838,A
1,1,0.610983,A
1,1,0.792880,A
1,1,0.727438,A
0,1,0.702964,A
0,0,0.127758,A
1,1,0.648621,A
0,1,0.627861,A
0,0,0.261174,A
0,1,0.673985,A
0,0,0.262352,A
1,0,0.443418,A
0,1,0.615827,A
1,0,0.446428,A
1,0,0.338359,A
0,1,0.623086,A
0,0,0.315203,A
1,1,0.699682,A
0,0,0.261502,A
0,1,0.545421,A
1,0,0.467752,A
1,1,0.786043,A
1,1,0.571925,A
1,1,0.514166,A
1,1,0.571405,A
1,1,0.622867,A
1,0,0.477897,A
1,1,0.584710,A
0,0,0.478119,A
0,1,0.520795,A
0,0,0.397463,A
1,0,0.446387,A
0,0,0.499430,A
0,1,0.678333,A
1,0,0.363243,A
1,1,0.867762,A
0,0,0.263594,A
0,1,0.535318,A
0,0,0.260925,A
1,1,0.642592,A
1,0,0.414616,A
0,0,0.357953,A
1,0,0.438033,A
0,0,0.144252,A
1,1,0.852178,A
0,0,0.412957,A
1,1,0.682330,A
1,1,0.609409,A
0,1,0.508687,A
1,1,0.673245,A
0,0,0.316541,A
0,0,0.425783,A
0,0,0.337357,A
0,0,0.434515,A
1,1,0.861096,A
1,0,0.472033,A
0,1,0.853956,A
0,0,0.177306,A
0,1,0.520901,A
0,1,0.718135,A
0,0,0.213817,A
0,0,0.470715,A
0,1,0.598702,A
1,1,0.526685,A
1,1,0.563489,A
0,1,0.652126,A
0,0,0.379542,A
1,1,0.613848,A
1,1,0.647972,A
0,1,0.581959,A
0,1,0.618822,A
0,1,0.627784,A
0,0,0.370260,A
1,1,0.612815,A
1,1,0.693104,A
1,1,0.860259,A
0,0,0.471731,A
1,1,0.771097,A
0,1,0.547811,A
1,1,0.707943,A
0,0,0.466952,A
1,1,0.623456,A
1,1,0.746106,A
1,1,0.540996,A
0,0,0.378856,A
0,1,0.763006,A
1,0,0.462932,A
0,0,0.426871,A
0,1,0.919431,A
0,0,0.473465,A
0,0,0.443814,A
0,1,0.627777,A
0,1,0.529464,A
0,1,0.590566,A
1,1,0.685713,A
1,1,0.564833,A
0,0,0.184832,A
0,0,0.354869,A
1,1,0.839131,A
1,1,0.685691,A
1,0,0.331540,A
0,0,0.347686,A
0,0,0.398410,A
1,1,0.822745,A
1,1,0.674778,A
1,1,0.798989,A
1,0,0.481285,A
0,1,0.516008,A
1,0,0.360196,A
0,0,0.386458,A
0,0,0.239365,A
1,1,0.689258,A
1,1,0.756508,A
1,1,0.624265,A
1,1,0.651604,A
0,1,0.643079,A
1,1,0.809826,A
1,1,0.955646,A
0,0,0.384023,A
1,0,0.213859,A
1,0,0.463930,A
0,0,0.495204,A
0,0,0.173698,A
1,0,0.396999,A
0,1,0.628569,A
0,0,0.357957,A
1,1,0.560833,A
1,1,0.719684,A
1,0,0.497425,A
0,0,0.320633,A
1,1,0.525542,A
0,0,0.128267,A
1,1,0.722546,A
1,0,0.236915,A
0,1,0.509410,A
1,0,0.270112,A
0,0,0.480745,A
1,1,0.654081,A
1,1,0.537171,A
0,1,0.522673,A
1,1,0.544842,A
1,1,0.915649,A
0,0,0.452548,A
0,0,0.361322,A
1,0,0.359302,A
0,0,0.488158,A
0,0,0.293401,A
1,1,0.900818,A
1,1,0.683352,A
1,0,0.486384,A
0,0,0.471265,A
0,0,0.303482,A
0,0,0.411582,A
0,1,0.682911,A
0,0,0.360254,A
1,0,0.153625,A
0,0,0.291677,A
1,1,0.588241,A
0,1,0.689935,A
0,0,0.156767,A
1,1,0.572765,A
0,0,0.295840,A
1,1,0.567561,A
1,0,0.391740,A
1,0,0.396598,A
1,0,0.377556,A
0,0,0.281677,A
1,0,0.376084,A
1,1,0.749916,A
1,0,0.499019,A
1,1,0.888940,A
1,1,0.528134,A
1,0,0.444768,A
0,1,0.590525,A
1,1,0.596586,A
1,1,0.630116,A
1,0,0.480129,A
0,1,0.588727,A
0,0,0.352701,A
0,0,0.343393,A
0,0,0.360611,A
1,1,0.522835,A
0,1,0.651437,A
1,0,0.293171,A
1,1,0.658971,A
0,0,0.271347,A
1,1,0.517388,A
0,1,0.744518,A
1,1,0.705962,A
0,0,0.270667,A
1,1,0.738539,A
0,0,0.222022,A
0,1,0.624271,A
0,0,0.370856,A
1,1,0.567518,A
0,0,0.196341,A
0,1,0.601360,A
0,1,0.595320,A
0,1,0.517553,A
1,0,0.471105,A
1,1,0.625775,A
0,0,0.206006,A
0,0,0.458555,A
0,0,0.189486,A
1,1,0.754079,A
1,1,0.805876,A
1,0,0.410087,A
1,0,0.363601,A
1,1,0.552330,A
1,0,0.179150,A
0,0,0.329423,A
0,1,0.575072,A
1,0,0.372446,A
1,0,0.385682,A
0,1,0.625221,A
1,1,0.788233,A
1,0,0.473990,A
1,1,0.701922,A
1,1,0.763246,A
0,0,0.201669,A
1,0,0.409603,A
0,0,0.169689,A
1,1,0.797188,A
0,1,0.714403,A
0,0,0.451151,A
1,1,0.516445,A
1,1,0.571969,A
1,1,0.682150,A
0,0,0.139918,A
1,0,0.481724,A
1,1,0.774570,A
1,1,0.697595,A
0,0,0.183399,A
0,1,0.696367,A
0,0,0.351997,A
1,0,0.411333,A
0,0,0.433773,A
0,0,0.283649,A
1,1,0.517661,A
0,1,0.536264,A
0,0,0.385740,A
0,1,0.506492,A
0,1,0.662651,A
1,1,0.522257,A
0,0,0.153206,A
0,1,0.568859,A
1,1,0.632986,A
0,0,0.448870,A
1,1,0.607277,A
0,0,0.316102,A
0,0,0.344957,A
0,1,0.765893,A
1,1,0.538224,A
1,1,0.929476,A
1,0,0.481960,A
1,1,0.732573,A
0,0,0.424495,A
0,0,0.199256,A
1,1,0.555473,A
1,1,0.756787,A
0,0,0.227672,A
0,0,0.325812,A
1,1,0.706569,A
0,0,0.414817,A
1,1,0.716519,A
1,1,0.667340,A
1,0,0.253025,A
1,0,0.279898,A
1,0,0.355350,A
0,0,0.445375,A
1,0,0.386279,A
0,0,0.321882,A
1,1,0.575135,A
0,0,0.448940,A
0,0,0.355859,A
1,0,0.478390,A
1,1,0.698535,A
1,1,0.548247,A
0,1,0.636806,A
1,1,0.603429,A
0,0,0.086446,A
1,1,0.666629,A
0,1,0.684235,A
1,1,0.647465,A
1,1,0.504681,A
1,0,0.261361,A
0,0,0.174298,A
1,0,0.286292,A
1,0,0.350762,A
0,1,0.517660,A
1,1,0.636971,A
0,1,0.528416,A
1,1,0.864499,A
1,1,0.534450,A
1,1,0.922406,A
1,1,0.712121,A
1,1,0.774260,A
0,0,0.266504,A
1,1,0.504300,A
0,0,0.260338,A
1,0,0.482448,A
0,1,0.664470,A
1,1,0.650407,A
0,0,0.148026,A
1,1,0.552615,A
0,0,0.403675,A
0,0,0.221436,A
1,0,0.267526,A
0,1,0.512136,A
1,1,0.563325,A
0,0,0.309200,A
0,0,0.298566,A
0,0,0.349325,A
1,0,0.313606,A
0,0,0.465827,A
1,0,0.332042,A
1,1,0.741151,A
0,0,0.436446,A
0,0,0.222347,A
0,1,0.557489,A
1,0,0.451987,A
1,0,0.166680,A
1,1,0.668901,A
1,0,0.495020,A
1,1,0.601835,A
1,1,0.919470,A
1,1,0.805531,A
0,0,0.433002,A
0,1,0.513808,A
1,0,0.455137,A
1,0,0.340253,A
0,0,0.228492,A
0,1,0.729889,A
1,1,0.602007,A
1,1,0.601097,A
1,0,0.415452,A
0,0,0.430188,A
0,1,0.703181,A
0,0,0.325257,A
0,1,0.541196,A
1,1,0.741994,A
0,1,0.778305,A
1,1,0.670705,A
0,0,0.482567,A
0,1,0.532975,A
0,0,0.149087,A
0,0,0.136746,A
1,0,0.493458,A
0,0,0.294817,A
1,0,0.199233,A
1,1,0.825605,A
1,1,0.753438,A
1,0,0.297778,A
1,1,0.707792,A
0,0,0.460315,A
0,1,0.643621,A
0,1,0.538661,A
1,1,0.751146,A
0,0,0.333995,A
0,1,0.503872,A
1,0,0.490961,A
1,0,0.302864,A
1,1,0.571813,A
1,0,0.433775,A
0,1,0.516870,A
1,1,0.508036,A
0,1,0.647649,A
0,0,0.141139,A
1,0,0.432986,A
0,0,0.378613,A
1,0,0.326597,A
0,0,0.226230,A
1,0,0.373626,A
1,1,0.554398,A
1,1,0.796198,A
1,1,0.551615,A
1,0,0.463209,A
0,0,0.446675,A
0,0,0.202800,A
0,1,0.678991,A
0,1,0.569536,A
1,1,0.808562,A
0,1,0.681316,A
0,1,0.547728,A
1,1,0.756962,A
1,1,0.687394,A
0,0,0.439883,A
1,0,0.312609,A
0,0,0.305992,A
1,1,0.585550,A
1,1,0.660522,A
1,1,0.663325,A
1,1,0.574130,A
1,1,0.837705,A
1,0,0.453918,A
1,1,0.532467,A
0,0,0.422764,A
1,1,0.670143,A
0,0,0.458213,A
1,1,0.856424,A
1,1,0.541277,A
1,1,0.706218,A
0,0,0.374378,A
0,0,0.487381,A
0,0,0.462556,A
0,0,0.139103,A
1,0,0.432698,A
1,1,0.837760,A
1,0,0.391815,A
0,1,0.513740,A
0,0,0.291876,A
0,0,0.488963,A
0,0,0.335693,A
0,0,0.342895,A
0,0,0.450590,A
0,1,0.522350,A
0,0,0.270099,A
0,0,0.334736,A
1,1,0.910379,A
0,1,0.518860,A
0,0,0.421767,A
0,0,0.489746,A
1,1,0.695291,A
1,0,0.260603,A
0,1,0.754423,A
0,0,0.230874,A
1,1,0.585149,A
0,1,0.584707,A
1,1,0.657644,A
1,0,0.385789,A
0,1,0.725814,A
1,1,0.856923,A
0,0,0.236305,A
0,0,0.257201,A
0,0,0.194936,A
0,0,0.240108,A
1,0,0.375364,A
1,1,0.669439,A
1,1,0.718267,A
0,1,0.581885,A
0,0,0.456169,A
1,0,0.485364,A
1,1,0.566714,A
0,1,0.587899,A
1,1,0.593876,A
0,0,0.415303,A
1,1,0.501370,A
1,0,0.442895,A
1,0,0.233717,A
0,1,0.583931,A
1,0,0.414495,A
0,1,0.604441,A
0,0,0.275835,A
1,1,0.508292,A
1,1,0.797604,A
1,1,0.593123,A
1,1,0.687263,A
0,1,0.656586,A
1,1,0.550467,A
0,1,0.832075,A
0,1,0.768676,A
0,0,0.493203,A
0,0,0.473109,A
0,0,0.475037,A
0,1,0.768873,A
1,1,0.845759,A
1,1,0.682153,A
0,0,0.273517,A
1,1,0.659125,A
1,1,0.518212,A
0,0,0.389725,A
1,0,0.194819,A
1,1,0.670588,A
1,1,0.943484,A
1,1,0.512932,A
0,0,0.355965,A
1,1,0.624239,A
1,0,0.457762,A
1,1,0.658962,A
0,1,0.586917,A
1,1,0.731924,A
0,0,0.384783,A
1,1,0.707168,A
0,0,0.386633,A
0,1,0.518281,A
0,0,0.346112,A
1,1,0.784931,A
1,1,0.625635,A
0,0,0.419329,A
1,0,0.410561,A
0,1,0.504915,A
0,1,0.542021,A
1,1,0.630771,A
1,0,0.288007,A
1,1,0.666391,A
0,0,0.481896,A
1,1,0.830739,A
1,1,0.519588,A
0,0,0.137401,A
0,0,0.172880,A
0,0,0.470311,A
1,1,0.651260,A
1,1,0.539117,A
1,1,0.660987,A
1,1,0.707453,A
1,0,0.411630,A
1,1,0.563119,A
1,1,0.545474,A
1,1,0.670572,A
0,1,0.596348,A
1,0,0.224260,A
0,1,0.856687,A
1,1,0.549764,A
1,1,0.716265,A
0,0,0.278544,A
0,0,0.152469,A
1,1,0.801619,A
0,1,0.523082,A
1,0,0.241176,A
0,1,0.620923,A
1,0,0.373958,A
0,1,0.621080,A
1,1,0.534208,A
1,1,0.773730,A
1,0,0.401695,A
0,0,0.471749,A
1,1,0.638963,A
1,1,0.762090,A
1,1,0.700065,A
1,1,0.687591,A
0,0,0.380321,A
0,0,0.337788,A
1,1,0.529216,A
0,1,0.624403,A
0,0,0.438569,A
1,1,0.614449,A
0,0,0.479011,A
0,0,0.411214,A
1,1,0.555898,A
1,0,0.472168,A
1,1,0.825318,A
1,1,0.654398,A
0,0,0.182188,A
1,0,0.352630,A
0,1,0.550381,A
0,0,0.460383,A
1,0,0.185018,A
0,0,0.275089,A
0,0,0.478411,A
1,0,0.456047,A
0,1,0.629063,A
0,0,0.382329,A
0,0,0.124599,A
0,1,0.758192,A
1,1,0.513055,A
0,0,0.441236,A
1,1,0.660891,A
1,0,0.488969,A
0,0,0.246362,A
0,0,0.305441,A
1,1,0.747959,A
0,0,0.212965,A
0,0,0.183904,A
1,1,0.524351,A
1,0,0.467171,A
1,1,0.548037,A
1,1,0.602778,A
1,0,0.468542,A
1,0,0.370335,A
0,0,0.439686,A
1,1,0.597450,A
1,1,0.651242,A
1,1,0.510442,A
0,1,0.519061,A
0,0,0.497299,A
1,1,0.509750,A
0,0,0.254244,A
0,1,0.603004,A
0,1,0.758209,A
0,1,0.618804,A
0,0,0.286100,A
1,1,0.620606,A
1,1,0.670842,A
0,0,0.336240,A
0,0,0.130487,A
0,1,0.503720,A
1,1,0.706229,A
1,1,0.592593,A
0,0,0.197934,A
0,1,0.719449,A
1,1,0.627620,A
1,0,0.421756,A
0,0,0.254529,A
0,1,0.621796,A
0,0,0.195210,A
1,1,0.676770,A
1,1,0.855024,A
1,1,0.752458,A
1,1,0.509631,A
1,0,0.433191,A
0,0,0.365471,A
0,0,0.256127,A
1,1,0.852797,A
0,0,0.225872,A
1,0,0.429759,A
0,1,0.588274,A
1,1,0.839237,A
1,0,0.315025,A
1,0,0.396226,A
1,1,0.839020,A
1,0,0.416057,A
0,0,0.493084,A
1,1,0.825714,A
1,0,0.457972,A
1,1,0.897475,A
1,0,0.435448,A
0,1,0.592544,A
1,1,0.766805,A
1,1,0.587231,A
0,0,0.463447,A
1,0,0.433773,A
0,0,0.374704,A
0,0,0.219344,A
1,0,0.470755,A
0,0,0.327480,A
0,1,0.596717,A
0,1,0.550335,A
1,0,0.258435,A
0,1,0.770758,A
0,0,0.260097,A
1,1,0.811250,A
0,0,0.407467,A
0,0,0.169160,A
1,1,0.631920,A
0,0,0.406215,A
1,1,0.780272,A
0,0,0.380235,A
0,0,0.198114,A
0,0,0.342218,A
0,0,0.298982,A
0,1,0.581400,A
1,1,0.847669,A
0,0,0.426338,A
1,1,0.516316,A
0,1,0.516003,A
1,1,0.650605,A
0,0,0.328708,A
1,1,0.575255,A
1,1,0.510311,A
1,1,0.767932,A
0,0,0.197146,A
1,1,0.647908,A
1,0,0.337833,A
0,1,0.702365,A
1,1,0.732918,A
0,0,0.484935,A
1,1,0.815257,A
0,1,0.515722,A
0,1,0.643492,A
1,1,0.595512,A
1,0,0.290239,A
0,0,0.253054,A
0,0,0.127645,A
0,0,0.447410,A
1,1,0.627559,A
1,1,0.675487,A
1,1,0.781316,A
0,1,0.596006,A
1,1,0.567159,A
1,0,0.491299,A
1,1,0.567675,A
1,0,0.326738,A
0,0,0.071454,A
1,1,0.744983,A
0,0,0.041714,A
0,0,0.331185,A
0,0,0.378213,A
0,1,0.866307,A
0,0,0.338570,A
1,1,0.531998,A
1,1,0.745674,A
0,1,0.778004,A
0,0,0.345507,A
0,0,0.300665,A
1,1,0.582778,A
0,0,0.366805,A
1,0,0.481728,A
0,0,0.160713,A
0,0,0.413927,A
1,1,0.628870,A
1,1,0.671265,A
1,0,0.458094,A
0,1,0.609581,A
0,0,0.464096,A
0,1,0.593496,A
1,1,0.829743,A
1,0,0.257047,A
1,1,0.601375,A
0,1,0.750803,A
0,1,0.556207,A
1,1,0.509837,A
1,0,0.227068,A
1,1,0.838256,A
1,0,0.336238,A
0,0,0.428192,A
1,1,0.629899,A
1,1,0.790744,A
0,1,0.633914,A
0,1,0.678595,A
1,1,0.503109,A
0,0,0.449773,A
0,0,0.356662,A
0,1,0.515013,A
1,0,0.444354,A
0,0,0.352333,A
1,0,0.408629,A
1,0,0.351632,A
1,1,0.587000,A
0,0,0.321883,A
1,1,0.697437,A
0,1,0.646907,A
0,1,0.558271,A
0,1,0.505018,A
1,1,0.519643,A
0,0,0.056995,A
1,1,0.924709,A
1,1,0.706730,A
0,0,0.250739,A
0,0,0.089234,A
1,0,0.134659,A
0,1,0.542315,A
0,1,0.699842,A
1,0,0.288392,A
0,0,0.420950,A
0,0,0.291499,A
0,0,0.484557,A
0,1,0.655026,A
0,0,0.286702,A
0,1,0.587428,A
1,0,0.291226,A
1,1,0.717802,A
0,0,0.422760,A
0,0,0.327478,A
1,1,0.893275,A
1,1,0.624971,A
1,0,0.376101,A
0,0,0.125725,A
1,1,0.862951,A
1,1,0.533070,A
1,1,0.599503,A
1,0,0.448216,A
1,1,0.563537,A
1,1,0.754630,A
0,1,0.598825,A
1,1,0.692239,A
1,1,0.711073,A
1,0,0.347552,A
0,0,0.301833,A
0,1,0.641948,A
0,0,0.395877,A
0,1,0.705672,A
0,1,0.579183,A
0,0,0.098188,A
1,1,0.751520,A
0,0,0.226362,A
1,1,0.699482,A
0,0,0.247577,A
1,0,0.279218,A
1,1,0.793912,A
1,0,0.441815,A
1,1,0.708109,A
1,1,0.589729,A
1,1,0.819887,A
0,0,0.160290,A
0,1,0.575494,A
0,0,0.455134,A
0,1,0.643606,A
0,1,0.873920,A
1,1,0.872380,A
0,0,0.294852,A
1,1,0.767847,A
1,1,0.571726,A
1,1,0.668755,A
0,0,0.314360,A
0,0,0.136717,A
0,0,0.489614,A
1,1,0.707727,A
0,0,0.486644,A
0,0,0.460561,A
0,0,0.281936,A
0,0,0.286813,A
1,1,0.501561,A
0,1,0.644062,A
0,0,0.197670,A
0,0,0.327004,A
0,0,0.093482,A
1,0,0.114087,A
1,1,0.629685,A
0,0,0.197277,A
1,1,0.722209,A
1,1,0.689675,A
1,1,0.638941,A
1,0,0.432485,A
1,1,0.721645,A
0,0,0.265069,A
0,0,0.228303,A
0,0,0.432128,A
1,1,0.594910,A
0,1,0.658344,A
0,0,0.220453,A
0,1,0.527001,A
0,1,0.517039,A
1,0,0.487808,A
1,1,0.646895,A
1,1,0.560320,A
0,0,0.220441,A
0,0,0.141138,A
0,0,0.411077,A
1,1,0.565118,A
0,1,0.569708,A
0,1,0.654992,A
0,0,0.425586,A
1,1,0.695577,A
1,0,0.491346,A
0,0,0.494762,A
0,0,0.480809,A
1,0,0.420612,A
1,1,0.775523,A
0,0,0.422726,A
1,1,0.527258,B
0,0,0.339374,B
1,1,0.623991,B
1,1,0.575180,B
1,0,0.385907,B
0,1,0.567046,B
1,1,0.597499,B
1,1,0.762853,B
1,1,0.530717,B
0,0,0.454229,B
0,1,0.630302,B
1,0,0.359469,B
0,1,0.718522,B
1,0,0.243751,B
1,1,0.778106,B
1,1,0.678420,B
1,0,0.448506,B
1,1,0.803201,B
1,0,0.148596,B
1,1,0.890158,B
1,1,0.782922,B
1,1,0.747420,B
1,1,0.705445,B
0,0,0.194813,B
0,0,0.271982,B
1,1,0.678988,B
0,1,0.650442,B
0,1,0.582393,B
1,0,0.373991,B
1,1,0.744301,B
0,1,0.510615,B
0,0,0.240018,B
1,1,0.607473,B
1,1,0.812578,B
0,1,0.584784,B
1,1,0.791882,B
0,1,0.589047,B
1,0,0.359888,B
0,1,0.845195,B
0,1,0.594799,B
0,0,0.441059,B
0,1,0.582729,B
0,1,0.733888,B
1,1,0.687971,B
1,0,0.390960,B
1,0,0.446380,B
0,1,0.665529,B
0,0,0.187195,B
0,1,0.521476,B
0,0,0.440819,B
0,0,0.313428,B
1,0,0.407898,B
1,1,0.589396,B
0,0,0.404670,B
1,1,0.578756,B
0,0,0.477064,B
0,1,0.565278,B
0,1,0.679504,B
1,1,0.836438,B
0,0,0.339869,B
1,0,0.214679,B
0,0,0.490855,B
0,0,0.299301,B
0,0,0.458898,B
1,1,0.731019,B
1,0,0.445719,B
0,0,0.253634,B
1,0,0.424019,B
0,0,0.232643,B
0,1,0.615233,B
1,1,0.500761,B
1,0,0.441150,B
0,1,0.583749,B
1,0,0.479840,B
0,0,0.342536,B
1,0,0.444203,B
0,0,0.135790,B
1,0,0.386514,B
1,0,0.462881,B
1,1,0.735200,B
1,1,0.839587,B
0,0,0.398907,B
1,0,0.337316,B
1,1,0.645523,B
1,1,0.541433,B
1,1,0.544171,B
1,1,0.517160,B
1,1,0.798917,B
1,1,0.687889,B
0,1,0.705485,B
1,1,0.727379,B
1,1,0.502230,B
1,1,0.602389,B
1,1,0.743441,B
0,0,0.496702,B
0,0,0.206527,B
0,0,0.335246,B
0,0,0.337735,B
0,0,0.143901,B
0,1,0.679281,B
0,0,0.480353,B
1,0,0.301803,B
0,1,0.554279,B
0,1,0.605994,B
0,1,0.616582,B
1,1,0.527216,B
1,1,0.765593,B
1,1,0.759512,B
1,1,0.708132,B
0,0,0.439616,B
0,1,0.753748,B
1,1,0.808795,B
0,0,0.473881,B
1,0,0.432093,B
0,1,0.525805,B
0,0,0.336157,B
1,1,0.905354,B
1,1,0.807856,B
0,0,0.408823,B
1,1,0.707755,B
0,1,0.656039,B
1,0,0.455074,B
0,1,0.563672,B
1,0,0.205150,B
0,0,0.193577,B
0,0,0.484103,B
1,0,0.418885,B
0,1,0.733881,B
0,1,0.815977,B
1,0,0.474989,B
1,0,0.361833,B
0,1,0.880935,B
0,0,0.455024,B
0,0,0.377018,B
1,1,0.844960,B
1,1,0.628133,B
1,1,0.664848,B
0,1,0.515880,B
1,0,0.342554,B
1,0,0.339674,B
0,0,0.339733,B
0,0,0.402696,B
0,0,0.293205,B
1,0,0.370916,B
1,0,0.496066,B
0,0,0.446337,B
0,1,0.746527,B
1,0,0.337821,B
1,0,0.476123,B
1,1,0.659114,B
1,1,0.804931,B
0,0,0.440067,B
1,0,0.448000,B
0,0,0.300695,B
1,0,0.474362,B
1,0,0.473564,B
1,1,0.745076,B
0,0,0.107275,B
0,1,0.687192,B
0,0,0.355938,B
1,1,0.503447,B
0,1,0.562418,B
0,0,0.461077,B
1,1,0.644075,B
0,0,0.487672,B
1,0,0.195077,B
0,0,0.489376,B
1,1,0.662776,B
1,1,0.777284,B
1,1,0.667505,B
1,1,0.792164,B
0,1,0.789028,B
1,1,0.531520,B
0,0,0.447080,B
0,0,0.461802,B
0,1,0.854911,B
0,0,0.463584,B
0,0,0.341280,B
1,1,0.668318,B
0,0,0.188373,B
1,1,0.542090,B
1,0,0.392625,B
1,1,0.590838,B
0,0,0.456959,B
1,0,0.429774,B
0,0,0.025918,B
1,0,0.443440,B
1,1,0.767721,B
0,0,0.168656,B
0,1,0.682152,B
1,1,0.520791,B
1,1,0.571099,B
0,1,0.515390,B
0,1,0.516803,B
0,1,0.653881,B
1,1,0.790419,B
1,1,0.766872,B
0,0,0.204189,B
1,1,0.620721,B
1,0,0.245818,B
0,1,0.569619,B
1,1,0.716655,B
1,1,0.618089,B
0,0,0.386156,B
0,0,0.315197,B
1,1,0.526318,B
0,1,0.708323,B
0,1,0.719696,B
1,1,0.677383,B
1,0,0.371367,B
0,0,0.443432,B
1,0,0.478136,B
1,1,0.608743,B
1,1,0.568604,B
0,0,0.432582,B
1,1,0.644299,B
0,0,0.174593,B
0,1,0.577530,B
1,0,0.318681,B
1,1,0.794569,B
1,1,0.869577,B
1,1,0.547624,B
0,0,0.216494,B
1,1,0.688524,B
0,0,0.470596,B
0,1,0.593426,B
1,1,0.563232,B
1,0,0.437422,B
1,1,0.603941,B
1,1,0.523220,B
0,0,0.278631,B
1,0,0.452585,B
0,0,0.446781,B
0,0,0.371894,B
0,1,0.563949,B
0,0,0.440494,B
1,1,0.586261,B
0,0,0.235577,B
0,0,0.374573,B
1,0,0.417490,B
0,0,0.343516,B
0,0,0.422701,B
0,0,0.262286,B
0,1,0.511175,B
1,0,0.359012,B
0,0,0.440056,B
0,0,0.424374,B
0,1,0.682521,B
1,0,0.396051,B
1,1,0.621003,B
1,1,0.567959,B
1,1,0.745595,B
1,0,0.303393,B
0,0,0.407838,B
0,0,0.357383,B
0,0,0.494497,B
1,1,0.846659,B
1,1,0.679198,B
1,1,0.664687,B
0,1,0.593172,B
0,0,0.424319,B
0,0,0.396533,B
1,1,0.736892,B
1,1,0.713505,B
0,0,0.388534,B
1,0,0.405975,B
0,1,0.590563,B
0,0,0.419319,B
1,1,0.509393,B
0,0,0.488845,B
0,1,0.524785,B
1,1,0.562435,B
0,1,0.521885,B
1,1,0.586723,B
0,1,0.806578,B
0,0,0.405053,B
0,1,0.609963,B
0,0,0.022794,B
0,1,0.553489,B
1,0,0.360499,B
0,1,0.573085,B
0,1,0.639280,B
1,0,0.236140,B
0,0,0.224774,B
1,0,0.465293,B
0,1,0.505399,B
1,1,0.917731,B
1,0,0.306884,B
1,0,0.256088,B
1,1,0.906851,B
1,1,0.793988,B
0,0,0.146053,B
1,1,0.674207,B
1,1,0.716807,B
0,0,0.237072,B
0,0,0.254493,B
0,1,0.593261,B
1,0,0.363971,B
1,1,0.641955,B
0,1,0.671079,B
1,0,0.349374,B
1,1,0.585960,B
1,0,0.321076,B
0,0,0.448962,B
0,0,0.294659,B
1,1,0.769943,B
0,0,0.244549,B
0,1,0.579528,B
1,1,0.501940,B
1,1,0.833539,B
0,0,0.120414,B
1,1,0.618888,B
0,1,0.915691,B
1,1,0.876743,B
1,1,0.881492,B
1,0,0.168187,B
1,1,0.925194,B
1,1,0.718668,B
1,1,0.728554,B
1,0,0.313611,B
0,0,0.232354,B
1,1,0.608737,B
0,1,0.541738,B
1,0,0.311770,B
0,1,0.556315,B
1,1,0.722710,B
1,1,0.761735,B
1,1,0.537887,B
0,0,0.279459,B
0,0,0.436463,B
0,1,0.710511,B
0,1,0.507109,B
0,1,0.515957,B
1,1,0.853933,B
1,1,0.645463,B
1,0,0.474792,B
0,0,0.347600,B
1,1,0.831486,B
0,0,0.439106,B
1,1,0.783124,B
0,0,0.298261,B
1,0,0.477883,B
1,1,0.530952,B
1,1,0.636694,B
0,0,0.390402,B
0,1,0.565173,B
0,0,0.254732,B
1,1,0.676410,B
0,1,0.617651,B
1,0,0.398211,B
0,1,0.508174,B
1,1,0.614040,B
0,0,0.445152,B
1,1,0.842929,B
0,0,0.131577,B
0,0,0.409222,B
0,1,0.694322,B
1,1,0.590558,B
1,0,0.478672,B
0,1,0.508517,B
1,1,0.764303,B
0,1,0.681768,B
1,1,0.913209,B
0,1,0.513573,B
1,1,0.723563,B
1,1,0.921751,B
1,1,0.631570,B
0,0,0.269228,B
1,0,0.482020,B
1,1,0.679107,B
1,1,0.717526,B
0,0,0.352941,B
1,0,0.335003,B
1,1,0.629143,B
0,0,0.472743,B
0,0,0.459084,B
1,1,0.579170,B
1,1,0.516626,B
0,1,0.676224,B
1,1,0.793236,B
1,1,0.586282,B
1,1,0.593756,B
0,0,0.371950,B
1,0,0.423486,B
0,0,0.294911,B
0,0,0.464070,B
1,1,0.549323,B
0,0,0.369374,B
0,0,0.415963,B
0,0,0.341760,B
1,1,0.673859,B
1,1,0.504388,B
1,0,0.314485,B
1,0,0.301263,B
0,1,0.614156,B
1,1,0.728144,B
0,1,0.568616,B
0,0,0.454841,B
1,1,0.854897,B
0,0,0.181779,B
1,1,0.857965,B
0,0,0.277831,B
1,0,0.460021,B
1,1,0.501811,B
0,1,0.601528,B
0,0,0.362472,B
1,1,0.832051,B
0,1,0.532183,B
0,0,0.462603,B
1,1,0.517374,B
0,0,0.105716,B
1,1,0.603057,B
1,1,0.735766,B
1,1,0.843724,B
0,1,0.541518,B
1,0,0.378989,B
1,1,0.528193,B
0,0,0.138758,B
0,0,0.351208,B
0,0,0.107417,B
1,1,0.546049,B
1,0,0.379714,B
0,0,0.236147,B
0,1,0.554079,B
0,0,0.240273,B
0,0,0.428229,B
1,0,0.427845,B
0,1,0.547828,B
1,1,0.726314,B
1,1,0.830127,B
1,1,0.565664,B
1,0,0.408439,B
1,0,0.305907,B
0,1,0.507635,B
1,1,0.826150,B
1,1,0.546792,B
1,1,0.587079,B
1,1,0.566701,B
1,1,0.592646,B
0,0,0.371396,B
1,1,0.764792,B
0,0,0.336687,B
0,1,0.576874,B
1,0,0.020337,B
0,1,0.503483,B
0,1,0.726866,B
1,0,0.171818,B
0,0,0.331581,B
0,1,0.506781,B
1,1,0.621788,B
0,0,0.432543,B
0,0,0.369117,B
1,1,0.527680,B
0,0,0.160941,B
1,0,0.452687,B
0,0,0.389179,B
1,1,0.592084,B
0,1,0.693932,B
0,0,0.483353,B
1,0,0.497492,B
0,1,0.733677,B
1,1,0.762083,B
1,1,0.630126,B
0,1,0.528112,B
0,1,0.637963,B
0,0,0.215479,B
1,1,0.675212,B
0,0,0.484461,B
1,1,0.526800,B
0,0,0.253112,B
1,0,0.310234,B
1,0,0.427359,B
1,0,0.270311,B
1,0,0.486839,B
1,1,0.527756,B
0,0,0.496641,B
0,0,0.321515,B
0,1,0.616368,B
0,0,0.336032,B
1,0,0.160363,B
0,0,0.279041,B
1,0,0.495350,B
0,0,0.240147,B
1,1,0.519733,B
0,0,0.181091,B
1,1,0.518933,B
0,1,0.681770,B
1,0,0.354311,B
0,0,0.264349,B
1,1,0.875215,B
1,0,0.400395,B
1,1,0.641754,B
0,0,0.370128,B
0,1,0.527830,B
0,1,0.526041,B
0,0,0.181202,B
1,0,0.366540,B
0,1,0.651661,B
1,1,0.735031,B
0,1,0.583242,B
1,0,0.463789,B
1,0,0.498938,B
1,1,0.779653,B
0,0,0.417909,B
1,1,0.575295,B
0,0,0.410175,B
1,1,0.716588,B
1,1,0.727019,B
0,0,0.474412,B
1,1,0.858415,B
1,0,0.396140,B
0,1,0.684023,B
1,1,0.543708,B
1,0,0.179794,B
1,0,0.474161,B
1,1,0.696051,B
0,0,0.322275,B
0,0,0.347551,B
1,1,0.536787,B
1,1,0.844810,B
1,1,0.606486,B
0,1,0.752763,B
0,1,0.723627,B
0,0,0.462751,B
0,1,0.792866,B
1,1,0.659132,B
0,0,0.376010,B
1,0,0.474403,B
1,1,0.769304,B
1,1,0.640643,B
0,1,0.630348,B
1,1,0.730451,B
1,1,0.679788,B
1,1,0.556353,B
1,1,0.611130,B
1,1,0.584549,B
0,0,0.289294,B
0,0,0.482317,B
0,0,0.231525,B
1,1,0.592109,B
0,0,0.345119,B
1,1,0.697513,B
0,0,0.427105,B
1,0,0.381347,B
1,1,0.564075,B
1,0,0.499131,B
0,0,0.054940,B
0,0,0.400551,B
0,0,0.232788,B
0,0,0.435731,B
0,0,0.389512,B
0,1,0.648010,B
0,1,0.661459,B
0,1,0.650209,B
0,1,0.650454,B
0,0,0.406993,B
0,1,0.506369,B
1,1,0.873538,B
1,1,0.702591,B
1,1,0.622751,B
1,1,0.631619,B
0,0,0.420222,B
0,1,0.559458,B
1,0,0.461875,B
0,1,0.681130,B
1,1,0.965645,B
0,1,0.521641,B
1,0,0.286752,B
1,0,0.344019,B
0,1,0.787374,B
0,0,0.065321,B
0,0,0.399638,B
1,0,0.326694,B
1,1,0.584503,B
1,1,0.879451,B
0,0,0.108815,B
1,1,0.633069,B
0,0,0.363084,B
1,1,0.795230,B
1,1,0.755618,B
1,1,0.555243,B
0,1,0.856687,B
0,1,0.661742,B
0,1,0.526002,B
1,0,0.383959,B
1,1,0.642465,B
1,0,0.380156,B
1,1,0.652936,B
0,0,0.394140,B
0,1,0.536602,B
1,1,0.865341,B
0,0,0.261645,B
1,1,0.678945,B
0,0,0.390375,B
1,1,0.929189,B
1,0,0.395462,B
1,1,0.549056,B
1,0,0.376722,B
1,0,0.390206,B
1,0,0.413241,B
0,0,0.212184,B
0,1,0.575550,B
1,1,0.557884,B
0,1,0.632034,B
1,0,0.481179,B
0,1,0.674550,B
1,1,0.535210,B
1,0,0.471605,B
0,0,0.393957,B
0,1,0.611140,B
0,1,0.570019,B
0,0,0.200144,B
0,1,0.667711,B
1,1,0.557747,B
1,1,0.654996,B
1,0,0.367753,B
1,1,0.708900,B
1,0,0.284033,B
1,1,0.691512,B
1,1,0.646383,B
0,1,0.681124,B
1,0,0.432125,B
0,1,0.510800,B
0,0,0.159198,B
0,1,0.701033,B
1,0,0.221178,B
1,0,0.335655,B
1,0,0.205769,B
0,0,0.287284,B
0,0,0.385292,B
0,0,0.283607,B
1,1,0.759059,B
1,0,0.449150,B
0,0,0.484746,B
0,0,0.355515,B
0,0,0.320376,B
0,1,0.519007,B
0,0,0.444435,B
0,0,0.344662,B
0,0,0.498137,B
0,0,0.085536,B
1,0,0.492922,B
1,1,0.583624,B
0,1,0.615690,B
1,1,0.528244,B
1,0,0.447662,B
1,1,0.747355,B
1,1,0.548840,B
0,1,0.637489,B
0,0,0.368857,B
1,1,0.864115,B
1,0,0.413539,B
1,1,0.537397,B
1,1,0.732732,B
1,1,0.503227,B
0,0,0.273499,B
0,1,0.510018,B
1,1,0.663015,B
0,0,0.181589,B
1,1,0.614975,B
1,1,0.564665,B
0,1,0.509044,B
1,1,0.877961,B
1,1,0.539960,B
1,0,0.386923,B
0,1,0.657818,B
0,0,0.159183,B
0,0,0.317470,B
0,1,0.589683,B
0,0,0.127188,B
1,1,0.701329,B
0,0,0.434571,B
0,0,0.207925,B
1,0,0.436798,B
0,0,0.200624,B
1,1,0.790234,B
1,0,0.335603,B
1,1,0.568650,B
0,1,0.651783,B
0,0,0.327214,B
1,1,0.661368,B
1,0,0.351139,B
0,0,0.432529,B
1,0,0.161332,B
0,0,0.496601,B
1,0,0.400567,B
1,0,0.339342,B
0,0,0.109359,B
1,0,0.450210,B
0,1,0.762749,B
0,1,0.552034,B
1,0,0.337761,B
0,1,0.748429,B
0,0,0.362112,B
1,1,0.594854,B
0,0,0.359679,B
1,1,0.526685,B
1,1,0.548893,B
1,0,0.215762,B
1,1,0.649938,B
0,0,0.457133,B
1,1,0.569814,B
0,0,0.344952,B
0,0,0.356660,B
0,1,0.713958,B
0,1,0.721163,B
1,0,0.417279,B
0,1,0.635030,B
0,0,0.217808,B
1,1,0.562013,B
1,1,0.530097,B
1,0,0.297855,B
0,1,0.571584,B
1,1,0.612932,B
1,0,0.297581,B
0,0,0.345321,B
1,1,0.903533,B
0,0,0.128457,B
1,1,0.825902,B
1,0,0.463001,B
0,0,0.197108,B
0,0,0.487492,B
1,1,0.737999,B
0,1,0.535939,B
1,1,0.650260,B
1,1,0.729320,B
0,0,0.428159,B
1,1,0.707434,B
1,1,0.886357,B
0,0,0.425457,B
0,1,0.536191,B
1,1,0.771986,B
1,1,0.735207,B
1,0,0.470129,B
1,1,0.769304,B
0,0,0.269897,B
1,1,0.550450,B
0,0,0.289274,B
1,0,0.458167,B
0,0,0.495615,B
1,1,0.867580,B
0,1,0.614678,B
1,1,0.623631,B
0,0,0.394296,B
0,0,0.248635,B
0,0,0.329100,B
0,0,0.452204,B
1,1,0.730278,B
0,1,0.572913,B
0,0,0.362348,B
1,0,0.426496,B
0,0,0.463352,B
1,1,0.578183,B
0,0,0.360321,B
0,1,0.571355,B
0,0,0.298673,B
0,1,0.510303,B
1,0,0.484206,B
1,1,0.572242,B
0,1,0.614999,B
0,0,0.279432,B
1,1,0.527776,B
0,0,0.342272,B
0,1,0.580110,B
1,1,0.713840,B
1,1,0.669609,B
1,1,0.818650,B
1,0,0.346210,B
0,0,0.357835,B
1,1,0.763814,B
1,0,0.454115,B
0,0,0.343319,B
0,1,0.653696,B
0,0,0.478002,B
0,0,0.331099,B
0,1,0.501542,B
1,1,0.574728,B
0,1,0.663216,B
1,0,0.493454,B
0,1,0.750347,B
0,0,0.378841,B
1,1,0.574990,B
1,1,0.813334,B
0,0,0.230619,B
1,1,0.536458,B
0,0,0.317458,B
0,1,0.571042,B
1,1,0.637892,B
1,1,0.563675,B
1,0,0.347187,B
0,0,0.412367,B
0,0,0.416663,B
0,1,0.694008,B
0,1,0.539609,B
0,0,0.291724,B
1,0,0.471401,B
0,0,0.210958,B
1,0,0.329067,B
0,0,0.366025,B
1,1,0.582569,B
1,1,0.552356,B
0,0,0.440124,B
1,1,0.715679,B
1,1,0.770144,B
1,1,0.847373,B
0,0,0.420250,B
1,1,0.509761,B
1,1,0.622600,B
0,0,0.414919,B
1,0,0.494327,B
1,1,0.668064,B
0,0,0.336500,B
1,1,0.516812,B
0,1,0.563741,B
1,0,0.468175,B
0,0,0.236539,B
1,0,0.215181,B
0,0,0.473371,B
0,1,0.552875,B
0,1,0.603636,B
1,0,0.375850,B
0,1,0.506269,B
0,0,0.385942,B
1,0,0.251432,B
1,0,0.303792,B
1,1,0.568731,B
1,0,0.480214,B
1,1,0.638527,B
0,0,0.213011,B
1,1,0.633902,B
1,0,0.409078,B
1,0,0.453294,B
0,1,0.622079,B
1,1,0.643293,B
0,0,0.173416,B
0,1,0.569940,B
0,1,0.613104,B
1,1,0.555093,B
0,0,0.237806,B
0,1,0.707632,B
1,0,0.499780,B
0,0,0.200058,B
0,0,0.283495,B
0,0,0.188770,B
0,0,0.422110,B
0,0,0.302079,B
1,0,0.380400,B
0,0,0.267839,B
1,1,0.673522,B
0,1,0.512974,B
0,0,0.325242,B
0,0,0.312295,B
0,0,0.176471,B
1,1,0.574547,B
1,0,0.396058,B
0,0,0.263927,B
1,0,0.420601,B
1,1,0.695874,B
0,0,0.272274,B
0,0,0.353420,B
0,0,0.475706,B
0,0,0.309050,B
0,0,0.381545,B
0,1,0.558302,B
0,0,0.372016,B
0,0,0.402315,B
1,1,0.540770,B
0,1,0.565902,B
1,1,0.911972,B
0,0,0.361129,B
1,0,0.497617,B
0,0,0.420101,B
1,0,0.107611,B
0,0,0.248396,B
1,0,0.264734,B
1,0,0.351393,B
1,0,0.411587,B
1,1,0.655162,B
1,0,0.202163,B
1,1,0.504579,B
0,0,0.297874,B
0,1,0.657672,B
0,1,0.588683,B
1,1,0.728666,B
0,0,0.491088,B
1,0,0.362228,B
1,0,0.416578,B
1,0,0.190033,B
0,0,0.411137,B
0,0,0.476545,B
0,0,0.229757,B
1,1,0.931029,B
0,0,0.479792,B
1,1,0.728318,B
0,1,0.510806,B
1,1,0.778129,B
0,1,0.588811,B
1,1,0.543899,B
1,1,0.557217,B
1,1,0.707144,B
1,0,0.473834,B
1,1,0.706282,B
0,1,0.600726,B
0,0,0.311670,B
1,0,0.430878,B
1,1,0.591076,B
1,0,0.301803,B
1,1,0.539094,B
1,0,0.325522,B
0,0,0.453420,B
0,1,0.663111,B
0,1,0.588706,B
1,0,0.482153,B
1,0,0.455878,B
0,0,0.498847,B
0,1,0.765038,B
0,0,0.128995,B
1,1,0.566410,B
1,0,0.453054,B
1,1,0.536618,B
1,0,0.485016,B
1,0,0.305271,B
1,0,0.412890,B
1,1,0.530249,B
0,0,0.403605,B
1,1,0.651012,B
0,0,0.325371,B
0,0,0.396277,B
0,1,0.741429,B
0,1,0.568442,B
0,1,0.607804,B
1,0,0.447544,B
0,1,0.664446,B
1,1,0.538095,B
1,1,0.585834,B
1,1,0.691764,B
1,1,0.860974,B
1,1,0.559199,B
1,1,0.645522,B
0,0,0.361946,B
1,1,0.858978,B
0,0,0.411043,B
0,1,0.645792,B
0,1,0.624122,B
0,0,0.249418,B
0,1,0.627488,B
0,0,0.236799,B
0,1,0.504112,B
0,0,0.379945,B
0,1,0.617755,B
0,1,0.502035,B
1,0,0.308534,B
0,0,0.110165,B
0,1,0.662593,B
1,0,0.361659,B
0,0,0.219009,B
1,1,0.933252,B
0,0,0.465091,B
1,1,0.606590,B
1,1,0.515350,B
0,1,0.633612,B
1,1,0.519550,B
1,1,0.789490,B
0,1,0.770492,B
1,0,0.325315,B
1,1,0.503935,B
0,0,0.241389,B
1,0,0.286291,B
0,0,0.247079,B
0,1,0.559555,B
1,0,0.371310,B
1,0,0.467496,B
1,1,0.570465,B
1,0,0.473411,B
0,0,0.371542,B
0,0,0.223685,B
0,0,0.360536,B
0,0,0.252960,B
1,0,0.142117,B
1,1,0.545305,B
0,1,0.567654,B
0,0,0.266903,B
1,1,0.762153,B
1,1,0.817842,B
0,0,0.298921,B
0,0,0.386407,B
1,0,0.296292,B
0,0,0.264399,B
0,0,0.473383,B
0,0,0.415361,B
1,1,0.821299,B
1,1,0.558788,B
1,1,0.752209,B
0,0,0.025635,B
0,1,0.785221,B
1,1,0.632925,B
1,1,0.704867,B
1,1,0.581561,B
0,0,0.322212,B
1,0,0.273295,B
1,0,0.417227,B
0,0,0.485127,B
0,0,0.308328,B
0,0,0.358565,B
0,0,0.443003,B
0,1,0.698022,B
0,0,0.418290,B
0,0,0.430545,B
0,1,0.514969,B
1,1,0.539813,B
1,1,0.664591,B
0,0,0.183434,B
0,1,0.876227,B
1,1,0.656139,B
0,0,0.033732,B
0,0,0.351917,B
1,0,0.375597,B
1,1,0.880670,B
1,1,0.676051,B
1,1,0.563373,B
1,0,0.381347,B
0,0,0.235094,B
0,0,0.498929,B
1,0,0.365443,B
1,1,0.648370,B
1,1,0.521624,B
1,1,0.783455,B
0,0,0.485386,B
0,0,0.287937,B
1,1,0.573185,B
1,1,0.611486,B
1,1,0.777591,B
1,1,0.660904,B
0,0,0.488962,B
1,1,0.570635,B
1,1,0.629711,B
1,1,0.628711,B
0,0,0.254086,B
0,1,0.681655,B
1,1,0.824727,B
0,0,0.245920,B
1,1,0.616090,B
1,1,0.572694,B
1,1,0.807472,B
1,1,0.901369,B
0,0,0.290866,B
0,0,0.267691,B
0,0,0.413249,B
0,0,0.240458,B
1,1,0.649662,B
1,1,0.551153,B
0,1,0.520047,B
0,1,0.670936,B
1,1,0.735527,B
0,0,0.241958,B
1,1,0.602503,B
0,0,0.455860,B
0,1,0.535974,B
1,0,0.315161,B
1,1,0.788201,B
1,1,0.895650,B
0,0,0.190339,B
0,0,0.266547,B
1,1,0.636264,B
1,1,0.813926,B
0,0,0.470808,B
0,1,0.593935,B
0,1,0.503335,B
0,0,0.440333,B
0,1,0.501168,B
1,0,0.268150,B
0,0,0.458720,B
0,1,0.713260,B
1,1,0.894086,B
1,0,0.383473,B
1,1,0.632053,B
1,1,0.619713,B
1,1,0.801577,B
1,1,0.761635,B
1,0,0.193995,B
0,0,0.419017,B
1,1,0.537144,B
1,1,0.672756,B
1,1,0.600277,B
0,1,0.553090,B
0,0,0.450849,B
0,0,0.219335,B
1,0,0.442007,B
0,0,0.263763,B
1,1,0.910750,B
1,1,0.681450,B
0,0,0.293410,B
0,0,0.489638,B
1,1,0.597367,B
1,0,0.235256,B
1,1,0.846331,B
1,0,0.383428,B
1,0,0.111333,B
0,1,0.643013,B
0,0,0.398863,B
1,1,0.684184,B
1,0,0.482372,B
1,1,0.604782,B
1,1,0.530226,B
0,0,0.324537,B
0,1,0.774322,B
1,1,0.824432,B
0,1,0.595751,B
0,0,0.198647,B
0,0,0.333773,B
0,0,0.409141,B
0,0,0.199962,B
1,1,0.711900,B
0,0,0.202962,B
0,0,0.471343,B
1,1,0.684534,B
1,1,0.859175,B
1,1,0.617476,B
1,0,0.235755,B
1,0,0.469023,B
0,1,0.527182,B
1,0,0.479399,B
0,0,0.376147,B
1,1,0.886902,B
0,1,0.564125,B
0,0,0.409075,B
0,0,0.411158,B
0,1,0.545238,B
1,0,0.363145,B
0,1,0.570429,B
1,1,0.762943,B
1,1,0.734998,B
0,1,0.621917,B
0,0,0.324750,B
0,1,0.557495,B
1,0,0.323190,B
1,1,0.583820,B
0,1,0.900336,B
0,1,0.536205,B
1,0,0.266469,B
0,0,0.486077,B
1,0,0.364768,B
0,1,0.601503,B
0,0,0.146968,B
1,1,0.750425,B
0,1,0.552759,B
1,1,0.865721,B
1,0,0.493969,B
0,0,0.451190,B
0,0,0.397416,B
0,0,0.339012,B
1,1,0.717367,B
1,1,0.642604,B
0,1,0.721402,B
0,1,0.601290,B
0,0,0.445328,B
1,1,0.632423,B
1,1,0.623222,B
0,1,0.693782,B
0,1,0.547486,B
0,0,0.487083,B
1,1,0.750095,B
1,1,0.870202,B
1,1,0.563413,B
1,1,0.512826,B
0,1,0.630110,B
0,1,0.591227,B
0,0,0.444584,B
0,0,0.468641,B
1,1,0.583135,B
1,0,0.475224,B
0,0,0.130953,B
1,0,0.456621,B
1,1,0.959545,B
0,0,0.323262,B
1,1,0.549051,B
1,1,0.556872,B
0,1,0.527383,B
0,1,0.553805,B
0,0,0.415097,B
0,0,0.108328,B
1,0,0.304045,B
1,0,0.298769,B
0,0,0.401063,B
1,1,0.758314,B
1,1,0.555724,B
1,0,0.364674,B
0,1,0.599462,B
0,1,0.516823,B
1,0,0.233869,B
0,0,0.433101,B
1,1,0.553935,B
1,1,0.705433,B
0,1,0.750408,B
1,1,0.529381,B
0,1,0.571948,B
0,0,0.141518,B
0,0,0.432184,B
1,1,0.511476,B
1,1,0.554330,B
0,0,0.218032,B
0,0,0.331502,B
1,1,0.841532,B
0,1,0.637353,B
1,0,0.449849,B
0,0,0.195297,B
1,0,0.437714,B
1,1,0.806910,B
0,0,0.042720,B
1,1,0.806041,B
0,0,0.300201,B
0,0,0.108404,B
1,1,0.754536,B
0,1,0.528926,B
0,1,0.580627,B
1,1,0.553496,B
0,1,0.694622,B
0,0,0.278983,B
0,1,0.817816,B
1,1,0.649936,B
0,0,0.371105,B
0,0,0.343755,B
1,1,0.670778,B
1,1,0.630567,B
0,1,0.511920,B
1,0,0.386145,B
1,1,0.715454,B
1,0,0.388725,B
0,0,0.406974,B
0,1,0.543567,B
0,0,0.303199,B
1,1,0.649503,B
0,1,0.613220,B
0,0,0.418347,B
0,0,0.220856,B
0,1,0.506281,B
0,0,0.347548,B
1,1,0.616674,B
0,0,0.237575,B
1,1,0.656259,B
1,0,0.359099,B
1,1,0.722888,B
1,0,0.441338,B
0,1,0.635495,B
0,0,0.458473,B
1,0,0.401486,B
0,0,0.088060,B
1,1,0.526361,B
1,1,0.897686,B
0,1,0.625678,B
0,0,0.238927,B
0,0,0.452460,B
1,1,0.506896,B
0,0,0.452140,B
1,1,0.601468,B
1,1,0.725784,B
1,1,0.753245,B
1,0,0.488248,B
1,0,0.460464,B
0,0,0.378799,B
1,0,0.366207,B
1,1,0.645631,B
1,0,0.371423,B
0,0,0.477663,B
1,1,0.764875,B
1,1,0.813763,B
1,1,0.564067,B
0,1,0.526812,B
1,0,0.422444,B
1,1,0.828573,B
1,1,0.636212,B
0,0,0.051351,B
1,1,0.680998,B
0,0,0.344796,B
1,0,0.318520,B
1,0,0.335903,B
1,0,0.422697,B
1,0,0.379957,B
1,1,0.646983,B
0,1,0.589440,B
1,0,0.436481,B
1,0,0.428180,B
0,0,0.335481,B
0,0,0.398246,B
0,0,0.204242,B
0,1,0.641986,B
0,0,0.328435,B
1,0,0.358980,B
0,0,0.173316,B
0,0,0.381445,B
0,0,0.214917,B
0,0,0.082899,B
1,1,0.589008,B
1,0,0.131178,B
0,0,0.378138,B
1,0,0.449212,B
1,1,0.512860,B
1,0,0.468339,B
0,1,0.584824,B
1,1,0.675166,B
0,1,0.681156,B
0,0,0.468685,B
0,0,0.110188,B
0,0,0.267316,B
1,1,0.729268,B
1,1,0.578497,B
1,1,0.550216,B
1,0,0.477188,B
0,1,0.603821,B
1,1,0.755296,B
0,0,0.396571,B
1,0,0.457067,B
0,0,0.307915,B
1,0,0.415776,B
0,0,0.275278,B
1,0,0.492484,B
0,1,0.548207,B
1,1,0.516174,B
0,1,0.517660,B
1,1,0.764467,B
0,0,0.356478,B
0,1,0.598231,B
0,0,0.299357,B
0,0,0.279277,B
0,1,0.503716,B
1,0,0.449752,B
1,1,0.803320,B
1,0,0.393744,B
0,0,0.282115,B
1,1,0.951662,B
0,1,0.591119,B
1,1,0.710200,B
1,1,0.638444,B
1,1,0.523179,B
1,1,0.765508,B
1,1,0.605759,B
0,1,0.516175,B
0,1,0.557116,B
0,0,0.437009,B
1,0,0.414976,B
0,0,0.231304,B
1,0,0.405154,B
0,0,0.329297,B
1,0,0.332771,B
1,1,0.591498,B
1,1,0.556450,B
1,1,0.867186,B
0,1,0.810137,B
0,1,0.518378,B
1,0,0.435368,B
0,0,0.348857,B
1,1,0.534982,B
1,0,0.408540,B
1,1,0.612391,B
1,1,0.565645,B
1,1,0.779191,B
0,1,0.605383,B
0,1,0.563781,B
1,1,0.589431,B
1,0,0.271792,B
1,0,0.418939,B
0,0,0.261764,B
1,1,0.805172,B
0,1,0.662439,B
1,1,0.533422,B
1,1,0.529944,B
0,0,0.365029,B
1,1,0.650911,B
1,1,0.698606,B
1,0,0.411587,B
1,1,0.932164,B
1,0,0.228019,B
0,0,0.382345,B
1,1,0.704628,B
0,1,0.611479,B
0,1,0.531825,B
0,1,0.553092,B
0,0,0.174283,B
1,0,0.239690,B
0,1,0.586736,B
1,0,0.341828,B
1,1,0.542789,B
1,1,0.800119,B
1,0,0.209688,B
0,0,0.236433,B
0,0,0.409195,B
0,0,0.260974,B
1,1,0.620270,B
0,0,0.222223,B
0,1,0.693177,B
0,1,0.511553,B
1,1,0.616585,B
1,0,0.430386,B
0,1,0.520726,B
0,0,0.455679,B
1,1,0.768939,B
1,1,0.808416,B
1,1,0.505255,B
0,0,0.330141,B
0,0,0.297613,B
1,1,0.761230,B
1,1,0.642539,B
1,0,0.380527,B
1,1,0.565392,B
0,0,0.335619,B
1,1,0.521879,B
0,1,0.549045,B
1,1,0.647706,B
0,0,0.446520,B
0,0,0.419576,B
1,1,0.854680,B
0,0,0.111080,B
0,0,0.466654,B
1,0,0.364230,B
0,0,0.225864,B
1,1,0.521806,B
0,1,0.730825,B
1,1,0.818580,B
0,1,0.540242,B
1,1,0.544468,B
1,1,0.626356,B
0,0,0.435078,B
1,1,0.721090,B
0,0,0.210282,B
1,1,0.674471,B
0,1,0.861529,B
1,0,0.413916,B
1,1,0.602624,B
0,1,0.695756,B
1,1,0.539959,B
1,1,0.885869,B
1,1,0.567859,B
1,0,0.373238,B
0,0,0.245981,B
1,1,0.734835,B
1,0,0.475448,B
1,1,0.655652,B
0,0,0.465762,B
0,0,0.432961,B
0,0,0.462637,B
1,1,0.559465,B
1,0,0.413564,B
1,1,0.632939,B
0,1,0.742561,B
0,1,0.715854,B
0,1,0.617963,B
0,1,0.728701,B
1,1,0.705544,B
1,1,0.893899,B
1,1,0.788023,B
1,1,0.590860,B
0,0,0.418052,B
0,0,0.366452,B
1,0,0.304687,B
1,1,0.571220,B
0,0,0.397833,B
0,1,0.694966,B
1,1,0.659319,B
0,1,0.536401,B
0,0,0.472577,B
0,0,0.300722,B
1,1,0.504741,B
1,1,0.870985,B
1,0,0.346533,B
0,0,0.228882,B
1,1,0.717594,B
1,1,0.703528,B
0,0,0.422089,B
1,1,0.566436,B
1,0,0.476482,B
1,1,0.687476,B
1,1,0.693588,B
0,0,0.319772,B
0,0,0.461371,B
0,1,0.743191,B
1,1,0.543123,B
0,0,0.280231,B
0,0,0.138607,B
1,1,0.559533,B
1,0,0.236552,B
0,0,0.365865,B
0,1,0.715264,B
0,0,0.473562,B
1,1,0.771283,B
1,1,0.742469,B
1,0,0.313040,B
1,0,0.496191,B
0,0,0.090890,B
1,0,0.385760,B
0,0,0.265844,B
1,0,0.320896,B
0,0,0.456058,B
0,0,0.239128,B
0,1,0.517505,B
0,1,0.510277,B
0,1,0.709367,B
1,0,0.320698,B
1,0,0.431204,B
1,1,0.782336,B
0,0,0.253343,B
0,1,0.536182,B
1,1,0.815662,B
0,0,0.297102,B
1,1,0.767357,B
1,1,0.820381,B
0,1,0.531510,B
1,0,0.472942,B
1,1,0.504884,B
1,1,0.564771,B
0,0,0.123291,B
0,1,0.621808,B
0,0,0.436933,B
0,1,0.605263,B
0,0,0.422353,B
1,0,0.478398,B
0,0,0.344039,B
1,1,0.507461,B
0,0,0.312405,B
1,1,0.666422,B
0,0,0.137385,B
0,0,0.293363,B
0,1,0.531783,B
0,0,0.407547,B
1,0,0.333514,B
1,0,0.395995,B
0,0,0.232022,B
0,0,0.371699,B
0,0,0.444034,B
1,1,0.538361,B
1,1,0.853447,B
0,0,0.250221,B
0,0,0.148661,B
0,0,0.266309,B
0,1,0.700453,B
0,0,0.209362,B
0,0,0.381612,B
1,1,0.516378,B
0,0,0.245331,B
1,0,0.280978,B
0,0,0.308163,B
0,0,0.312304,B
1,1,0.550201,B
0,0,0.317708,B
0,1,0.740607,B
1,1,0.573939,B
0,1,0.531460,B
1,0,0.347137,B
1,1,0.603032,B
1,1,0.695821,B
1,1,0.596435,B
1,0,0.308137,B
0,1,0.591681,B
0,1,0.610122,B
1,1,0.532021,B
1,1,0.607436,B
1,1,0.828909,B
0,1,0.538224,B
1,1,0.741205,B
1,1,0.793673,B
0,0,0.313081,B
1,1,0.670363,B
1,1,0.677490,B
1,0,0.331472,B
0,1,0.653687,B
0,1,0.626423,B
1,1,0.748451,B
0,0,0.454065,B
0,1,0.594813,B
0,1,0.525901,B
0,0,0.493708,B
0,1,0.625628,B
0,0,0.354062,B
1,1,0.674770,B
0,0,0.307543,B
1,1,0.574497,B
0,0,0.358842,B
1,1,0.522904,B
0,0,0.128867,B
1,1,0.926184,B
1,0,0.412246,B
1,1,0.606319,B
1,1,0.634945,B
0,0,0.415393,B
1,0,0.236555,B
1,1,0.632347,B
0,0,0.245390,B
1,1,0.741522,B
0,0,0.102917,B
0,0,0.327988,B
0,0,0.263321,B
0,0,0.332618,B
1,0,0.421506,B
1,0,0.492327,B
1,1,0.607627,B
1,0,0.239854,B
0,0,0.486179,B
0,0,0.270010,B
0,0,0.336816,B
0,1,0.789057,B
0,0,0.393213,B
1,1,0.604161,B
0,0,0.418117,B
0,0,0.095279,B
0,0,0.455886,B
0,1,0.500843,B
1,0,0.205350,B
0,0,0.105028,B
1,0,0.430372,B
1,1,0.796156,B
0,0,0.355085,B
0,0,0.369860,B
0,1,0.513687,B
1,1,0.626689,B
0,0,0.269596,B
1,1,0.575631,B
0,1,0.631654,B
1,0,0.381584,B
1,0,0.401398,B
0,0,0.234345,B
1,1,0.621364,B
1,1,0.775540,B
0,1,0.868206,B
0,0,0.401991,B
1,1,0.744057,B
1,0,0.275208,B
0,0,0.461982,B
0,0,0.141086,B
0,1,0.521695,B
1,0,0.410472,B
0,0,0.274268,B
0,1,0.508860,B
1,1,0.859907,B
1,1,0.571231,B
0,1,0.758842,B
0,1,0.751227,B
0,0,0.253369,B
1,1,0.766810,B
0,1,0.570100,B
0,0,0.453608,B
1,1,0.555293,B
0,0,0.312647,B
1,0,0.463051,B
1,0,0.339038,B
1,1,0.644486,B
1,1,0.616460,B
0,0,0.245281,B
0,0,0.284867,B
0,1,0.770895,B
1,0,0.288555,B
1,1,0.504767,B
1,1,0.679446,B
0,1,0.711961,B
0,0,0.404855,B
1,1,0.935618,B
0,0,0.464057,B
0,1,0.968157,B
0,0,0.164115,B
1,0,0.474004,B
1,1,0.718634,B
0,0,0.450856,B
0,0,0.149444,B
1,0,0.293303,B
1,0,0.452205,B
1,1,0.529643,B
1,1,0.963027,B
1,0,0.335012,B
0,1,0.656636,B
1,1,0.526107,B
1,1,0.585426,B
1,0,0.472524,B
1,1,0.563390,B
0,1,0.702670,B
1,1,0.679869,B
0,0,0.369076,B
1,1,0.526128,B
0,0,0.472847,B
0,1,0.562065,B
0,0,0.186002,B
1,1,0.650074,B
1,1,0.667976,B
0,1,0.713765,B
1,1,0.836417,B
1,1,0.688983,B
0,0,0.385074,B
0,0,0.429405,B
0,0,0.372139,B
0,1,0.545323,B
0,1,0.571036,B
0,0,0.209449,B
0,0,0.408628,B
1,1,0.539488,B
1,1,0.697389,B
0,0,0.335229,B
1,0,0.215575,B
0,0,0.498570,B
1,1,0.568385,B
0,1,0.587186,B
1,1,0.537237,B
0,0,0.190150,B
0,0,0.452269,B
1,1,0.625282,B
1,1,0.592087,B
1,1,0.823733,B
0,0,0.286136,B
1,0,0.275021,B
0,1,0.546886,B
0,0,0.392207,B
0,1,0.621539,B
0,0,0.123930,B
0,1,0.532163,B
0,0,0.076377,B
0,0,0.326871,B
0,0,0.496813,B
1,1,0.621690,B
0,0,0.451751,B
0,0,0.261649,B
0,0,0.209944,B
1,1,0.742441,B
1,0,0.381128,B
1,1,0.750951,B
0,1,0.674320,B
1,0,0.472538,B
0,1,0.702424,B
0,0,0.354957,B
0,0,0.259813,B
1,0,0.487247,B
0,1,0.736889,B
0,0,0.107760,B
1,0,0.261545,B
0,0,0.437102,B
1,1,0.685080,B
1,1,0.927025,B
0,0,0.102451,B
1,1,0.586907,B
1,0,0.433995,B
1,0,0.398929,B
0,1,0.522768,B
0,1,0.530861,B
1,1,0.562597,B
1,1,0.698695,B
0,1,0.617325,B
0,0,0.281835,B
0,0,0.298197,B
1,0,0.392777,B
0,0,0.321175,B
0,0,0.449362,B
1,1,0.531848,B
1,0,0.370481,B
0,0,0.303125,B
0,1,0.569972,B
1,1,0.820256,B
0,1,0.673233,B
1,1,0.501506,B
1,0,0.453170,B
1,1,0.536901,B
1,1,0.603463,B
0,1,0.564824,B
1,0,0.307218,B
0,0,0.430495,B
0,0,0.246160,B
1,1,0.623139,B
1,0,0.439701,B
0,0,0.223467,B
0,0,0.044447,B
1,1,0.624993,B
0,1,0.500619,B
0,0,0.449740,B
0,1,0.536289,B
1,1,0.538371,B
1,0,0.495220,B
0,0,0.261054,B
1,1,0.833464,B
0,0,0.453249,B
1,1,0.742121,B
1,0,0.480051,B
0,1,0.508260,B
0,1,0.614277,B
0,1,0.535944,B
0,0,0.363801,B
0,1,0.772968,B
0,0,0.463894,B
0,0,0.372473,B
1,1,0.553465,B
0,0,0.103623,B
0,0,0.103722,B
0,1,0.619008,B
0,0,0.180146,B
1,0,0.369337,B
1,0,0.264806,B
1,1,0.727142,B
0,1,0.674432,B
0,0,0.226872,B
1,1,0.771149,B
0,0,0.438258,B
1,1,0.518862,B
0,0,0.393914,B
1,1,0.839564,B
1,0,0.445522,B
0,0,0.308231,B
0,1,0.632498,B
1,1,0.923141,B
1,1,0.568862,B
0,0,0.221236,B
1,1,0.538936,B
0,0,0.164541,B
0,1,0.557037,B
0,0,0.331336,B
0,1,0.602802,B
0,0,0.457877,B
0,0,0.267342,B
0,0,0.310001,B
1,0,0.300490,B
0,0,0.375415,B
1,0,0.360843,B
1,0,0.402549,B
0,1,0.641575,B
1,1,0.509132,B
1,1,0.807144,B
0,1,0.555391,B
1,0,0.497012,B
0,0,0.349368,B
0,0,0.444991,B
0,0,0.046497,B
0,0,0.203847,B
0,0,0.314751,B
0,0,0.219193,B
0,1,0.806113,B
1,1,0.892621,B
1,1,0.701342,B
1,1,0.604475,B
0,0,0.295177,B
1,1,0.898810,B
1,0,0.320140,B
1,1,0.667667,B
0,0,0.203037,B
0,1,0.522854,B
0,0,0.154626,B
1,1,0.613597,B
0,0,0.309318,B
1,1,0.752364,B
1,1,0.763705,B
1,0,0.392718,B
0,1,0.617797,B
0,0,0.264510,B
0,0,0.175757,B
1,0,0.310672,B
0,1,0.833086,B
1,0,0.267886,B
0,1,0.534858,B
0,0,0.322400,B
1,1,0.644136,B
1,0,0.481394,B
0,1,0.877620,B
0,0,0.318614,B
1,0,0.354062,B
0,1,0.549840,B
1,0,0.269657,B
0,0,0.453267,B
0,0,0.435095,B
1,1,0.557237,B
0,0,0.449165,B
0,1,0.554793,B
1,1,0.788896,B
0,0,0.459833,B
1,1,0.878257,B
1,1,0.646268,B
0,0,0.394697,B
0,1,0.527158,B
0,0,0.328335,B
1,1,0.639750,B
0,1,0.517887,B
1,0,0.462652,B
0,0,0.316780,B
1,0,0.407229,B
0,1,0.550085,B
0,0,0.300199,B
1,0,0.453128,B
1,1,0.705440,B
0,1,0.548943,B
0,1,0.726451,B
1,0,0.381755,B
1,1,0.813633,B
0,1,0.737291,B
0,0,0.391862,B
1,0,0.351344,B
1,1,0.575073,B
1,1,0.588035,B
1,1,0.632618,B
1,0,0.342553,B
0,0,0.168764,B
1,1,0.699371,B
1,1,0.600833,B
1,1,0.572553,B
0,0,0.362484,B
1,0,0.411301,B
0,1,0.502664,B
1,0,0.417868,B
1,0,0.385296,B
1,0,0.494315,B
0,0,0.429301,B
0,0,0.274226,B
1,0,0.246879,B
1,1,0.528642,B
0,0,0.457614,B
0,0,0.315690,B
0,1,0.591990,B
0,0,0.311289,B
0,0,0.341244,B
0,0,0.411236,B
0,0,0.243526,B
0,0,0.153768,B
0,1,0.525861,B
1,1,0.765313,B
0,0,0.485704,B
0,0,0.249586,B
0,0,0.418209,B
1,0,0.489519,B
1,1,0.679575,B
1,0,0.434429,B
1,0,0.105964,B
0,1,0.554546,B
0,1,0.694540,B
0,0,0.370975,B
0,1,0.685175,B
1,0,0.357222,B
0,0,0.328086,B
0,0,0.379199,B
1,0,0.303542,B
1,1,0.646755,B
1,1,0.679851,B
1,0,0.348333,B
1,0,0.455056,B
1,1,0.503908,B
1,1,0.569138,B
1,0,0.417423,B
1,1,0.823818,B
0,0,0.284197,B
0,0,0.384594,B
0,1,0.643686,B
0,0,0.210724,B
1,1,0.537482,B
1,1,0.502194,B
0,1,0.744166,B
1,0,0.292640,B
1,1,0.813297,B
1,0,0.437672,B
0,1,0.620690,B
1,1,0.600955,B
0,0,0.209598,B
1,1,0.642030,B
0,1,0.811487,B
1,0,0.365295,B
1,1,0.596419,B
0,0,0.397086,B
1,1,0.597580,B
0,1,0.514873,B
0,1,0.549893,B
1,1,0.792410,B
0,1,0.729987,B
1,1,0.628842,B
1,0,0.459976,B
0,0,0.292686,B
1,0,0.339948,B
1,0,0.485621,B
1,0,0.337313,B
1,1,0.719417,B
0,0,0.219472,B
1,1,0.870198,B
1,1,0.609520,B
0,0,0.326158,B
1,1,0.819152,B
0,1,0.738111,B
0,0,0.368235,B
1,1,0.727367,B
0,0,0.083000,B
0,0,0.339653,B
1,1,0.769911,B
0,1,0.604794,B
1,0,0.469274,B
1,1,0.516362,B
1,1,0.717558,B
1,1,0.620843,B
1,0,0.410799,B
0,0,0.070106,B
0,1,0.519347,B
0,1,0.522647,B
0,1,0.544632,B
1,1,0.541793,B
0,1,0.525622,B
1,1,0.812468,B
1,1,0.702023,B
1,1,0.570446,B
0,0,0.140785,B
1,1,0.515934,B
1,1,0.551684,B
0,1,0.662454,B
1,0,0.433859,B
1,1,0.561172,B
1,0,0.365082,B
1,1,0.538913,B
1,0,0.304330,B
1,1,0.583903,B
1,1,0.723466,B
0,1,0.696668,B
1,1,0.568818,B
1,1,0.620854,B
1,1,0.534572,B
1,0,0.449837,B
0,0,0.420054,B
1,1,0.515965,B
0,0,0.301118,B
0,1,0.530115,B
1,0,0.438410,B
1,1,0.705152,B
0,1,0.747296,B
1,0,0.487252,B
0,1,0.511792,B
1,1,0.726880,B
0,1,0.629102,B
1,1,0.516116,B
1,1,0.877720,B
1,0,0.168828,B
1,1,0.517152,B
1,1,0.605741,B
0,0,0.420433,B
1,0,0.247025,B
1,0,0.447375,B
0,0,0.408837,B
0,0,0.266549,B
1,0,0.476859,B
0,0,0.306473,B
0,0,0.478607,B
0,0,0.345508,B
0,0,0.481772,B
1,1,0.692826,B
0,0,0.491816,B
1,1,0.795846,B
1,0,0.374998,B
1,0,0.211029,B
1,0,0.290968,B
1,1,0.647844,B
0,1,0.672081,B
0,1,0.675339,B
1,1,0.786351,B
1,1,0.738732,B
1,0,0.313501,B
0,1,0.501667,B
0,0,0.394908,B
0,1,0.772661,B
1,1,0.620494,B
0,1,0.683989,B
0,1,0.754654,B
0,0,0.263542,B
0,0,0.298653,B
1,1,0.683203,B
0,1,0.518747,B
0,0,0.351238,B
1,1,0.765333,B
1,0,0.240620,B
0,0,0.322532,B
0,1,0.608240,B
1,0,0.435047,B
1,1,0.941720,B
1,0,0.495290,B
0,1,0.801291,B
0,0,0.440117,B
0,0,0.315500,B
0,0,0.302363,B
1,1,0.727774,B
0,1,0.641706,B
1,1,0.654259,B
1,1,0.770718,B
1,0,0.412650,B
1,1,0.656822,B
1,0,0.438709,B
1,1,0.502080,B
1,0,0.353645,B
1,1,0.788448,B
0,0,0.211284,B
0,0,0.168760,B
1,0,0.441083,B
1,1,0.787822,B
1,1,0.850555,B
1,1,0.758754,B
0,0,0.354119,B
1,1,0.561327,B
1,1,0.573308,B
1,1,0.568323,B
1,1,0.912683,B
0,1,0.746197,B
0,1,0.542496,B
1,1,0.588888,B
1,1,0.637751,B
1,0,0.330190,B
0,0,0.172388,B
0,0,0.321703,B
0,1,0.811037,B
1,1,0.518452,B
1,0,0.340478,B
1,1,0.904093,B
0,0,0.085690,B
0,0,0.447709,B
0,0,0.270921,B
0,0,0.394587,B
1,1,0.627812,B
1,1,0.529560,B
1,1,0.822834,B
1,0,0.324970,B
1,0,0.216506,B
1,1,0.507121,B
1,1,0.706779,B
0,0,0.316841,B
1,1,0.602564,B
0,1,0.734295,B
0,1,0.620747,B
1,0,0.410951,B
1,1,0.553354,B
1,1,0.693177,B
1,0,0.337770,B
1,1,0.589475,B
0,0,0.426776,B
0,0,0.152122,B
1,0,0.333778,B
0,1,0.526557,B
1,1,0.582688,B
1,1,0.507190,B
1,0,0.398218,B
0,1,0.545617,B
1,1,0.758338,B
0,0,0.462413,B
0,1,0.616951,B
1,0,0.436394,B
0,1,0.551341,B
0,0,0.431753,B
1,1,0.944620,B
1,1,0.700521,B
0,0,0.370439,B
0,0,0.482948,B
0,0,0.462518,B
1,0,0.331599,B
0,0,0.022906,B
0,0,0.401966,B
0,0,0.414911,B
0,0,0.294360,B
1,1,0.606224,B
1,0,0.495895,B
1,1,0.574641,B
1,1,0.900207,B
0,0,0.343207,B
1,1,0.710224,B
1,0,0.354532,B
0,1,0.545706,B
0,1,0.794464,B
0,0,0.493346,B
1,0,0.411943,B
1,1,0.757737,B
1,1,0.839897,B
0,0,0.358738,B
0,0,0.199253,B
1,1,0.547407,B
1,1,0.616497,B
1,1,0.572026,B
0,0,0.083984,B
1,1,0.522800,B
1,1,0.815176,B
1,1,0.514264,B
0,0,0.151669,B
1,0,0.360860,B
0,1,0.641373,B
1,1,0.830987,B
0,0,0.498225,B
1,1,0.830477,B
0,0,0.367631,B
1,1,0.645631,B
1,1,0.517554,B
1,0,0.294685,B
1,1,0.580016,B
0,0,0.374780,B
0,1,0.669169,B
1,1,0.570288,B
0,0,0.221917,B
1,1,0.578562,B
0,0,0.239519,B
0,0,0.302141,B
0,1,0.633363,B
1,1,0.779506,B
0,0,0.203936,B
1,0,0.449194,B
1,0,0.305078,B
1,0,0.245101,B
1,1,0.811634,B
1,0,0.397511,B
1,1,0.655691,B
0,1,0.795485,B
1,0,0.382703,B
1,0,0.192868,B
1,1,0.822106,B
0,0,0.359091,B
0,0,0.334431,B
1,1,0.512450,B
1,1,0.629059,B
0,1,0.676178,B
1,1,0.602910,B
0,0,0.360274,B
1,0,0.363713,B
0,0,0.484746,B
0,0,0.483381,B
0,1,0.507183,B
0,1,0.596584,B
0,0,0.171440,B
0,1,0.689616,B
1,1,0.577888,B
1,1,0.568128,B
1,0,0.261180,B
1,0,0.466161,B
0,0,0.206865,B
0,0,0.204800,B
1,1,0.701793,B
1,1,0.616549,B
1,1,0.752401,B
1,0,0.355888,B
1,1,0.512318,B
1,0,0.486280,B
0,0,0.431526,B
0,1,0.567012,B
1,1,0.661021,B
1,1,0.679116,B
0,0,0.060865,B
0,0,0.335955,B
1,0,0.483683,B
1,1,0.507625,B
0,1,0.633808,B
0,0,0.130246,B
1,1,0.613343,B
0,0,0.127648,B
0,0,0.150099,B
1,1,0.637874,B
0,0,0.343336,B
1,0,0.295788,B
0,0,0.377979,B
0,1,0.606718,B
1,1,0.742824,B
1,0,0.469999,B
1,1,0.832494,B
1,1,0.652119,B
1,1,0.850850,B
0,1,0.668441,B
0,0,0.372061,B
0,1,0.523421,B
0,0,0.247939,B
0,0,0.257880,B
0,0,0.232533,B
1,1,0.862396,B
0,0,0.438483,B
1,0,0.333448,B
1,1,0.830242,B
1,1,0.783395,B
0,0,0.195711,B
1,1,0.625641,B
1,1,0.631403,B
0,0,0.152467,B
0,0,0.477065,B
0,0,0.417383,B
0,1,0.644406,B
0,0,0.239681,B
0,0,0.219186,B
0,0,0.421856,B
1,1,0.551818,B
1,1,0.611396,B
1,1,0.517771,B
0,0,0.196748,B
0,0,0.384728,B
1,1,0.547979,B
1,1,0.696387,B
0,0,0.339996,B
1,1,0.798739,B
0,0,0.297878,B
1,0,0.404996,B
1,0,0.270229,B
1,1,0.571921,B
1,0,0.183096,B
1,1,0.745637,B
1,0,0.238386,B
0,0,0.358304,B
0,0,0.319646,B
0,0,0.452626,B
1,0,0.405063,B
1,1,0.548290,B
1,1,0.578069,B
1,1,0.607545,B
1,0,0.401323,B
0,0,0.411183,B
1,1,0.622520,B
1,1,0.721639,B
0,0,0.257072,B
0,0,0.127180,B
0,0,0.452533,B
0,0,0.449681,B
1,0,0.253723,B
0,0,0.240221,B
0,1,0.561053,B
0,0,0.379539,B
0,1,0.528853,B
0,1,0.595595,B
1,1,0.670992,B
1,1,0.734364,B
1,1,0.716791,B
1,1,0.674401,B
1,1,0.561197,B
1,1,0.557085,B
1,1,0.524222,B
1,1,0.548890,B
1,0,0.391996,B
1,1,0.500900,B
0,0,0.254277,B
1,1,0.622173,B
1,1,0.910238,B
1,0,0.459101,B
1,0,0.498639,B
0,1,0.741777,B
0,0,0.182761,B
0,0,0.457785,B
1,1,0.583459,B
0,0,0.452073,B
1,1,0.802373,B
0,0,0.191214,B
0,0,0.488834,B
1,1,0.828970,B
0,0,0.276345,B
1,1,0.799357,B
0,1,0.609600,B
1,0,0.479874,B
0,0,0.378968,B
1,0,0.242535,B
1,1,0.724797,B
0,0,0.472167,B
1,0,0.471381,B
0,0,0.308864,B
0,1,0.526712,B
0,0,0.473790,B
1,0,0.320358,B
1,0,0.486816,B
0,0,0.221340,B
0,1,0.689405,B
0,0,0.435099,B
1,0,0.333124,B
1,1,0.534589,B
1,1,0.609589,B
1,0,0.494142,B
1,1,0.664866,B
0,0,0.431706,B
0,0,0.402088,B
0,0,0.187945,B
1,1,0.673421,B
0,0,0.211190,B
0,0,0.182276,B
1,1,0.718629,B
0,0,0.056111,B
1,0,0.291961,B
0,0,0.222276,B
0,0,0.073920,B
0,0,0.491923,B
1,1,0.855248,B
0,0,0.366786,B
0,1,0.594364,B
0,1,0.760401,B
1,1,0.527426,B
0,1,0.569548,B
0,0,0.071378,B
0,1,0.514288,B
1,1,0.975538,B
0,0,0.283365,B
0,1,0.555980,B
1,1,0.661696,B
1,1,0.588853,B
0,0,0.220773,B
0,0,0.245528,B
0,0,0.162486,B
1,1,0.541027,B
1,1,0.649661,B
0,0,0.477136,B
1,0,0.302134,B
0,0,0.424186,B
1,0,0.156493,B
1,0,0.220089,B
0,0,0.278852,B
1,0,0.450241,B
1,0,0.408506,B
0,0,0.478262,B
1,1,0.597665,B
0,0,0.279820,B
0,0,0.317697,B
1,0,0.213353,B
1,1,0.654261,B
0,0,0.223983,B
1,1,0.678498,B
1,0,0.419260,B
1,1,0.795730,B
0,0,0.109614,B
1,1,0.539479,B
0,1,0.624804,B
1,1,0.578852,B
1,1,0.637467,B
0,0,0.183765,B
0,0,0.385832,B
1,1,0.542180,B
1,0,0.354133,B
0,0,0.343846,B
1,1,0.680104,B
1,0,0.357265,B
0,0,0.335112,B
1,0,0.481357,B
0,1,0.642338,B
0,0,0.486279,B
1,1,0.740421,B
0,0,0.483401,B
1,1,0.836018,B
1,1,0.669102,B
0,0,0.303434,B
0,1,0.734733,B
1,1,0.725829,B
0,1,0.563383,B
0,0,0.385594,B
0,0,0.339465,B
0,0,0.334413,B
0,1,0.548290,B
1,1,0.618769,B
1,0,0.263208,B
1,0,0.344479,B
1,1,0.629426,B
0,0,0.469562,B
0,0,0.381737,B
1,1,0.628041,B
0,0,0.390823,B
1,1,0.723554,B
1,0,0.331971,B
0,1,0.586361,B
1,0,0.494556,B
0,0,0.196844,B
0,0,0.201136,B
0,1,0.659859,B
0,0,0.438427,B
0,1,0.551176,B
0,0,0.436485,B
1,1,0.634042,B
1,1,0.936874,B
1,0,0.467148,B
0,0,0.265586,B
1,1,0.637179,B
1,1,0.661035,B
1,1,0.684358,B
0,0,0.131470,B
1,1,0.596241,B
0,0,0.433633,B
0,0,0.466165,B
1,1,0.723863,B
0,0,0.291834,B
0,1,0.571011,B
1,0,0.432744,B
1,1,0.649193,B
1,1,0.610342,B
0,1,0.615348,B
0,1,0.659134,B
1,1,0.881083,B
1,1,0.767791,B
1,1,0.858446,B
0,0,0.370908,B
0,1,0.780780,B
0,0,0.206366,B
0,0,0.473722,B
1,1,0.701980,B
0,0,0.260949,B
0,0,0.474461,B
1,1,0.596595,B
0,0,0.487898,B
1,1,0.827257,B
1,1,0.742587,B
0,0,0.461527,B
0,0,0.178020,B
1,0,0.403063,B
0,0,0.198569,B
0,0,0.173883,B
1,1,0.536675,B
1,1,0.600166,B
0,1,0.694976,B
0,0,0.110494,B
0,0,0.310612,B
0,1,0.549915,B
0,1,0.764252,B
0,0,0.295587,B
0,1,0.650841,B
0,0,0.361788,B
0,0,0.335234,B
0,0,0.179979,B
0,0,0.371302,B
0,0,0.310373,B
0,0,0.390740,B
0,0,0.292074,B
0,0,0.477121,B
0,0,0.200497,B
1,1,0.809446,B
0,0,0.313415,B
0,0,0.423397,B
0,1,0.609495,B
0,0,0.488257,B
0,1,0.643101,B
0,1,0.550388,B
1,1,0.547072,B
1,1,0.580457,B
1,1,0.943255,B
1,1,0.543285,B
0,0,0.446658,B
0,0,0.330941,B
0,0,0.251976,B
0,1,0.654205,B
0,0,0.311903,B
1,1,0.536577,B
0,0,0.332156,B
0,0,0.164389,B
0,0,0.395970,B
0,0,0.100506,B
0,0,0.209575,B
1,0,0.344278,B
0,0,0.491345,B
1,1,0.842915,B
1,0,0.392243,B
0,0,0.318653,B
0,1,0.690736,B
0,0,0.306930,B
1,0,0.222540,B
1,0,0.437250,B
0,0,0.365019,B
0,0,0.415920,B
0,1,0.654177,B
1,1,0.588856,B
0,0,0.454611,B
1,1,0.680726,B
1,1,0.699332,B
1,1,0.693826,B
1,1,0.519567,B
0,0,0.450880,B
0,0,0.353174,B
1,1,0.565611,B
0,0,0.442046,B
0,0,0.229291,B
0,1,0.609169,B
1,1,0.763692,B
0,1,0.564484,B
0,1,0.500076,B
1,1,0.828597,B
0,1,0.512767,B
1,1,0.558827,B
1,1,0.812033,B
0,0,0.343858,B
1,1,0.558082,B
0,0,0.257336,B
0,0,0.404612,B
1,1,0.718135,B
0,0,0.369187,B
1,1,0.583333,B
1,1,0.554830,B
0,0,0.338413,B
1,0,0.436152,B
0,1,0.540334,B
1,0,0.470671,B
1,1,0.658851,B
0,1,0.526296,B
1,1,0.706132,B
1,1,0.657675,B
1,1,0.879526,B
0,0,0.207969,B
1,1,0.734935,B
1,0,0.373465,B
1,1,0.539321,B
0,1,0.748674,B
0,0,0.213512,B
1,1,0.516040,B
0,0,0.384595,B
0,0,0.282175,B
0,1,0.521711,B
1,1,0.704572,B
0,1,0.572152,B
0,0,0.109343,B
1,1,0.730990,B
1,1,0.734754,B
0,0,0.375476,B
1,1,0.732819,B
0,0,0.427607,B
1,1,0.850219,B
1,1,0.621279,B
1,1,0.869377,B
1,0,0.395023,B
1,1,0.691760,B
0,0,0.295829,B
0,0,0.258476,B
1,1,0.708310,B
0,1,0.692366,B
1,1,0.536558,B
1,0,0.240638,B
1,0,0.237935,B
0,0,0.499512,B
1,1,0.631881,B
0,1,0.674673,B
1,1,0.578757,B
1,1,0.784418,B
1,0,0.267189,B
0,0,0.325893,B
1,1,0.770499,B
0,0,0.413171,B
0,0,0.397509,B
1,1,0.698051,B
0,0,0.387935,B
1,1,0.742044,B
1,1,0.528846,B
0,0,0.401564,B
1,1,0.505674,B
0,1,0.531023,B
1,1,0.706429,B
1,1,0.716950,B
0,0,0.259682,B
1,0,0.320283,B
0,1,0.857958,B
0,0,0.293476,B
0,0,0.456692,B
1,0,0.430249,B
0,1,0.614559,B
0,0,0.386486,B
0,0,0.457314,B
0,0,0.399971,B
0,1,0.676103,B
0,1,0.545457,B
0,1,0.706261,B
1,0,0.404167,B
0,0,0.491388,B
0,1,0.811423,B
1,1,0.607557,B
1,0,0.358686,B
1,0,0.225613,B
1,0,0.333276,B
1,1,0.753600,B
0,0,0.390726,B
0,0,0.240696,B
0,0,0.228546,B
0,0,0.485941,B
0,1,0.750787,B
0,0,0.364564,B
1,1,0.841223,B
0,1,0.560108,B
0,1,0.547605,B
0,1,0.526020,B
0,0,0.368500,B
0,1,0.592609,B
0,1,0.544227,B
1,1,0.556038,B
1,0,0.373912,B
1,0,0.453679,B
1,0,0.361295,B
0,0,0.479861,B
0,0,0.359607,B
1,1,0.771552,B
1,1,0.580438,B
1,1,0.566148,B
1,1,0.510209,B
0,0,0.424281,B
1,0,0.325002,B
1,1,0.573888,B
1,1,0.843341,B
1,1,0.597813,B
1,1,0.518844,B
1,1,0.558235,B
0,0,0.365371,B
0,0,0.417748,B
1,0,0.461497,B
0,0,0.414258,B
0,0,0.483282,B
1,1,0.711698,B
1,0,0.415438,B
0,1,0.537612,B
0,1,0.868454,B
1,1,0.730727,B
0,1,0.780427,B
1,0,0.219099,B
0,0,0.298442,B
1,1,0.677243,B
1,0,0.452793,B
0,0,0.163548,B
1,1,0.513807,B
1,1,0.720596,B
0,0,0.480589,B
0,1,0.636907,B
0,1,0.584529,B
1,0,0.299913,B
1,0,0.131364,B
0,1,0.605529,B
1,1,0.559144,B
1,0,0.410712,B
0,0,0.273375,B
0,0,0.428407,B
0,1,0.539486,B
0,0,0.458671,B
1,0,0.444880,B
0,0,0.281110,B
1,0,0.323701,B
1,0,0.333165,B
0,0,0.210960,B
1,1,0.520208,B
1,1,0.718536,B
1,0,0.316478,B
1,1,0.750781,B
0,0,0.372712,B
1,0,0.267864,B
1,1,0.751036,B
0,1,0.717684,B
1,1,0.686697,B
1,1,0.601050,B
1,0,0.388054,B
1,1,0.621651,B
0,1,0.629478,B
0,0,0.168471,B
1,1,0.584800,B
0,0,0.368848,B
0,0,0.450474,B
0,1,0.624332,B
1,1,0.551706,B
0,0,0.390985,B
0,1,0.562128,B
0,0,0.349783,B
1,0,0.384059,B
1,1,0.619719,B
0,0,0.315722,B
0,0,0.405690,B
1,0,0.474695,B
1,1,0.729072,B
0,0,0.336561,B
1,0,0.383237,B
1,0,0.409813,B
0,1,0.685199,B
0,0,0.111291,B
1,1,0.666742,B
1,1,0.823763,B
0,1,0.510141,B
0,1,0.792514,B
0,0,0.463697,B
0,1,0.764435,B
1,1,0.504969,B
0,0,0.445340,B
0,1,0.663681,B
1,1,0.666678,B
1,1,0.577703,B
1,1,0.560879,B
0,1,0.519816,B
1,0,0.355079,B
1,0,0.347217,B
0,1,0.538917,B
0,0,0.311836,B
0,0,0.194732,B
0,0,0.342712,B
1,1,0.596050,B
0,0,0.424173,B
0,1,0.621657,B
0,0,0.385374,B
0,1,0.639961,B
1,0,0.294525,B
1,1,0.708091,B
1,0,0.484626,B
1,0,0.396862,B
0,0,0.456853,B
1,1,0.772488,B
0,0,0.417598,B
0,0,0.420752,B
1,1,0.892445,B
0,0,0.310954,B
1,1,0.514064,B
0,0,0.406139,B
0,0,0.270231,B
1,0,0.284026,B
1,0,0.460918,B
1,1,0.784941,B
0,0,0.366520,B
0,1,0.806104,B
1,1,0.664203,B
0,0,0.307873,B
1,1,0.811337,B
1,1,0.671862,B
0,1,0.572895,B
0,1,0.591631,B
1,0,0.426616,B
1,0,0.367156,B
1,1,0.894497,B
0,0,0.223667,B
1,1,0.658035,B
1,0,0.435212,B
1,0,0.434347,B
0,0,0.348448,B
1,1,0.825363,B
1,0,0.162684,B
1,0,0.419040,B
0,1,0.556455,B
0,1,0.619498,B
0,0,0.446611,B
0,0,0.332434,B
1,0,0.282196,B
1,1,0.855033,B
0,0,0.411097,B
0,0,0.265832,B
0,0,0.297681,B
0,1,0.635875,B
1,1,0.664499,B
0,1,0.624827,B
1,1,0.599144,B
0,0,0.447377,B
0,0,0.307640,B
0,1,0.548567,B
1,1,0.837046,B
0,0,0.244612,B
1,1,0.588944,B
0,1,0.636031,B
0,0,0.332074,B
1,1,0.599142,B
1,1,0.752525,B
1,1,0.634740,B
1,0,0.489010,B
1,1,0.641626,B
1,1,0.845327,B
1,0,0.485307,B
0,1,0.512573,B
0,0,0.381661,B
0,0,0.209929,B
1,0,0.310772,B
0,0,0.148281,B
0,0,0.372466,B
0,0,0.271388,B
1,0,0.375425,B
0,0,0.184654,B
1,0,0.463277,B
0,0,0.438927,B
1,1,0.583533,B
1,1,0.657191,B
1,1,0.661456,B
0,1,0.542015,B
1,1,0.638800,B
0,0,0.384066,B
0,0,0.285230,B
0,0,0.131954,B
1,1,0.836803,B
1,0,0.340612,B
1,1,0.536171,B
0,0,0.345588,B
0,0,0.230591,B
0,0,0.223947,B
0,1,0.685555,B
0,0,0.429718,B
0,0,0.414985,B
0,0,0.350975,B
1,0,0.391179,B
1,0,0.322095,B
0,0,0.401174,B
0,0,0.490557,B
1,1,0.769196,B
1,0,0.091779,B
0,1,0.600101,B
0,0,0.290040,B
0,0,0.282553,B
0,0,0.369800,B
1,0,0.379220,B
1,1,0.676626,B
1,1,0.876483,B
1,0,0.489180,B
0,0,0.091905,B
1,0,0.421844,B
0,1,0.788277,B
0,0,0.217404,B
1,0,0.437064,B
0,0,0.472854,B
1,1,0.580539,B
1,1,0.649964,B
1,0,0.466962,B
0,1,0.632224,B
1,0,0.471003,B
0,1,0.640668,B
1,1,0.583864,B
0,0,0.460136,B
0,0,0.179577,B
0,0,0.242855,B
0,0,0.456774,B
1,1,0.529215,B
1,0,0.340222,B
1,0,0.401614,B
0,0,0.459054,B
1,0,0.288571,B
1,1,0.617394,B
0,0,0.464153,B
1,1,0.834825,B
1,1,0.846695,B
0,0,0.326006,B
0,1,0.624337,B
0,0,0.259001,B
0,1,0.621700,B
0,1,0.533500,B
1,0,0.480766,B
1,0,0.437023,B
0,0,0.325238,B
0,0,0.264673,B
0,0,0.473756,B
1,1,0.577329,B
1,0,0.380677,B
0,0,0.425229,B
1,1,0.828823,B
1,0,0.294049,B
1,1,0.686179,B
0,0,0.273999,B
0,0,0.496730,B
1,1,0.537961,B
0,0,0.112959,B
1,0,0.111865,B
0,0,0.347072,B
0,1,0.561621,B
0,0,0.217384,B
1,0,0.135390,B
1,1,0.746200,B
1,1,0.827524,B
0,0,0.458324,B
0,0,0.383271,B
1,0,0.472260,B
0,0,0.320743,B
1,1,0.649408,B
0,0,0.488099,B
1,0,0.433732,B
0,1,0.664792,B
1,0,0.360951,B
1,0,0.416213,B
1,1,0.878211,B
0,0,0.436038,B
1,0,0.454933,B
1,0,0.492645,B
0,1,0.895223,B
1,1,0.620819,B
0,0,0.379317,B
1,1,0.647007,B
1,1,0.629389,B
0,0,0.375218,B
0,1,0.602101,B
1,0,0.422225,B
1,1,0.635225,B
1,0,0.491074,B
1,1,0.771015,B
0,1,0.550878,B
0,1,0.502995,B
0,1,0.674097,B
0,0,0.317548,B
1,0,0.411833,B
1,0,0.338863,B
1,1,0.586474,B
0,0,0.489372,B
1,1,0.541771,B
0,0,0.326259,B
1,0,0.414523,B
1,1,0.561821,B
0,1,0.640780,B
0,1,0.754880,B
1,1,0.558477,B
1,0,0.403449,B
1,0,0.292379,B
1,1,0.603685,B
1,0,0.352409,B
0,1,0.506380,B
0,1,0.553959,B
1,0,0.111055,B
0,0,0.258777,B
1,0,0.383657,B
1,0,0.225965,B
1,1,0.724441,B
0,0,0.476189,B
0,1,0.575189,B
1,0,0.356389,B
1,0,0.363088,B
1,0,0.422848,B
1,1,0.763627,B
0,0,0.497753,B
1,0,0.200170,B
1,1,0.707257,B
1,1,0.691598,B
0,0,0.146596,B
1,0,0.444292,B
1,1,0.546237,B
0,1,0.553413,B
1,0,0.320193,B
0,1,0.642501,B
1,1,0.723615,B
0,0,0.476061,B
0,0,0.316201,B
1,0,0.368043,B
1,1,0.591162,B
1,1,0.753304,B
0,0,0.321873,B
0,0,0.403370,B
0,0,0.498209,B
1,1,0.801236,B
0,1,0.551499,B
1,1,0.630878,B
1,1,0.830167,B
1,0,0.487299,B
0,1,0.611017,B
1,0,0.497215,B
0,1,0.614981,B
0,0,0.499128,B
1,1,0.548716,B
1,0,0.470380,B
1,1,0.833811,B
0,0,0.379399,B
1,0,0.399168,B
0,0,0.473967,B
1,0,0.295385,B
1,1,0.516427,B
1,1,0.661371,B
0,1,0.528011,B
1,1,0.601709,B
0,0,0.416966,B
1,1,0.540279,B
0,0,0.270329,B
1,1,0.537857,B
0,0,0.361176,B
1,0,0.472998,B
0,0,0.342841,B
1,0,0.250291,B
1,1,0.690804,B
0,1,0.552038,B
1,1,0.544004,B
0,0,0.310741,B
1,0,0.408703,B
1,0,0.447603,B
1,1,0.532030,B
0,0,0.392403,B
1,1,0.839851,B
1,0,0.449234,B
0,1,0.595896,B
0,1,0.514676,B
0,1,0.599697,B
1,0,0.285873,B
1,0,0.291025,B
1,1,0.537758,B
1,1,0.944295,B
1,1,0.586702,B
0,1,0.511474,B
0,0,0.333792,B
0,1,0.715106,B
0,1,0.638063,B
1,1,0.848152,B
1,0,0.332280,B
0,0,0.033963,B
1,1,0.841621,B
0,0,0.146077,B
1,0,0.271905,B
1,0,0.484199,B
1,0,0.445088,B
0,0,0.309535,B
1,1,0.696581,B
1,1,0.682320,B
0,1,0.593349,B
1,1,0.866020,B
1,1,0.630457,B
1,0,0.472813,B
0,0,0.438746,B
1,0,0.362947,B
0,0,0.374456,B
0,0,0.460809,B
0,0,0.192474,B
0,0,0.360614,B
0,0,0.317407,B
1,0,0.430414,B
0,1,0.724409,B
0,0,0.057466,B
0,1,0.518331,B
0,0,0.166901,B
1,0,0.239863,B
0,0,0.422733,B
0,1,0.584845,B
0,0,0.358210,B
1,1,0.629618,B
0,1,0.589528,B
1,0,0.419111,B
0,0,0.083880,B
0,0,0.387551,B
0,0,0.335578,B
0,0,0.281029,B
0,0,0.352679,B
1,1,0.816108,B
0,1,0.728308,B
0,0,0.225368,B
1,0,0.272627,B
1,1,0.586324,B
1,0,0.436916,B
0,1,0.648394,B
0,0,0.251306,B
1,1,0.677919,B
1,0,0.490684,B
0,0,0.395021,B
1,1,0.527974,B
1,1,0.599125,B
1,1,0.722304,B
1,0,0.379717,B
1,0,0.258736,B
0,1,0.539136,B
0,1,0.770978,B
0,1,0.697818,B
1,1,0.611287,B
1,0,0.360681,B
0,1,0.831673,B
1,0,0.375338,B
0,1,0.680893,B
0,1,0.791387,B
1,1,0.822709,B
0,0,0.347749,B
0,0,0.064755,B
1,1,0.676909,B
0,1,0.562413,B
0,0,0.434896,B
0,0,0.035244,B
1,1,0.693402,B
0,0,0.357497,B
1,1,0.625700,B
0,0,0.319276,B
1,0,0.461495,B
0,1,0.587451,B
0,1,0.529892,B
1,1,0.569831,B
1,1,0.673936,B
1,1,0.698524,B
0,1,0.598510,B
1,0,0.225126,B
1,1,0.582031,B
1,0,0.312475,B
0,0,0.241340,B
1,1,0.515370,B
1,0,0.462729,B
0,0,0.251316,B
0,0,0.131624,B
0,0,0.469042,B
0,0,0.470642,B
0,0,0.422504,B
0,0,0.487510,B
0,0,0.236365,B
0,1,0.530024,B
1,1,0.510852,B
1,0,0.398612,B
0,0,0.070275,B
1,1,0.555843,B
1,1,0.532493,B
0,0,0.392105,B
0,1,0.501258,B
1,1,0.647468,B
0,1,0.728131,B
1,1,0.631061,B
0,1,0.673049,B
0,0,0.432762,B
0,1,0.579189,B
0,0,0.423081,B
1,0,0.204525,B
0,1,0.582437,B
0,1,0.501289,B
1,1,0.826781,B
1,0,0.275592,B
1,1,0.525364,B
0,1,0.729412,B
1,1,0.519474,B
0,0,0.339199,B
1,1,0.750394,B
1,1,0.637462,B
0,0,0.231077,B
1,1,0.643226,B
0,1,0.577271,B
0,1,0.812509,B
0,1,0.569972,B
0,0,0.347994,B
0,1,0.502670,B
1,1,0.696159,B
1,0,0.420387,B
0,0,0.198076,B
0,0,0.115270,B
1,1,0.761531,B
1,1,0.553066,B
0,1,0.517609,B
1,0,0.345929,B
0,0,0.335106,B
0,0,0.326744,B
1,0,0.211806,B
0,1,0.763809,B
1,0,0.311015,B
1,0,0.321121,B
0,1,0.531893,B
1,0,0.374192,B
1,0,0.421161,B
1,1,0.761072,B
0,0,0.134397,B
1,1,0.667639,B
1,0,0.456825,B
1,0,0.251478,B
1,1,0.697889,B
1,0,0.140534,B
0,1,0.507859,B
1,1,0.681495,B
0,1,0.576042,B
1,1,0.655203,B
1,1,0.684554,B
0,0,0.470157,B
1,1,0.747220,B
0,0,0.351136,B
1,1,0.766611,B
1,1,0.620459,B
1,1,0.574646,B
0,0,0.294249,B
0,0,0.139005,B
1,0,0.226429,B
1,0,0.448040,B
1,1,0.712682,B
0,1,0.681188,B
1,0,0.339258,B
0,1,0.778556,B
1,1,0.627260,B
1,1,0.829497,B
0,1,0.617593,B
1,0,0.161523,B
0,0,0.419158,B
1,1,0.622966,B
1,1,0.576234,B
0,0,0.342032,B
1,1,0.584395,B
1,1,0.856838,B
1,0,0.482361,B
1,1,0.753159,B
1,0,0.387361,B
0,0,0.399611,B
0,0,0.125455,B
0,1,0.653942,B
0,0,0.328627,B
1,1,0.504811,B
1,1,0.562267,B
1,1,0.680898,B
0,0,0.441619,B
1,1,0.578307,B
1,0,0.428256,B
0,0,0.457727,B
0,0,0.165873,B
0,1,0.586807,B
0,1,0.518698,B
0,0,0.316162,B
1,0,0.405154,B
1,1,0.959814,B
0,0,0.478273,B
0,0,0.423865,B
0,1,0.557231,B
1,1,0.880214,B
0,0,0.151009,B
0,0,0.331619,B
0,1,0.661818,B
0,0,0.324136,B
0,1,0.594090,B
0,0,0.253652,B
1,0,0.448760,B
1,0,0.354729,B
1,1,0.636657,B
0,1,0.586381,B
1,1,0.752388,B
0,0,0.331980,B
1,1,0.640986,B
1,0,0.483114,B
1,0,0.260772,B
1,1,0.721189,B
1,1,0.958392,B
1,0,0.489507,B
1,1,0.597880,B
0,0,0.267323,B
0,0,0.430466,B
0,1,0.533132,B
0,0,0.301802,B
1,1,0.671215,B
0,1,0.776047,B
1,1,0.600736,B
1,1,0.675377,B
0,0,0.400788,B
1,1,0.736122,B
0,1,0.516256,B
1,0,0.310391,B
1,1,0.542812,B
1,1,0.827849,B
1,0,0.490914,B
1,0,0.463141,B
1,1,0.687170,B
0,0,0.416382,B
0,0,0.422551,B
0,1,0.803661,B
0,0,0.306432,B
0,0,0.277201,B
0,0,0.251241,B
0,1,0.641481,B
1,1,0.570905,B
0,0,0.448197,B
0,0,0.176912,B
1,0,0.319651,B
0,1,0.524185,B
1,0,0.338857,B
1,1,0.765573,B
0,0,0.331040,B
0,0,0.157555,B
1,0,0.496932,B
1,1,0.512414,B
1,1,0.898357,B
0,0,0.249449,B
0,0,0.061763,B
0,0,0.395332,B
0,0,0.340757,B
0,0,0.327162,B
1,0,0.337384,B
0,1,0.558342,B
1,1,0.763080,B
0,0,0.409704,B
0,1,0.516344,B
0,1,0.898371,B
0,0,0.284064,B
0,1,0.670163,B
1,1,0.616703,B
1,1,0.608181,B
0,0,0.449027,B
1,1,0.510358,B
0,1,0.666042,B
1,1,0.564580,B
1,1,0.607356,B
0,0,0.377627,B
0,0,0.493090,B
1,1,0.815604,B
1,0,0.438045,B
1,0,0.187294,B
1,1,0.837445,B
0,1,0.509894,B
1,1,0.736455,B
0,1,0.659142,B
0,0,0.475388,B
1,0,0.381729,B
0,1,0.523921,B
1,0,0.449301,B
1,1,0.874577,B
0,1,0.788065,B
1,1,0.718670,B
1,1,0.916864,B
0,0,0.197838,B
0,1,0.625146,B
1,1,0.580882,B
1,1,0.561333,B
0,0,0.382353,B
0,1,0.659374,B
0,0,0.373077,B
0,0,0.186386,B
0,0,0.371038,B
1,0,0.243349,B
1,1,0.632416,B
1,1,0.627808,B
0,0,0.325733,B
0,1,0.630187,B
0,1,0.727105,B
1,1,0.622028,B
0,1,0.622151,B
1,1,0.706944,B
1,1,0.750427,B
1,1,0.645177,B
1,1,0.677160,B
1,0,0.418571,B
0,1,0.805048,B
0,1,0.534899,B
1,1,0.664727,B
1,0,0.344564,B
1,0,0.208121,B
0,0,0.373291,B
0,1,0.540067,B
1,1,0.527272,B
0,1,0.505445,B
0,0,0.447713,B
0,1,0.502436,B
0,1,0.639386,B
1,1,0.629527,B
1,1,0.530577,B
1,1,0.685568,B
1,1,0.627940,B
0,0,0.287875,B
1,1,0.514603,B
1,1,0.655473,B
0,0,0.452293,B
0,0,0.404391,B
1,1,0.864807,B
0,0,0.418757,B
1,1,0.610708,B
0,0,0.337677,B
0,1,0.660748,B
0,0,0.336758,B
0,0,0.113147,B
0,0,0.364591,B
1,1,0.569617,B
0,0,0.324685,B
0,0,0.390714,B
1,1,0.635602,B
0,0,0.429792,B
0,0,0.440982,B
1,0,0.465682,B
0,0,0.316164,B
0,0,0.317854,B
0,1,0.817634,B
1,1,0.886669,B
0,1,0.735556,B
1,0,0.323999,B
0,0,0.279419,B
1,1,0.772144,B
1,1,0.645756,B
1,1,0.622931,B
1,1,0.506601,B
0,1,0.540496,B
0,0,0.293114,B
1,1,0.764099,B
1,1,0.566036,B
0,0,0.469622,B
0,0,0.495205,B
1,0,0.267831,B
1,0,0.442672,B
1,1,0.718490,B
0,0,0.331419,B
1,1,0.638838,B
0,0,0.472220,B
0,0,0.430225,B
1,0,0.454944,B
1,0,0.458241,B
0,0,0.369954,B
1,1,0.742824,B
0,0,0.349481,B
1,1,0.696182,B
1,0,0.492058,B
0,0,0.332882,B
0,1,0.606892,B
1,1,0.650299,B
0,1,0.632656,B
0,0,0.381100,B
1,1,0.559079,B
1,1,0.663382,B
0,1,0.659503,B
1,1,0.666142,B
0,0,0.288969,B
1,0,0.440309,B
1,0,0.360034,B
0,0,0.302913,B
1,1,0.705540,B
1,1,0.900644,B
0,0,0.306754,B
0,0,0.274991,B
1,0,0.315050,B
0,0,0.491042,B
1,1,0.623394,B
0,0,0.217862,B
1,1,0.573489,B
0,0,0.343958,B
1,1,0.624662,B
1,1,0.790623,B
1,1,0.553485,B
1,1,0.651908,B
1,0,0.416904,B
0,1,0.705766,B
0,0,0.217614,B
1,1,0.572740,B
1,1,0.608788,B
1,0,0.375814,B
0,1,0.523257,B
1,1,0.523530,B
0,1,0.500514,B
0,0,0.202949,B
0,0,0.319090,B
0,1,0.648791,B
0,1,0.731436,B
0,1,0.730165,B
1,1,0.704367,B
0,1,0.624641,B
0,1,0.518176,B
0,1,0.572529,B
0,1,0.564279,B
1,1,0.656391,B
1,1,0.681597,B
0,0,0.385155,B
1,0,0.280913,B
1,0,0.185871,B
1,1,0.612852,B
0,1,0.507118,B
0,1,0.622667,B
1,0,0.329607,B
1,1,0.507886,B
1,0,0.301350,B
0,1,0.566703,B
1,0,0.403706,B
1,0,0.156684,B
0,1,0.603463,B
1,1,0.700837,B
0,0,0.380167,B
1,1,0.697031,B
1,1,0.594757,B
1,1,0.828033,B
1,1,0.503880,B
1,0,0.466935,B
0,0,0.491871,B
0,0,0.421255,B
0,0,0.329673,B
0,0,0.241167,B
1,0,0.451986,B
1,1,0.611146,B
1,0,0.271232,B
0,0,0.258024,B
1,1,0.725704,B
1,0,0.487358,B
0,0,0.261910,B
0,1,0.516543,B
1,1,0.742840,B
0,1,0.596681,B
0,0,0.485271,B
0,0,0.459550,B
0,1,0.531288,B
0,0,0.318860,B
0,0,0.209764,B
0,0,0.418199,B
0,0,0.460188,B
1,1,0.744809,B
0,0,0.411302,B
1,0,0.275230,B
0,1,0.572600,B
0,0,0.427499,B
1,1,0.541131,B
1,1,0.585277,B
0,0,0.115266,B
1,1,0.830581,B
1,0,0.480865,B
1,1,0.671883,B
0,1,0.626138,B
0,0,0.232447,B
1,1,0.523139,B
1,0,0.366446,B
1,1,0.655016,B
0,1,0.712356,B
0,1,0.741754,B
1,1,0.500741,B
0,1,0.576036,B
1,1,0.644135,B
0,1,0.572571,B
1,0,0.425689,B
0,0,0.420682,B
1,1,0.659622,B
1,0,0.498312,B
1,1,0.605809,B
0,1,0.682413,B
1,1,0.574793,B
0,0,0.428625,B
1,1,0.633773,B
0,0,0.138019,B
1,0,0.438523,B
0,1,0.520339,B
0,0,0.188194,B
0,0,0.316624,B
1,1,0.687864,B
1,1,0.575431,B
0,0,0.437856,B
1,1,0.710299,B
0,0,0.293547,B
0,0,0.365972,B
0,0,0.338038,B
1,1,0.708464,B
1,1,0.563157,B
0,0,0.232298,B
1,1,0.650532,B
1,1,0.597077,B
0,1,0.687185,B
1,1,0.710430,B
0,0,0.364216,B
1,1,0.539104,B
0,0,0.233422,B
0,1,0.586348,B
1,0,0.423154,B
1,0,0.493931,B
0,1,0.557184,B
1,0,0.444635,B
0,0,0.307717,B
1,0,0.447230,B
1,1,0.611192,B
1,1,0.607659,B
1,0,0.291791,B
0,1,0.648206,B
0,0,0.428104,B
1,0,0.271226,B
0,0,0.420916,B
1,0,0.367649,B
1,0,0.434037,B
1,0,0.462987,B
0,1,0.500696,B
1,1,0.650823,B
0,0,0.469280,B
1,1,0.648930,B
1,1,0.705684,B
1,0,0.163736,B
1,0,0.193928,B
0,0,0.240955,B
0,0,0.407428,B
0,1,0.619486,B
0,0,0.464062,B
0,1,0.836586,B
1,0,0.431488,B
0,0,0.231924,B
1,1,0.733477,B
1,1,0.796381,B
0,0,0.429943,B
1,1,0.576800,B
1,1,0.500153,B
1,1,0.775501,B
1,1,0.604336,B
0,0,0.226784,B
1,1,0.906013,B
1,1,0.716918,B
1,1,0.763881,B
0,1,0.625826,B
0,0,0.220706,B
0,1,0.619301,B
1,1,0.577827,B
0,1,0.522091,B
0,0,0.230940,B
1,1,0.578866,B
0,0,0.352050,B
1,1,0.672098,B
0,0,0.207179,B
0,0,0.238239,B
0,0,0.415687,B
0,0,0.323082,B
1,0,0.317938,B
0,0,0.200911,B
0,1,0.585025,B
0,1,0.794210,B
1,0,0.485901,B
0,0,0.100553,B
1,1,0.713606,B
0,1,0.732036,B
1,1,0.568084,B
0,1,0.549433,B
1,0,0.471878,B
1,1,0.624923,B
1,1,0.772234,B
1,1,0.628928,B
0,0,0.302209,B
0,0,0.211005,B
1,1,0.793387,B
0,0,0.377569,B
0,1,0.586017,B
0,1,0.788089,B
1,1,0.569747,B
1,0,0.477361,B
0,0,0.211927,B
0,0,0.249984,B
0,0,0.374564,B
1,1,0.587342,B
0,0,0.442875,B
1,1,0.867525,B
0,1,0.575757,B
0,0,0.210733,B
0,0,0.385938,B
0,1,0.641813,B
1,1,0.782869,B
1,0,0.484063,B
1,1,0.815948,B
0,0,0.407533,B
1,0,0.412794,B
1,1,0.505679,B
0,1,0.628395,B
0,1,0.694832,B
1,1,0.697159,B
0,0,0.363784,B
0,0,0.311116,B
1,1,0.697635,B
0,1,0.612609,B
1,0,0.132712,B
0,0,0.442076,B
1,1,0.557929,B
0,1,0.626981,B
1,1,0.651272,B
0,0,0.262983,B
0,0,0.411179,B
1,1,0.710172,B
0,0,0.422586,B
1,0,0.454343,B
0,1,0.508191,B
0,1,0.797720,B
1,0,0.185163,B
1,0,0.317126,B
0,0,0.251117,B
1,0,0.305152,B
0,0,0.378842,B
1,0,0.322738,B
1,0,0.217352,B
1,1,0.668642,B
1,1,0.843549,B
0,0,0.310044,B
1,1,0.646895,B
1,1,0.536181,B
1,1,0.561383,B
0,0,0.310263,B
0,0,0.437797,B
0,0,0.335438,B
1,1,0.966869,B
1,1,0.757577,B
0,0,0.229289,B
1,1,0.624492,B
1,0,0.437091,B
1,0,0.496338,B
1,1,0.726645,B
1,1,0.640845,B
1,1,0.892645,B
1,1,0.584565,B
1,1,0.527156,B
1,1,0.905388,B
0,0,0.211785,B
0,0,0.443831,B
0,0,0.129945,B
1,0,0.104978,B
1,1,0.728852,B
1,1,0.668550,B
1,1,0.640034,B
1,1,0.867931,B
0,0,0.318376,B
0,0,0.294676,B
0,0,0.368827,B
0,0,0.345935,B
1,0,0.486123,B
0,0,0.348477,B
0,1,0.507292,B
1,0,0.322273,B
0,1,0.552096,B
0,0,0.246079,B
1,1,0.851787,B
0,0,0.155243,B
1,1,0.717368,B
0,0,0.241109,B
0,0,0.197363,B
0,0,0.315872,B
1,0,0.459797,B
1,1,0.541085,B
0,0,0.414831,B
0,1,0.607917,B
0,1,0.881434,B
0,1,0.677081,B
0,0,0.472955,B
1,0,0.394296,B
1,0,0.295144,B
0,1,0.782659,B
1,1,0.505050,B
1,0,0.419713,B
0,0,0.283334,B
0,0,0.341926,B
0,0,0.091604,B
0,0,0.335380,B
0,0,0.425623,B
1,1,0.744534,B
1,1,0.669597,B
0,1,0.547476,B
1,1,0.784048,B
1,1,0.848241,B
1,1,0.572242,B
0,1,0.530173,B
1,0,0.410168,B
1,1,0.661829,B
0,1,0.657041,B
0,0,0.322358,B
0,0,0.450904,B
1,1,0.645484,B
0,1,0.643157,B
1,0,0.375528,B
1,0,0.298239,B
0,0,0.398981,B
1,1,0.835566,B
0,0,0.384086,B
0,1,0.553148,B
1,0,0.369736,B
0,0,0.191187,B
0,0,0.492400,B
0,0,0.407415,B
1,0,0.433625,B
0,0,0.248949,B
1,1,0.570433,B
1,1,0.548041,B
1,1,0.704885,B
0,1,0.624585,B
1,1,0.678143,B
1,1,0.739535,B
0,1,0.538249,B
0,0,0.330542,B
0,0,0.186296,B
1,0,0.486740,B
1,1,0.687820,B
0,0,0.396893,B
0,0,0.379416,B
1,1,0.548482,B
0,0,0.173623,B
1,0,0.477835,B
0,0,0.385713,B
0,0,0.334682,B
0,0,0.415853,B
1,0,0.323654,B
0,0,0.109745,B
1,1,0.752879,B
1,0,0.434217,B
0,1,0.604113,B
0,0,0.342876,B
0,0,0.081920,B
0,1,0.852286,B
0,0,0.252994,B
0,1,0.549524,B
0,1,0.709682,B
1,1,0.535086,B
1,1,0.695609,B
0,1,0.699034,B
0,0,0.427039,B
0,1,0.689986,B
0,0,0.324896,B
1,1,0.734837,B
1,0,0.425476,B
0,0,0.429774,B
1,0,0.279624,B
1,1,0.885262,B
1,1,0.634902,B
0,0,0.371608,B
0,1,0.694696,B
1,1,0.861251,B
1,1,0.707306,B
0,0,0.359222,B
1,0,0.345341,B
0,0,0.175465,B
1,0,0.452929,B
1,0,0.478355,B
1,1,0.702086,B
0,1,0.625894,B
0,1,0.693878,B
1,1,0.821564,B
0,1,0.851092,B
0,0,0.237226,B
1,0,0.175346,B
1,0,0.301403,B
0,1,0.638328,B
0,0,0.161453,B
1,0,0.462346,B
0,0,0.457440,B
1,0,0.425859,B
1,0,0.472554,B
0,0,0.123969,B
1,1,0.655815,B
1,1,0.523871,B
0,1,0.670974,B
1,1,0.666803,B
0,0,0.161248,B
0,1,0.560514,B
1,1,0.730459,B
1,1,0.742546,B
1,1,0.704809,B
1,0,0.249290,B
1,0,0.455857,B
0,0,0.407650,B
1,1,0.633306,B
1,1,0.691863,B
1,1,0.566688,B
0,1,0.555929,B
0,0,0.385344,B
0,1,0.604911,B
1,1,0.863577,B
1,0,0.398717,B
0,0,0.438750,B
0,0,0.276445,B
0,1,0.629201,B
1,0,0.263229,B
1,1,0.605572,B
1,1,0.554840,B
0,1,0.694512,B
0,0,0.189643,B
1,1,0.793872,B
0,0,0.135505,B
1,0,0.124556,B
1,0,0.344405,B
1,1,0.578853,B
1,1,0.875602,B
0,0,0.367089,B
1,1,0.506537,B
0,0,0.357014,B
0,0,0.398012,B
0,0,0.306343,B
0,1,0.551636,B
0,0,0.334862,B
0,0,0.323277,B
0,0,0.164053,B
1,1,0.546865,B
0,0,0.499884,B
1,0,0.159797,B
0,1,0.528763,B
0,0,0.184667,B
0,1,0.677187,B
1,1,0.739011,B
0,0,0.452991,B
0,0,0.200987,B
1,1,0.612179,B
0,1,0.527613,B
0,0,0.376263,B
0,0,0.431387,B
1,0,0.311960,B
1,0,0.384430,B
0,1,0.903127,B
1,0,0.438742,B
0,0,0.264057,B
0,1,0.600597,B
1,0,0.428216,B
0,0,0.396526,B
0,0,0.325381,B
0,0,0.445892,B
1,0,0.496262,B
0,0,0.454638,B
0,0,0.355545,B
1,0,0.331069,B
0,1,0.807587,B
0,0,0.407176,B
0,0,0.250669,B
0,1,0.575844,B
0,0,0.409285,B
1,1,0.615549,B
0,0,0.498855,B
0,0,0.156881,B
0,0,0.426105,B
0,0,0.333952,B
0,0,0.498394,B
1,0,0.336204,B
0,0,0.483659,B
0,1,0.518483,B
0,0,0.101277,B
0,1,0.536516,B
0,0,0.405134,B
0,0,0.314526,B
1,0,0.259454,B
0,0,0.319257,B
1,1,0.697123,B
0,0,0.356169,B
1,1,0.506234,B
1,1,0.733546,B
1,0,0.469526,B
1,0,0.391494,B
1,1,0.711842,B
1,0,0.312105,B
0,0,0.484442,B
1,0,0.465019,B
1,0,0.484535,B
0,1,0.680328,B
1,1,0.500839,B
0,0,0.455157,B
0,0,0.380921,B
0,0,0.470356,B
1,1,0.602327,B
1,1,0.543891,B
1,0,0.396305,B
1,1,0.631703,B
1,1,0.542912,B
0,0,0.448265,B
0,0,0.196606,B
1,0,0.464524,B
0,0,0.311919,B
0,0,0.260565,B
0,0,0.321621,B
0,0,0.137926,B
0,0,0.488499,B
0,1,0.509345,B
0,0,0.436046,B
1,0,0.392370,B
0,0,0.188365,B
0,0,0.350342,B
1,1,0.627510,B
1,1,0.870697,B
1,1,0.786093,B
1,1,0.712709,B
0,1,0.660822,B
0,0,0.256498,B
0,0,0.395395,B
0,0,0.466484,B
0,0,0.450161,B
0,0,0.134776,B
1,1,0.757384,B
1,1,0.530885,B
1,0,0.391603,B
0,1,0.634435,B
0,0,0.440491,B
0,0,0.344619,B
0,0,0.496814,B
1,0,0.448475,B
0,1,0.519162,B
0,1,0.654837,B
0,0,0.381948,B
0,0,0.418580,B
0,1,0.518617,B
1,0,0.290045,B
1,0,0.393757,B
1,1,0.680970,B
0,0,0.336536,B
1,1,0.540094,B
1,0,0.426452,B
0,1,0.587719,B
0,1,0.566469,B
1,0,0.399218,B
0,0,0.231126,B
1,1,0.530980,B
1,1,0.711827,B
0,1,0.576060,B
1,1,0.602913,B
0,1,0.576494,B
0,0,0.384282,B
0,1,0.510844,B
0,0,0.406554,B
0,0,0.234591,B
1,1,0.705392,B
1,1,0.713254,B
0,0,0.227590,B
1,1,0.546155,B
1,1,0.933723,B
1,1,0.817326,B
0,0,0.414074,B
0,0,0.221087,B
1,1,0.527288,B
1,0,0.370992,B
1,1,0.568743,B
1,1,0.598635,B
1,1,0.637124,B
0,1,0.804191,B
1,1,0.518255,B
1,0,0.249965,B
1,1,0.586428,B
0,0,0.374261,B
1,0,0.425949,B
1,1,0.710362,B
1,0,0.339625,B
0,1,0.513542,B
1,1,0.822075,B
0,0,0.358799,B
0,1,0.591034,B
0,1,0.670402,B
0,0,0.250086,B
0,1,0.551339,B
0,1,0.545088,B
1,1,0.588912,B
1,1,0.617243,B
0,0,0.379157,B
0,1,0.518646,B
1,1,0.501050,B
1,1,0.910084,B
0,0,0.288823,B
1,0,0.486065,B
0,1,0.555928,B
0,1,0.624393,B
1,1,0.510367,B
0,0,0.472230,B
1,1,0.650400,B
0,0,0.271847,B
0,0,0.331480,B
0,0,0.271912,B
1,0,0.473894,B
1,1,0.614007,B
1,0,0.496823,B
1,1,0.714479,B
1,0,0.456126,B
1,1,0.814195,B
0,0,0.496998,B
1,0,0.410152,B
1,1,0.626722,B
1,1,0.687839,B
0,1,0.685807,B
0,0,0.475206,B
1,1,0.619661,B
0,0,0.498007,B
1,1,0.807145,B
0,0,0.318784,B
0,1,0.677299,B
0,1,0.586742,B
0,0,0.433612,B
0,0,0.141677,B
1,1,0.861017,B
1,0,0.489755,B
1,1,0.510152,B
0,1,0.564525,B
1,1,0.742221,B
1,0,0.336866,B
0,0,0.290444,B
0,0,0.425980,B
0,1,0.571131,B
0,0,0.473810,B
1,0,0.425501,B
0,0,0.494792,B
0,1,0.783418,B
0,0,0.413070,B
0,1,0.511392,B
1,1,0.663978,B
1,1,0.837056,B
1,0,0.490836,B
1,1,0.837595,B
0,1,0.765740,B
1,1,0.603462,B
1,0,0.143688,B
0,0,0.377956,B
1,1,0.535499,B
1,1,0.628981,B
0,0,0.347320,B
1,1,0.775364,B
1,1,0.758852,B
1,1,0.686235,B
0,1,0.647785,B
1,1,0.664437,B
0,0,0.131214,B
1,0,0.469709,B
1,1,0.674427,B
0,1,0.640599,B
0,0,0.316791,B
1,1,0.855937,B
0,1,0.615627,B
0,0,0.393273,B
0,0,0.442083,B
1,1,0.531637,B
1,0,0.236650,B
0,0,0.316853,B
0,1,0.568775,B
0,1,0.634601,B
1,1,0.730970,B
0,0,0.373621,B
0,1,0.757518,B
1,0,0.360523,B
0,1,0.825045,B
0,1,0.606493,B
1,1,0.701292,B
0,0,0.317375,B
1,1,0.552580,B
1,1,0.703965,B
0,0,0.266492,B
1,1,0.742794,B
0,0,0.177876,B
1,0,0.384106,B
0,0,0.212217,B
1,0,0.394895,B
0,0,0.306862,B
1,1,0.570920,B
0,0,0.079838,B
0,0,0.294673,B
1,0,0.445504,B
1,1,0.567919,B
0,0,0.392534,B
0,0,0.246361,B
1,0,0.361324,B
0,1,0.557676,B
0,1,0.850919,B
0,0,0.477353,B
1,1,0.524603,B
1,0,0.251725,B
1,1,0.622240,B
1,1,0.787596,B
1,1,0.619274,B
1,1,0.646229,B
0,0,0.225792,B
1,0,0.340485,B
1,1,0.637808,B
0,1,0.525970,B
1,1,0.517810,B
1,1,0.831309,B
0,0,0.158261,B
0,0,0.111686,B
0,0,0.407407,B
1,1,0.739499,B
1,0,0.347798,B
0,1,0.538108,B
0,1,0.834384,B
0,0,0.138740,B
0,1,0.596460,B
1,1,0.805393,B
1,1,0.818809,B
0,0,0.309794,B
1,1,0.798702,B
0,0,0.478231,B
0,0,0.408225,B
1,0,0.462216,B
0,0,0.263733,B
1,1,0.530441,B
1,0,0.406924,B
0,1,0.729917,B
0,0,0.381771,B
0,0,0.317378,B
1,1,0.572590,B
0,1,0.699223,B
0,0,0.395081,B
1,1,0.716945,B
0,0,0.256070,B
1,1,0.610380,B
0,0,0.228119,B
0,0,0.450240,B
1,0,0.448253,B
1,1,0.655458,B
1,1,0.636107,B
0,0,0.200101,B
1,1,0.807227,B
0,0,0.223180,B
1,1,0.635924,B
1,0,0.332232,B
0,0,0.338414,B
0,0,0.460191,B
1,1,0.552547,B
0,0,0.414839,B
1,1,0.761093,B
0,0,0.417239,B
0,0,0.433117,B
0,1,0.506115,B
1,1,0.508143,B
1,1,0.757555,B
1,1,0.650123,B
0,0,0.395446,B
1,1,0.621872,B
1,1,0.578544,B
0,1,0.613141,B
0,1,0.507583,B
1,1,0.509947,B
0,0,0.400023,B
0,1,0.781171,B
0,1,0.684364,B
0,1,0.770756,B
0,0,0.412499,B
1,1,0.793374,B
0,0,0.153198,B
0,1,0.958115,B
1,0,0.225651,B
1,0,0.476852,B
1,1,0.718039,B
1,1,0.858082,B
1,1,0.571790,B
0,0,0.303256,B
1,0,0.461385,B
0,0,0.411604,B
1,0,0.350392,B
1,1,0.503307,B
1,1,0.583973,B
0,1,0.615112,B
0,0,0.159017,B
0,0,0.327646,B
0,0,0.355575,B
1,1,0.530381,B
1,1,0.598773,B
0,0,0.416243,B
1,1,0.630998,B
0,0,0.401334,B
0,0,0.267650,B
0,0,0.434924,B
1,1,0.547171,B
0,0,0.297777,B
0,0,0.112111,B
0,0,0.244841,B
0,1,0.663714,B
0,0,0.282598,B
0,0,0.238149,B
1,1,0.759744,B
1,1,0.642202,B
1,1,0.576065,B
1,0,0.426288,B
1,1,0.743026,B
0,1,0.688345,B
1,0,0.471732,B
1,0,0.261183,B
0,0,0.293958,B
1,1,0.584604,B
0,0,0.435642,B
0,0,0.309472,B
0,1,0.505707,B
0,0,0.446385,B
1,1,0.737594,B
1,0,0.238136,B
0,1,0.755455,B
1,0,0.189781,B
1,1,0.636427,B
0,0,0.396634,B
1,1,0.914322,B
1,0,0.412449,B
0,1,0.556069,B
0,0,0.350380,B
1,1,0.740008,B
1,0,0.337493,B
0,1,0.582230,B
1,1,0.751398,B
1,0,0.456160,B
0,0,0.444433,B
1,0,0.497506,B
1,0,0.229276,B
1,1,0.731215,B
1,1,0.517410,B
1,0,0.395765,B
0,1,0.587391,B
1,1,0.840560,B
0,1,0.536930,B
0,0,0.316541,B
0,0,0.449060,B
1,1,0.584872,B
0,0,0.247741,B
1,1,0.863049,B
0,0,0.493087,B
1,1,0.595566,B
1,1,0.624630,B
1,1,0.692508,B
1,0,0.404147,B
1,0,0.406219,B
1,0,0.454050,B
0,1,0.518431,B
1,0,0.452965,B
0,1,0.791337,B
1,1,0.787275,B
1,0,0.320844,B
0,1,0.823067,B
1,1,0.592698,B
0,0,0.444408,B
0,1,0.639093,B
0,1,0.520146,B
1,0,0.464034,B
0,1,0.571244,B
0,0,0.359069,B
1,1,0.773906,B
1,1,0.872054,B
0,0,0.392390,B
1,1,0.796499,B
0,0,0.223222,B
1,0,0.493346,B
0,0,0.420888,B
0,0,0.124053,B
0,0,0.358083,B
0,0,0.345584,B
1,1,0.708951,B
1,0,0.303349,B
1,1,0.736010,B
0,0,0.401944,B
0,0,0.072653,B
0,0,0.432182,B
0,1,0.684463,B
1,1,0.635990,B
1,1,0.713324,B
0,0,0.356139,B
0,0,0.412278,B
1,1,0.516001,B
1,0,0.344962,B
1,0,0.351320,B
1,0,0.229928,B
1,1,0.572751,B
1,0,0.360589,B
1,1,0.602763,B
0,0,0.496575,B
1,1,0.912204,B
1,1,0.801981,B
1,0,0.079047,B
1,0,0.435544,B
1,0,0.259988,B
0,0,0.401179,B
1,1,0.511187,B
0,0,0.425333,B
0,0,0.286014,B
1,1,0.698876,B
0,1,0.604126,B
1,1,0.767637,B
1,1,0.517855,B
1,1,0.723343,B
1,0,0.342497,B
1,1,0.709394,B
0,1,0.667191,B
0,0,0.273373,B
1,1,0.620832,B
1,0,0.301829,B
0,1,0.686317,B
0,1,0.745661,B
1,1,0.783265,B
0,1,0.714224,B
0,1,0.515855,B
0,0,0.144221,B
1,1,0.718977,B
0,1,0.519710,B
0,1,0.596273,B
0,1,0.810421,B
1,1,0.614414,B
0,0,0.416433,B
1,1,0.609061,B
0,0,0.446184,B
1,1,0.737484,B
0,1,0.518935,B
0,0,0.468290,B
1,1,0.536968,B
1,1,0.651368,B
1,1,0.523720,B
1,0,0.184602,B
1,0,0.482565,B
1,0,0.450691,B
0,1,0.730118,B
0,0,0.379768,B
0,0,0.335899,B
0,0,0.305511,B
0,0,0.356937,B
1,1,0.660791,B
1,1,0.607704,B
0,1,0.710783,B
0,1,0.552714,B
0,0,0.234121,B
1,1,0.728629,B
0,0,0.399882,B
0,0,0.339746,B
0,1,0.651780,B
1,1,0.605571,B
1,1,0.894372,B
0,1,0.537602,B
1,1,0.663509,B
0,0,0.430407,B
1,0,0.127919,B
1,1,0.780090,B
0,1,0.567134,B
1,0,0.241447,B
0,1,0.586022,B
1,1,0.574202,B
1,0,0.181238,B
1,1,0.649911,B
0,1,0.773955,B
1,0,0.288603,B
1,1,0.560202,B
0,1,0.569150,B
1,0,0.423214,B
1,0,0.248265,B
1,0,0.476281,B
0,0,0.433846,B
0,1,0.505136,B
1,1,0.749450,B
0,1,0.550927,B
1,1,0.866460,B
1,0,0.367203,B
0,1,0.573226,B
1,1,0.745759,B
1,1,0.699905,B
0,1,0.665908,B
1,1,0.594295,B
0,0,0.394800,B
0,0,0.133436,B
1,1,0.780620,B
1,1,0.888834,B
1,1,0.751173,B
0,0,0.339479,B
0,1,0.636417,B
1,1,0.644972,B
0,1,0.527857,B
0,0,0.175832,B
0,0,0.283655,B
0,0,0.342228,B
1,1,0.773488,B
1,0,0.368597,B
1,1,0.644211,B
0,0,0.321526,B
0,0,0.329577,B
1,0,0.237642,B
1,1,0.808865,B
1,1,0.551681,B
1,0,0.420707,B
0,0,0.445052,B
1,1,0.750374,B
0,1,0.548596,B
1,1,0.771478,B
0,1,0.501581,B
0,0,0.390465,B
0,1,0.517433,B
0,0,0.390516,B
1,0,0.440938,B
0,1,0.578257,B
1,1,0.561538,B
1,1,0.665057,B
0,0,0.197383,B
0,0,0.202164,B
0,0,0.195942,B
0,0,0.196295,B
0,0,0.103172,B
0,0,0.307116,B
0,0,0.394121,B
0,0,0.233695,B
0,1,0.504629,B
1,0,0.322762,B
0,0,0.360937,B
0,0,0.193770,B
1,0,0.394822,B
1,1,0.765124,B
1,0,0.429738,B
0,0,0.329851,B
0,0,0.470332,B
0,0,0.248184,B
1,0,0.346860,B
1,0,0.487192,B
0,0,0.268724,B
0,0,0.344605,B
0,0,0.379760,B
0,0,0.426628,B
0,1,0.684036,B
1,1,0.741857,B
0,0,0.293161,B
0,0,0.376287,B
1,0,0.400181,B
0,1,0.539796,B
0,1,0.776026,B
0,0,0.406292,B
1,1,0.563034,B
1,0,0.326578,B
1,0,0.495441,B
0,1,0.524642,B
1,1,0.828638,B
0,0,0.167499,B
1,0,0.403062,B
1,0,0.317093,B
1,1,0.766386,B
0,0,0.368018,B
0,0,0.373631,B
0,0,0.458757,B
1,0,0.465221,B
0,1,0.756291,B
0,1,0.553489,B
1,0,0.457334,B
0,0,0.234667,B
1,1,0.691472,B
1,1,0.596373,B
0,0,0.492058,B
0,0,0.317409,B
1,0,0.481877,B
0,0,0.307409,B
1,0,0.473750,B
1,0,0.396046,B
0,0,0.367800,B
0,0,0.347959,B
1,1,0.623074,B
1,0,0.437940,B
1,1,0.920053,B
1,1,0.571298,B
0,0,0.337986,B
0,0,0.312466,B
0,1,0.527389,B
1,1,0.562545,B
0,0,0.305717,B
0,0,0.435273,B
0,1,0.569542,B
0,0,0.487821,B
1,1,0.865893,B
0,0,0.239692,B
1,1,0.838868,B
1,0,0.468039,B
1,1,0.611707,B
0,1,0.696953,B
1,1,0.713547,B
1,1,0.823575,B
1,1,0.552625,B
0,1,0.625435,B
1,1,0.699675,B
1,1,0.612888,B
0,1,0.784666,B
1,1,0.702499,B
0,0,0.334020,B
0,0,0.374767,B
1,0,0.468252,B
1,1,0.534126,B
1,0,0.232172,B
0,0,0.095560,B
1,1,0.808188,B
1,1,0.743695,B
1,1,0.565479,B
0,1,0.564634,B
1,1,0.530766,B
1,0,0.369071,B
1,1,0.760414,B
0,0,0.443051,B
0,0,0.439259,B
1,0,0.271353,B
0,0,0.467662,B
1,1,0.665801,B
0,1,0.680246,B
0,0,0.328313,B
1,0,0.478877,B
1,1,0.802715,B
1,0,0.468485,B
0,1,0.528219,B
0,0,0.367558,B
0,0,0.168422,B
0,0,0.447399,B
0,0,0.353169,B
0,0,0.142138,B
0,0,0.420172,B
1,1,0.681962,B
1,1,0.632192,B
0,1,0.525217,B
1,0,0.209871,B
0,1,0.675666,B
1,1,0.595101,B
0,0,0.292707,B
0,0,0.329717,B
0,1,0.527767,B
0,0,0.299870,B
0,0,0.419592,B
0,0,0.466363,B
0,0,0.280002,B
0,0,0.336576,B
1,1,0.531380,B
0,0,0.382764,B
1,0,0.408175,B
1,0,0.312824,B
1,0,0.358243,B
1,0,0.240819,B
1,1,0.867515,B
0,0,0.352519,B
1,1,0.566312,B
0,0,0.474601,B
0,0,0.226823,B
1,1,0.592240,B
0,1,0.589065,B
0,0,0.351883,B
1,1,0.571671,B
1,0,0.241480,B
0,0,0.490264,B
0,0,0.382380,B
1,0,0.417673,B
0,1,0.688103,B
0,0,0.464199,B
0,0,0.201961,B
0,0,0.081126,B
0,0,0.258908,B
1,1,0.667519,B
0,0,0.143563,B
1,0,0.307277,B
0,1,0.859425,B
0,0,0.181829,B
0,0,0.459204,B
0,1,0.554915,B
0,1,0.633682,B
0,0,0.064149,B
0,0,0.348409,B
0,0,0.394724,B
0,0,0.434400,B
0,1,0.654191,B
1,1,0.569219,B
0,0,0.231942,B
0,0,0.158907,B
0,0,0.433713,B
0,0,0.476314,B
0,1,0.573916,B
0,0,0.405690,B
1,1,0.753710,B
0,1,0.524989,B
1,0,0.323649,B
0,0,0.333720,B
0,1,0.746719,B
0,1,0.588049,B
1,1,0.517349,B
1,1,0.603037,B
1,1,0.879337,B
0,1,0.571345,B
1,0,0.382428,B
1,0,0.453463,B
0,0,0.451250,B
1,1,0.570348,B
0,0,0.444073,B
0,0,0.227326,B
0,0,0.464763,B
1,0,0.197247,B
1,1,0.874780,B
0,1,0.586349,B
0,0,0.385273,B
1,0,0.442906,B
1,1,0.621224,B
1,1,0.888070,B
0,0,0.277109,B
1,1,0.880485,B
1,1,0.597771,B
0,0,0.452254,B
0,0,0.497996,B
0,1,0.525546,B
0,0,0.428974,B
0,0,0.472317,B
0,0,0.456741,B
0,0,0.273472,B
1,0,0.487152,B
1,1,0.674768,B
1,1,0.545483,B
1,1,0.610206,B
1,0,0.372518,B
0,1,0.680983,B
1,1,0.627132,B
1,1,0.748369,B
0,0,0.411977,B
0,0,0.097192,B
0,0,0.390307,B
1,1,0.790772,B
1,0,0.414167,B
1,0,0.408474,B
0,1,0.507045,B
1,0,0.361952,B
0,1,0.573890,B
0,0,0.336113,B
0,1,0.728437,B
1,1,0.713702,B
0,0,0.222656,B
0,1,0.799967,B
0,0,0.308893,B
0,1,0.614569,B
1,0,0.492722,B
0,0,0.499516,B
0,0,0.324672,B
1,1,0.720664,B
0,0,0.466651,B
0,0,0.189599,B
1,1,0.775781,B
0,0,0.393425,B
0,0,0.285046,B
1,1,0.883721,B
0,0,0.251929,B
0,0,0.369608,B
1,0,0.299022,B
1,1,0.716330,B
0,1,0.510375,B
1,0,0.232529,B
0,0,0.238464,B
1,1,0.656016,B
1,1,0.734961,B
0,0,0.131690,B
0,0,0.371174,B
1,1,0.816215,B
0,0,0.175208,B
0,0,0.105626,B
1,0,0.495876,B
0,1,0.675725,B
0,1,0.596466,B
0,0,0.278797,B
1,0,0.444408,B
1,0,0.421072,B
0,1,0.551755,B
1,1,0.639674,B
0,0,0.490670,B
1,0,0.498981,B
0,0,0.230636,B
1,1,0.801277,B
1,1,0.618100,B
1,1,0.597748,B
1,1,0.721812,B
0,1,0.522906,B
0,1,0.685259,B
1,1,0.741434,B
1,1,0.670587,B
1,0,0.217336,B
1,1,0.699106,B
1,1,0.541095,B
1,1,0.528126,B
0,0,0.305122,B
0,0,0.277684,B
0,0,0.260210,B
0,1,0.605151,B
0,1,0.650251,B
1,1,0.562352,B
1,1,0.549125,B
1,1,0.531657,B
1,1,0.662911,B
1,1,0.805322,B
0,0,0.300037,B
1,0,0.376018,B
1,1,0.537319,B
0,1,0.530444,B
0,1,0.710662,B
0,1,0.649892,B
1,0,0.269212,B
0,0,0.360932,B
0,0,0.213446,B
0,0,0.350264,B
1,1,0.639481,B
0,1,0.761297,B
0,1,0.743951,B
0,0,0.378162,B
0,0,0.417989,B
0,0,0.496446,B
0,1,0.635117,B
0,1,0.651514,B
0,1,0.591484,B
1,0,0.187874,B
0,0,0.448796,B
1,1,0.670316,B
0,0,0.310807,B
0,1,0.521811,B
1,1,0.658790,B
1,0,0.369142,B
0,0,0.375159,B
0,1,0.704918,B
1,1,0.678683,B
0,0,0.360307,B
0,1,0.645329,B
1,0,0.344962,B
0,0,0.483754,B
1,1,0.626296,B
1,1,0.664933,B
0,0,0.364487,B
1,1,0.664260,B
1,1,0.577155,B
0,1,0.558189,B
0,0,0.202496,B
1,1,0.825261,B
1,1,0.649290,B
1,0,0.484010,B
0,0,0.316676,B
0,0,0.336651,B
0,0,0.373214,B
0,0,0.389168,B
0,0,0.399871,B
1,1,0.874726,B
1,1,0.789219,B
0,0,0.178290,B
0,0,0.305412,B
1,1,0.886695,B
0,0,0.385258,B
0,0,0.203396,B
0,0,0.498493,B
1,1,0.719674,B
0,0,0.370271,B
0,0,0.377825,B
0,0,0.207227,B
0,1,0.566913,B
0,0,0.235286,B
0,0,0.258152,B
1,0,0.212969,B
0,0,0.123706,B
1,1,0.546889,B
1,1,0.704664,B
0,1,0.640148,B
1,0,0.125247,B
0,1,0.693697,B
0,0,0.281088,B
1,1,0.776033,B
0,1,0.642303,B
0,0,0.280053,B
0,1,0.528984,B
0,1,0.762644,B
1,1,0.754035,B
1,0,0.467619,B
0,1,0.628936,B
1,0,0.271290,B
1,1,0.571024,B
0,0,0.488375,B
0,0,0.198402,B
0,0,0.350350,B
0,0,0.415454,B
0,0,0.359097,B
1,1,0.551243,B
0,0,0.409033,B
0,0,0.230870,B
1,1,0.593550,B
1,0,0.223447,B
1,0,0.393976,B
1,1,0.641775,B
1,1,0.633483,B
1,1,0.745314,B
1,1,0.867937,B
0,1,0.811761,B
0,0,0.429310,B
1,1,0.779984,B
1,1,0.798604,B
1,1,0.734197,B
1,1,0.610063,B
0,0,0.305460,B
0,0,0.384960,B
1,1,0.718599,B
1,1,0.644871,B
1,1,0.570996,B
0,0,0.304309,B
0,0,0.459848,B
0,1,0.514025,B
1,0,0.426053,B
0,0,0.211006,B
1,1,0.535567,B
0,0,0.343341,B
0,0,0.432524,B
1,0,0.337354,B
0,0,0.115778,B
0,0,0.463483,B
0,0,0.327721,B
0,0,0.469481,B
0,0,0.258987,B
1,1,0.820096,B
0,0,0.244253,B
1,0,0.444744,B
1,1,0.667944,B
0,0,0.326447,B
0,1,0.539864,B
0,1,0.685595,B
1,1,0.686383,B
0,1,0.555378,B
0,0,0.056912,B
1,0,0.319164,B
1,1,0.652209,B
0,0,0.396969,B
0,1,0.651313,B
1,0,0.085650,B
0,1,0.804822,B
0,1,0.569224,B
0,0,0.176937,B
0,0,0.486132,B
1,1,0.630637,B
1,1,0.859562,B
1,0,0.198069,B
0,1,0.604524,B
1,1,0.713895,B
1,1,0.596411,B
1,1,0.711151,B
1,1,0.626151,B
1,0,0.209186,B
1,0,0.354576,B
0,0,0.354566,B
1,1,0.769802,B
1,1,0.618419,B
1,1,0.883904,B
1,1,0.542606,B
1,1,0.711788,B
0,0,0.353908,B
1,1,0.682009,B
1,0,0.249417,B
0,0,0.112191,B
1,1,0.725333,B
0,0,0.201480,B
0,0,0.412282,B
0,0,0.247637,B
0,0,0.402313,B
1,1,0.909747,B
1,0,0.394746,B
1,1,0.573955,B
0,0,0.058078,B
1,0,0.463314,B
1,1,0.733643,B
0,1,0.760604,B
1,1,0.618014,B
0,0,0.360293,B
0,1,0.730024,B
0,1,0.647265,B
0,0,0.454551,B
0,0,0.249552,B
0,0,0.334971,B
1,1,0.670930,B
1,1,0.543672,B
0,1,0.545190,B
1,0,0.358363,B
0,1,0.628723,B
1,1,0.631385,B
0,0,0.380951,B
0,0,0.409873,B
0,0,0.280637,B
1,0,0.331833,B
0,0,0.339150,B
0,0,0.383261,B
1,1,0.869521,B
1,1,0.535804,B
0,0,0.285490,B
1,1,0.691682,B
1,0,0.356732,B
1,1,0.697716,B
1,0,0.421812,B
1,1,0.864789,B
1,1,0.753575,B
1,1,0.601893,B
0,0,0.355402,B
1,1,0.653340,B
1,1,0.696620,B
1,1,0.754770,B
0,0,0.469747,B
0,1,0.523761,B
0,0,0.128395,B
1,0,0.462121,B
1,1,0.668482,B
1,0,0.431659,B
0,1,0.607465,B
1,1,0.528126,B
1,0,0.354750,B
0,1,0.549436,B
0,1,0.538734,B
0,0,0.236258,B
0,0,0.293787,B
0,0,0.462141,B
0,0,0.063242,B
0,1,0.526514,B
1,1,0.622161,B
1,0,0.464384,B
1,0,0.371488,B
1,0,0.400705,B
1,1,0.753065,B
1,1,0.670267,B
1,1,0.877403,B
1,0,0.403745,B
0,0,0.393319,B
0,0,0.419812,B
1,0,0.322572,B
0,1,0.651407,B
0,0,0.153061,B
0,0,0.446281,B
0,0,0.384742,B
0,0,0.470742,B
1,0,0.487667,B
0,0,0.356630,B
1,1,0.739894,B
1,0,0.370543,B
1,0,0.348405,B
1,1,0.840795,B
